id,file,line,kind,container,name,detail
"Emulated.HW/ND/CPU/NDBUS/NDBusEthernetII.cs:483:class:NDBusEthernetII","Emulated.HW/ND/CPU/NDBUS/NDBusEthernetII.cs",483,"class","","NDBusEthernetII",""
"Emulated.HW/ND/CPU/NDBUS/NDBusEthernetII.cs:485:field:_disposed","Emulated.HW/ND/CPU/NDBUS/NDBusEthernetII.cs",485,"field","NDBusEthernetII","_disposed","bool"
"Emulated.HW/ND/CPU/NDBUS/NDBusEthernetII.cs:486:field:_deviceRam","Emulated.HW/ND/CPU/NDBUS/NDBusEthernetII.cs",486,"field","NDBusEthernetII","_deviceRam","RAM"
"Emulated.HW/ND/CPU/NDBUS/NDBusEthernetII.cs:496:ctor:NDBusEthernetII","Emulated.HW/ND/CPU/NDBUS/NDBusEthernetII.cs",496,"ctor","NDBusEthernetII","NDBusEthernetII","(byte thumbwheel, byte maxunits = 1, ushort memoryBankStrap = 0)"
"Emulated.HW/ND/CPU/NDBUS/NDBusEthernetII.cs:500:case:0","Emulated.HW/ND/CPU/NDBUS/NDBusEthernetII.cs",500,"case","NDBusEthernetII.NDBusEthernetII()","0",""
"Emulated.HW/ND/CPU/NDBUS/NDBusEthernetII.cs:509:case:1","Emulated.HW/ND/CPU/NDBUS/NDBusEthernetII.cs",509,"case","NDBusEthernetII.NDBusEthernetII()","1",""
"Emulated.HW/ND/CPU/NDBUS/NDBusEthernetII.cs:518:case:2","Emulated.HW/ND/CPU/NDBUS/NDBusEthernetII.cs",518,"case","NDBusEthernetII.NDBusEthernetII()","2",""
"Emulated.HW/ND/CPU/NDBUS/NDBusEthernetII.cs:527:case:3","Emulated.HW/ND/CPU/NDBUS/NDBusEthernetII.cs",527,"case","NDBusEthernetII.NDBusEthernetII()","3",""
"Emulated.HW/ND/CPU/NDBUS/NDBusEthernetII.cs:537:case:default","Emulated.HW/ND/CPU/NDBUS/NDBusEthernetII.cs",537,"case","NDBusEthernetII.NDBusEthernetII()","default",""
"Emulated.HW/ND/CPU/NDBUS/NDBusEthernetII.cs:567:localconst:PagesPerCard","Emulated.HW/ND/CPU/NDBUS/NDBusEthernetII.cs",567,"localconst","NDBusEthernetII.NDBusEthernetII()","PagesPerCard","uint 0x100"
"Emulated.HW/ND/CPU/NDBUS/NDBusEthernetII.cs:568:localconst:BankStepPerCard","Emulated.HW/ND/CPU/NDBUS/NDBusEthernetII.cs",568,"localconst","NDBusEthernetII.NDBusEthernetII()","BankStepPerCard","uint 4"
"Emulated.HW/ND/CPU/NDBUS/NDBusEthernetII.cs:569:localconst:BaseBank","Emulated.HW/ND/CPU/NDBUS/NDBusEthernetII.cs",569,"localconst","NDBusEthernetII.NDBusEthernetII()","BaseBank","uint 16"
"Emulated.HW/ND/CPU/NDBUS/NDBusEthernetII.cs:596:field:memoryMap","Emulated.HW/ND/CPU/NDBUS/NDBusEthernetII.cs",596,"field","NDBusEthernetII","memoryMap","NDEthernetMemory"
"Emulated.HW/ND/CPU/NDBUS/NDBusEthernetII.cs:607:field:cpu","Emulated.HW/ND/CPU/NDBUS/NDBusEthernetII.cs",607,"field","NDBusEthernetII","cpu","Cpu68K"
"Emulated.HW/ND/CPU/NDBUS/NDBusEthernetII.cs:612:property:MemoryMap","Emulated.HW/ND/CPU/NDBUS/NDBusEthernetII.cs",612,"property","NDBusEthernetII","MemoryMap","NDEthernetMemory"
"Emulated.HW/ND/CPU/NDBUS/NDBusEthernetII.cs:619:property:Lance","Emulated.HW/ND/CPU/NDBUS/NDBusEthernetII.cs",619,"property","NDBusEthernetII","Lance","Am7990Lance"
"Emulated.HW/ND/CPU/NDBUS/NDBusEthernetII.cs:624:property:CPU","Emulated.HW/ND/CPU/NDBUS/NDBusEthernetII.cs",624,"property","NDBusEthernetII","CPU","Cpu68K"
"Emulated.HW/ND/CPU/NDBUS/NDBusEthernetII.cs:630:property:Is68KRunning","Emulated.HW/ND/CPU/NDBUS/NDBusEthernetII.cs",630,"property","NDBusEthernetII","Is68KRunning","bool"
"Emulated.HW/ND/CPU/NDBUS/NDBusEthernetII.cs:636:property:IsMemoryProbed","Emulated.HW/ND/CPU/NDBUS/NDBusEthernetII.cs",636,"property","NDBusEthernetII","IsMemoryProbed","bool"
"Emulated.HW/ND/CPU/NDBUS/NDBusEthernetII.cs:638:method:InitializeCPU","Emulated.HW/ND/CPU/NDBUS/NDBusEthernetII.cs",638,"method","NDBusEthernetII","InitializeCPU","void (uint ramStart)"
"Emulated.HW/ND/CPU/NDBUS/NDBusEthernetII.cs:685:method:MemoryMap_OnTriggerInterrupt","Emulated.HW/ND/CPU/NDBUS/NDBusEthernetII.cs",685,"method","NDBusEthernetII","MemoryMap_OnTriggerInterrupt","void (byte interruptLevel, bool state)"
"Emulated.HW/ND/CPU/NDBUS/NDBusEthernetII.cs:694:field:_firstBusErrorOccurred","Emulated.HW/ND/CPU/NDBUS/NDBusEthernetII.cs",694,"field","NDBusEthernetII","_firstBusErrorOccurred","bool false"
"Emulated.HW/ND/CPU/NDBUS/NDBusEthernetII.cs:700:method:MemoryMap_OnBusError","Emulated.HW/ND/CPU/NDBUS/NDBusEthernetII.cs",700,"method","NDBusEthernetII","MemoryMap_OnBusError","void (uint address, bool isRead)"
"Emulated.HW/ND/CPU/NDBUS/NDBusEthernetII.cs:714:method:TriggerTestInterrupt","Emulated.HW/ND/CPU/NDBUS/NDBusEthernetII.cs",714,"method","NDBusEthernetII","TriggerTestInterrupt","void (byte plancVector)"
"Emulated.HW/ND/CPU/NDBUS/NDBusEthernetII.cs:720:method:DumpCommunicationBlock","Emulated.HW/ND/CPU/NDBUS/NDBusEthernetII.cs",720,"method","NDBusEthernetII","DumpCommunicationBlock","void ()"
"Emulated.HW/ND/CPU/NDBUS/NDBusEthernetII.cs:742:method:Cpu_OnInterruptAck","Emulated.HW/ND/CPU/NDBUS/NDBusEthernetII.cs",742,"method","NDBusEthernetII","Cpu_OnInterruptAck","void (InterruptAck iack)"
"Emulated.HW/ND/CPU/NDBUS/NDBusEthernetII.cs:748:case:2","Emulated.HW/ND/CPU/NDBUS/NDBusEthernetII.cs",748,"case","NDBusEthernetII.Cpu_OnInterruptAck()","2",""
"Emulated.HW/ND/CPU/NDBUS/NDBusEthernetII.cs:752:case:3","Emulated.HW/ND/CPU/NDBUS/NDBusEthernetII.cs",752,"case","NDBusEthernetII.Cpu_OnInterruptAck()","3",""
"Emulated.HW/ND/CPU/NDBUS/NDBusEthernetII.cs:756:case:4","Emulated.HW/ND/CPU/NDBUS/NDBusEthernetII.cs",756,"case","NDBusEthernetII.Cpu_OnInterruptAck()","4",""
"Emulated.HW/ND/CPU/NDBUS/NDBusEthernetII.cs:760:case:5","Emulated.HW/ND/CPU/NDBUS/NDBusEthernetII.cs",760,"case","NDBusEthernetII.Cpu_OnInterruptAck()","5",""
"Emulated.HW/ND/CPU/NDBUS/NDBusEthernetII.cs:764:case:6","Emulated.HW/ND/CPU/NDBUS/NDBusEthernetII.cs",764,"case","NDBusEthernetII.Cpu_OnInterruptAck()","6",""
"Emulated.HW/ND/CPU/NDBUS/NDBusEthernetII.cs:768:case:7","Emulated.HW/ND/CPU/NDBUS/NDBusEthernetII.cs",768,"case","NDBusEthernetII.Cpu_OnInterruptAck()","7",""
"Emulated.HW/ND/CPU/NDBUS/NDBusEthernetII.cs:772:case:default","Emulated.HW/ND/CPU/NDBUS/NDBusEthernetII.cs",772,"case","NDBusEthernetII.Cpu_OnInterruptAck()","default",""
"Emulated.HW/ND/CPU/NDBUS/NDBusEthernetII.cs:783:method:HandleMFPInterruptAck","Emulated.HW/ND/CPU/NDBUS/NDBusEthernetII.cs",783,"method","NDBusEthernetII","HandleMFPInterruptAck","void (InterruptAck iack)"
"Emulated.HW/ND/CPU/NDBUS/NDBusEthernetII.cs:813:method:LogMFPVectorType","Emulated.HW/ND/CPU/NDBUS/NDBusEthernetII.cs",813,"method","NDBusEthernetII","LogMFPVectorType","void (byte vector)"
"Emulated.HW/ND/CPU/NDBUS/NDBusEthernetII.cs:817:case:117","Emulated.HW/ND/CPU/NDBUS/NDBusEthernetII.cs",817,"case","NDBusEthernetII.LogMFPVectorType()","117",""
"Emulated.HW/ND/CPU/NDBUS/NDBusEthernetII.cs:818:case:116","Emulated.HW/ND/CPU/NDBUS/NDBusEthernetII.cs",818,"case","NDBusEthernetII.LogMFPVectorType()","116",""
"Emulated.HW/ND/CPU/NDBUS/NDBusEthernetII.cs:819:case:114","Emulated.HW/ND/CPU/NDBUS/NDBusEthernetII.cs",819,"case","NDBusEthernetII.LogMFPVectorType()","114",""
"Emulated.HW/ND/CPU/NDBUS/NDBusEthernetII.cs:820:case:113","Emulated.HW/ND/CPU/NDBUS/NDBusEthernetII.cs",820,"case","NDBusEthernetII.LogMFPVectorType()","113",""
"Emulated.HW/ND/CPU/NDBUS/NDBusEthernetII.cs:821:case:112","Emulated.HW/ND/CPU/NDBUS/NDBusEthernetII.cs",821,"case","NDBusEthernetII.LogMFPVectorType()","112",""
"Emulated.HW/ND/CPU/NDBUS/NDBusEthernetII.cs:822:case:111","Emulated.HW/ND/CPU/NDBUS/NDBusEthernetII.cs",822,"case","NDBusEthernetII.LogMFPVectorType()","111",""
"Emulated.HW/ND/CPU/NDBUS/NDBusEthernetII.cs:823:case:107","Emulated.HW/ND/CPU/NDBUS/NDBusEthernetII.cs",823,"case","NDBusEthernetII.LogMFPVectorType()","107",""
"Emulated.HW/ND/CPU/NDBUS/NDBusEthernetII.cs:824:case:105","Emulated.HW/ND/CPU/NDBUS/NDBusEthernetII.cs",824,"case","NDBusEthernetII.LogMFPVectorType()","105",""
"Emulated.HW/ND/CPU/NDBUS/NDBusEthernetII.cs:825:case:default","Emulated.HW/ND/CPU/NDBUS/NDBusEthernetII.cs",825,"case","NDBusEthernetII.LogMFPVectorType()","default",""
"Emulated.HW/ND/CPU/NDBUS/NDBusEthernetII.cs:838:method:HandleLANCEInterruptAck","Emulated.HW/ND/CPU/NDBUS/NDBusEthernetII.cs",838,"method","NDBusEthernetII","HandleLANCEInterruptAck","void (InterruptAck iack)"
"Emulated.HW/ND/CPU/NDBUS/NDBusEthernetII.cs:887:method:HandleConsoleInterruptAck","Emulated.HW/ND/CPU/NDBUS/NDBusEthernetII.cs",887,"method","NDBusEthernetII","HandleConsoleInterruptAck","void (InterruptAck iack)"
"Emulated.HW/ND/CPU/NDBUS/NDBusEthernetII.cs:899:method:HandleParityErrorInterruptAck","Emulated.HW/ND/CPU/NDBUS/NDBusEthernetII.cs",899,"method","NDBusEthernetII","HandleParityErrorInterruptAck","void (InterruptAck iack)"
"Emulated.HW/ND/CPU/NDBUS/NDBusEthernetII.cs:923:method:HandleOPCOMInterruptAck","Emulated.HW/ND/CPU/NDBUS/NDBusEthernetII.cs",923,"method","NDBusEthernetII","HandleOPCOMInterruptAck","void (InterruptAck iack)"
"Emulated.HW/ND/CPU/NDBUS/NDBusEthernetII.cs:946:method:HandlePowerFailureInterruptAck","Emulated.HW/ND/CPU/NDBUS/NDBusEthernetII.cs",946,"method","NDBusEthernetII","HandlePowerFailureInterruptAck","void (InterruptAck iack)"
"Emulated.HW/ND/CPU/NDBUS/NDBusEthernetII.cs:962:method:TriggerMFPVector","Emulated.HW/ND/CPU/NDBUS/NDBusEthernetII.cs",962,"method","NDBusEthernetII","TriggerMFPVector","void (byte vector)"
"Emulated.HW/ND/CPU/NDBUS/NDBusEthernetII.cs:966:case:117","Emulated.HW/ND/CPU/NDBUS/NDBusEthernetII.cs",966,"case","NDBusEthernetII.TriggerMFPVector()","117",""
"Emulated.HW/ND/CPU/NDBUS/NDBusEthernetII.cs:970:case:116","Emulated.HW/ND/CPU/NDBUS/NDBusEthernetII.cs",970,"case","NDBusEthernetII.TriggerMFPVector()","116",""
"Emulated.HW/ND/CPU/NDBUS/NDBusEthernetII.cs:974:case:114","Emulated.HW/ND/CPU/NDBUS/NDBusEthernetII.cs",974,"case","NDBusEthernetII.TriggerMFPVector()","114",""
"Emulated.HW/ND/CPU/NDBUS/NDBusEthernetII.cs:977:case:113","Emulated.HW/ND/CPU/NDBUS/NDBusEthernetII.cs",977,"case","NDBusEthernetII.TriggerMFPVector()","113",""
"Emulated.HW/ND/CPU/NDBUS/NDBusEthernetII.cs:980:case:112","Emulated.HW/ND/CPU/NDBUS/NDBusEthernetII.cs",980,"case","NDBusEthernetII.TriggerMFPVector()","112",""
"Emulated.HW/ND/CPU/NDBUS/NDBusEthernetII.cs:983:case:111","Emulated.HW/ND/CPU/NDBUS/NDBusEthernetII.cs",983,"case","NDBusEthernetII.TriggerMFPVector()","111",""
"Emulated.HW/ND/CPU/NDBUS/NDBusEthernetII.cs:986:case:107","Emulated.HW/ND/CPU/NDBUS/NDBusEthernetII.cs",986,"case","NDBusEthernetII.TriggerMFPVector()","107",""
"Emulated.HW/ND/CPU/NDBUS/NDBusEthernetII.cs:990:case:105","Emulated.HW/ND/CPU/NDBUS/NDBusEthernetII.cs",990,"case","NDBusEthernetII.TriggerMFPVector()","105",""
"Emulated.HW/ND/CPU/NDBUS/NDBusEthernetII.cs:1000:method:MemoryMap_OnNDInterrupt","Emulated.HW/ND/CPU/NDBUS/NDBusEthernetII.cs",1000,"method","NDBusEthernetII","MemoryMap_OnNDInterrupt","void ()"
"Emulated.HW/ND/CPU/NDBUS/NDBusEthernetII.cs:1030:field:_internalInterruptInfo","Emulated.HW/ND/CPU/NDBUS/NDBusEthernetII.cs",1030,"field","NDBusEthernetII","_internalInterruptInfo","InterruptInfo new InterruptInfo()"
"Emulated.HW/ND/CPU/NDBUS/NDBusEthernetII.cs:1044:const:CPU68K_CYCLES_PER_ND100_TICK","Emulated.HW/ND/CPU/NDBUS/NDBusEthernetII.cs",1044,"const","NDBusEthernetII","CPU68K_CYCLES_PER_ND100_TICK","int 1"
"Emulated.HW/ND/CPU/NDBUS/NDBusEthernetII.cs:1046:method:Clock","Emulated.HW/ND/CPU/NDBUS/NDBusEthernetII.cs",1046,"method","NDBusEthernetII","Clock","void ()"
"Emulated.HW/ND/CPU/NDBUS/NDBusEthernetII.cs:1105:field:_rxInjected","Emulated.HW/ND/CPU/NDBUS/NDBusEthernetII.cs",1105,"field","NDBusEthernetII","_rxInjected","bool"
"Emulated.HW/ND/CPU/NDBUS/NDBusEthernetII.cs:1125:field:RxInjectEnabled","Emulated.HW/ND/CPU/NDBUS/NDBusEthernetII.cs",1125,"field","NDBusEthernetII","RxInjectEnabled","bool LegacyEnvFallback.GetFlag(""ETHII_RX_INJECT"", ""ethii_rx_inject"") ?? false"
"Emulated.HW/ND/CPU/NDBUS/NDBusEthernetII.cs:1132:property:RxInjectDiagnosticEnabled","Emulated.HW/ND/CPU/NDBUS/NDBusEthernetII.cs",1132,"property","NDBusEthernetII","RxInjectDiagnosticEnabled","bool"
"Emulated.HW/ND/CPU/NDBUS/NDBusEthernetII.cs:1142:field:_lastWatchPc","Emulated.HW/ND/CPU/NDBUS/NDBusEthernetII.cs",1142,"field","NDBusEthernetII","_lastWatchPc","uint 0xFFFFFFFF"
"Emulated.HW/ND/CPU/NDBUS/NDBusEthernetII.cs:1143:field:_pcWatch","Emulated.HW/ND/CPU/NDBUS/NDBusEthernetII.cs",1143,"field","NDBusEthernetII","_pcWatch","uint[] { 0x1B00, // OPCOM subfunction handler (ND->68K) 0x250E, // nd_host_interrupt_handler (scans ND channel flags 0x0B56 on a kick) 0x5C42, // RCVCOMPLETE (LANCE RX complete) 0xBED8, // XMRECEIVER 0xBFF8, // shared message-delivery primitive (the ONLY path to the superkick producer) 0xC2CC, // jsr 0xEAA6 site 0xEAA6, // superkick producer entry 0xEACC, // superkick ring write + SCIP 0xEF0180 // ---- RX-FORWARD DECISION (RCVCOMPLETE 0x5C42 tail @0x601A) ---- // Byte-verified: after RCVCOMPLETE processes the descriptor it reaches the branch at // 0x601A `tst.l $18(a6); beq 0x6034`. $18(a6) is the message buffer RCVCOMPLETE built. // * $18(a6) != 0 -> 0x6020: jsr 0x134E6 = ENQUEUE message to the ND-100 ready-ring // ($188D6) and signal (this is the ONLY path that leads to a SCIP/ // superkick to the ND-100) => the frame reaches XMSG. = DELIVERED. // * $18(a6) == 0 -> 0x6034: bsr 0x5B60 (RCVRINGAPP, re-append the RX buffer) + `jmp // (a5)` yield, with NO 0x134E6 call, NO SCIP. = DISCARDED. // $18(a6) is cleared (frame discarded) by ANY of the three gates in RCVCOMPLETE: // 0x5DF6 `beq 0x5EF4` gate1: dst-MAC recheck vs card MAC ($1885E) ($38(a6)==0) // 0x5DFE `beq 0x5EF4` gate2: frame is NOT IEEE-802.3 length-framed ($36(a6)==0) // (COSMOS is 802.3: bytes 12-13 = payload LENGTH, not a DIX // EtherType; a 0x0800/0x0806 typed frame is dropped here) // 0x5E0A `beq 0x5EF4` / 0x5E18 `beq 0x5ECA` gate3: NO free XMSG receive buffer in // the pool at $188C6 (+0 count word / +4 free-list head). // Watching both branch targets pins EXACTLY which happens for a given inbound frame. 0x6020, // RX DELIVERED (jsr 0x134E6 -> ND-100 ready-ring + SCIP) 0x6034, // RX DISCARDED (re-append RX buffer, yield, NO SCIP to ND-100) // ---- RX NO-BUFFER DISCARD (firmware RE 2026-07-24, ENNS0-RXPOOL-PRODUCER doc) ---- // Ground truth from the 68K firmware: the rx pool at $188C6 is NOT pre-filled by // firmware init (rxpool_init @0x5512 zeroes it). It is ENABLED by a host command // (count:=1 @0x67DA) and FILLED only by the host POST-BUFFER command (opcode 0x12 // @0x6CEE -> PLANC_APPD 0x134E6 pushes onto freehead $188CA). So gate3's count!=0 // test can PASS (enabled) while freehead is STILL NULL (host posted no buffer). In // that case RCVCOMPLETE branches 0x5E18 -> 0x5ECA: bump the miss counter and DISCARD // with NO SCIP. This is a DIFFERENT drop than the generic 0x6034, and it is the exact // ""enabled-but-starved"" failure mode to look for on a node that receives but never // forwards. Watching 0x5ECA distinguishes ""host never posted a receive buffer"" from // ""wrong MAC / not 802.3"". 0x5ECA, // RX NO-BUFFER DISCARD (pool enabled, freehead null) - host posted no rx buffer // ---- RX-POOL HOST-COMMAND HANDLERS (COSMOS-ETHERNET-LINK-CONTROL-FRAMES-2026-08-03 §2g) ---- // The pool is HOST-fed: 0x67DA is the ENABLE command handler (idempotent - re-enable with // the same parameter is OK, a different one returns -17 and changes nothing), and 0x6CEE is // the POST-BUFFER handler for host command opcode 0x12 - the ONLY code that ever pushes a // node back onto rxpool_freehead ($188CA, at 0x6CFE inside it). Watching these answers the // open question from ND_EthernetII_LINK_FRAMES_AND_RXPOOL_HANDOFF_2026-08-04 §5.2: does the // 0x12 command reach the firmware at all, and does SINTRAN keep posting or stop? If 0x5ECA // fires while 0x6CEE has gone quiet, the host stopped replenishing; if 0x6CEE NEVER fires, // the command is being lost on the way in (our transport bug). 0x67DA, // RX-POOL ENABLE handler (host command; sets $188C6 count:=1 + parameter word) 0x6CEE, // POST-BUFFER handler (host opcode 0x12; pushes a node onto freehead $188CA) // ---- RX GATE PROGRESS (firmware dis 0x5D60..0x5E1C, verified 2026-07-24) ---- // The three RCVCOMPLETE gates are sequential fall-throughs: // 0x5DF6 beq 0x5EF4 gate1: frame dst MAC (frame+0x30) must equal the firmware // station MAC at 0x1885E (unicast) OR promiscuous 0x18888!=0. // 0x5DFA (reached only if gate1 PASSED) tst $36 -> gate2 (802.3 length-framed). // 0x5E02 (reached only if gate2 PASSED) -> gate3 (pool count / freehead). // 0x5EF4 common gate-FAIL convergence (gate1/gate2/gate3-count all land here). // Watching the fall-through PCs pins EXACTLY how far a frame got before it died. 0x5DFA, // gate1 PASSED (dst MAC matched 0x1885E) -> now testing gate2 0x5E02, // gate2 PASSED (802.3) -> now testing gate3 (pool) 0x5EF4, // a gate FAILED -> discard (which one = one past the last ""PASSED"" line) // ---- RESET_ENTRY / PRKEY-PUBLISH window (PRKEY_INVESTIGATION_PROMPT_2026-07-27 §4.2) ---- // The RE agent's execution breakpoints for the cold-start publication path. Watching // these pins EXACTLY which branch reset_entry takes and whether the publisher completes, // so the ""did the firmware publish PRKEY?"" question is answered from the PC trace alone. // reset_entry(0x1CFE): cmpi.l #0x55555555,(0x04BA) / bne cold. Warm branch -> 0x1D58 area. 0x1CFE, // reset_entry taken (68K left reset) 0x1D26, // about to test the warm-restart signature (0x04BA) 0x1D58, // COLD-branch target: bne TAKEN (0x04BA != 0x55555555) -> cold start (leads to publisher) 0x1D9C, // COLD path started (leads to the publisher) 0x1DA0, // jsr 0x1AD4 returned 0x1DA6, // about to jsr 0x1C6A (the datafield-table + PRKEY publisher) 0x1C6A, // publisher ENTERED 0x1CF4, // publisher reached the PRKEY store (move.w #0x5473,(0x0404)) 0x1DAA, // PRKEY written OK -> clr warm sig (cold start succeeded) 0x1DB0, // STARTED := 1 (0x04C0) 0x1DBC, // monitor reply := 3 (0x040C) cold-start-done }"
"Emulated.HW/ND/CPU/NDBUS/NDBusEthernetII.cs:1226:method:ResetPcLabel","Emulated.HW/ND/CPU/NDBUS/NDBusEthernetII.cs",1226,"method","NDBusEthernetII","ResetPcLabel","string (uint pc)"
"Emulated.HW/ND/CPU/NDBUS/NDBusEthernetII.cs:1230:case:0x1CFE","Emulated.HW/ND/CPU/NDBUS/NDBusEthernetII.cs",1230,"case","NDBusEthernetII.ResetPcLabel()","0x1CFE",""
"Emulated.HW/ND/CPU/NDBUS/NDBusEthernetII.cs:1231:case:0x1D26","Emulated.HW/ND/CPU/NDBUS/NDBusEthernetII.cs",1231,"case","NDBusEthernetII.ResetPcLabel()","0x1D26",""
"Emulated.HW/ND/CPU/NDBUS/NDBusEthernetII.cs:1232:case:0x1D58","Emulated.HW/ND/CPU/NDBUS/NDBusEthernetII.cs",1232,"case","NDBusEthernetII.ResetPcLabel()","0x1D58",""
"Emulated.HW/ND/CPU/NDBUS/NDBusEthernetII.cs:1233:case:0x1D9C","Emulated.HW/ND/CPU/NDBUS/NDBusEthernetII.cs",1233,"case","NDBusEthernetII.ResetPcLabel()","0x1D9C",""
"Emulated.HW/ND/CPU/NDBUS/NDBusEthernetII.cs:1234:case:0x1DA0","Emulated.HW/ND/CPU/NDBUS/NDBusEthernetII.cs",1234,"case","NDBusEthernetII.ResetPcLabel()","0x1DA0",""
"Emulated.HW/ND/CPU/NDBUS/NDBusEthernetII.cs:1235:case:0x1DA6","Emulated.HW/ND/CPU/NDBUS/NDBusEthernetII.cs",1235,"case","NDBusEthernetII.ResetPcLabel()","0x1DA6",""
"Emulated.HW/ND/CPU/NDBUS/NDBusEthernetII.cs:1236:case:0x1C6A","Emulated.HW/ND/CPU/NDBUS/NDBusEthernetII.cs",1236,"case","NDBusEthernetII.ResetPcLabel()","0x1C6A",""
"Emulated.HW/ND/CPU/NDBUS/NDBusEthernetII.cs:1237:case:0x1CF4","Emulated.HW/ND/CPU/NDBUS/NDBusEthernetII.cs",1237,"case","NDBusEthernetII.ResetPcLabel()","0x1CF4",""
"Emulated.HW/ND/CPU/NDBUS/NDBusEthernetII.cs:1238:case:0x1DAA","Emulated.HW/ND/CPU/NDBUS/NDBusEthernetII.cs",1238,"case","NDBusEthernetII.ResetPcLabel()","0x1DAA",""
"Emulated.HW/ND/CPU/NDBUS/NDBusEthernetII.cs:1239:case:0x1DB0","Emulated.HW/ND/CPU/NDBUS/NDBusEthernetII.cs",1239,"case","NDBusEthernetII.ResetPcLabel()","0x1DB0",""
"Emulated.HW/ND/CPU/NDBUS/NDBusEthernetII.cs:1240:case:0x1DBC","Emulated.HW/ND/CPU/NDBUS/NDBusEthernetII.cs",1240,"case","NDBusEthernetII.ResetPcLabel()","0x1DBC",""
"Emulated.HW/ND/CPU/NDBUS/NDBusEthernetII.cs:1241:case:default","Emulated.HW/ND/CPU/NDBUS/NDBusEthernetII.cs",1241,"case","NDBusEthernetII.ResetPcLabel()","default",""
"Emulated.HW/ND/CPU/NDBUS/NDBusEthernetII.cs:1247:field:_tick","Emulated.HW/ND/CPU/NDBUS/NDBusEthernetII.cs",1247,"field","NDBusEthernetII","_tick","long"
"Emulated.HW/ND/CPU/NDBUS/NDBusEthernetII.cs:1248:field:_lastSampledPc","Emulated.HW/ND/CPU/NDBUS/NDBusEthernetII.cs",1248,"field","NDBusEthernetII","_lastSampledPc","uint 0xFFFFFFFF"
"Emulated.HW/ND/CPU/NDBUS/NDBusEthernetII.cs:1249:field:_sampleCount","Emulated.HW/ND/CPU/NDBUS/NDBusEthernetII.cs",1249,"field","NDBusEthernetII","_sampleCount","int"
"Emulated.HW/ND/CPU/NDBUS/NDBusEthernetII.cs:1254:method:RawDramWord","Emulated.HW/ND/CPU/NDBUS/NDBusEthernetII.cs",1254,"method","NDBusEthernetII","RawDramWord","ushort (uint addr)"
"Emulated.HW/ND/CPU/NDBUS/NDBusEthernetII.cs:1259:method:Watch68KPc","Emulated.HW/ND/CPU/NDBUS/NDBusEthernetII.cs",1259,"method","NDBusEthernetII","Watch68KPc","void ()"
"Emulated.HW/ND/CPU/NDBUS/NDBusEthernetII.cs:1385:field:_opcomRegionHits","Emulated.HW/ND/CPU/NDBUS/NDBusEthernetII.cs",1385,"field","NDBusEthernetII","_opcomRegionHits","int"
"Emulated.HW/ND/CPU/NDBUS/NDBusEthernetII.cs:1389:field:_postBufferCount","Emulated.HW/ND/CPU/NDBUS/NDBusEthernetII.cs",1389,"field","NDBusEthernetII","_postBufferCount","int"
"Emulated.HW/ND/CPU/NDBUS/NDBusEthernetII.cs:1391:method:DumpRamToFile","Emulated.HW/ND/CPU/NDBUS/NDBusEthernetII.cs",1391,"method","NDBusEthernetII","DumpRamToFile","void ()"
"Emulated.HW/ND/CPU/NDBUS/NDBusEthernetII.cs:1430:method:LogResetVector","Emulated.HW/ND/CPU/NDBUS/NDBusEthernetII.cs",1430,"method","NDBusEthernetII","LogResetVector","void ()"
"Emulated.HW/ND/CPU/NDBUS/NDBusEthernetII.cs:1467:method:Reset","Emulated.HW/ND/CPU/NDBUS/NDBusEthernetII.cs",1467,"method","NDBusEthernetII","Reset","void ()"
"Emulated.HW/ND/CPU/NDBUS/NDBusEthernetII.cs:1490:field:interruptEnabled","Emulated.HW/ND/CPU/NDBUS/NDBusEthernetII.cs",1490,"field","NDBusEthernetII","interruptEnabled","bool false"
"Emulated.HW/ND/CPU/NDBUS/NDBusEthernetII.cs:1502:field:scipPending","Emulated.HW/ND/CPU/NDBUS/NDBusEthernetII.cs",1502,"field","NDBusEthernetII","scipPending","bool false"
"Emulated.HW/ND/CPU/NDBUS/NDBusEthernetII.cs:1507:field:_lastStatusLogged","Emulated.HW/ND/CPU/NDBUS/NDBusEthernetII.cs",1507,"field","NDBusEthernetII","_lastStatusLogged","int -1"
"Emulated.HW/ND/CPU/NDBUS/NDBusEthernetII.cs:1508:field:_lastControlLogged","Emulated.HW/ND/CPU/NDBUS/NDBusEthernetII.cs",1508,"field","NDBusEthernetII","_lastControlLogged","int -1"
"Emulated.HW/ND/CPU/NDBUS/NDBusEthernetII.cs:1518:field:_bit2Seq","Emulated.HW/ND/CPU/NDBUS/NDBusEthernetII.cs",1518,"field","NDBusEthernetII","_bit2Seq","int 0"
"Emulated.HW/ND/CPU/NDBUS/NDBusEthernetII.cs:1519:field:_bit2ZeroActive","Emulated.HW/ND/CPU/NDBUS/NDBusEthernetII.cs",1519,"field","NDBusEthernetII","_bit2ZeroActive","bool false"
"Emulated.HW/ND/CPU/NDBUS/NDBusEthernetII.cs:1520:field:_bit2ZeroRun","Emulated.HW/ND/CPU/NDBUS/NDBusEthernetII.cs",1520,"field","NDBusEthernetII","_bit2ZeroRun","int 0"
"Emulated.HW/ND/CPU/NDBUS/NDBusEthernetII.cs:1523:method:Bit2FlushZeroRun","Emulated.HW/ND/CPU/NDBUS/NDBusEthernetII.cs",1523,"method","NDBusEthernetII","Bit2FlushZeroRun","void ()"
"Emulated.HW/ND/CPU/NDBUS/NDBusEthernetII.cs:1537:field:ND_interrupt","Emulated.HW/ND/CPU/NDBUS/NDBusEthernetII.cs",1537,"field","NDBusEthernetII","ND_interrupt","bool false"
"Emulated.HW/ND/CPU/NDBUS/NDBusEthernetII.cs:1538:field:previousND_interrupt","Emulated.HW/ND/CPU/NDBUS/NDBusEthernetII.cs",1538,"field","NDBusEthernetII","previousND_interrupt","bool false"
"Emulated.HW/ND/CPU/NDBUS/NDBusEthernetII.cs:1540:field:startOpcom","Emulated.HW/ND/CPU/NDBUS/NDBusEthernetII.cs",1540,"field","NDBusEthernetII","startOpcom","bool false"
"Emulated.HW/ND/CPU/NDBUS/NDBusEthernetII.cs:1541:field:previousStartOpcom","Emulated.HW/ND/CPU/NDBUS/NDBusEthernetII.cs",1541,"field","NDBusEthernetII","previousStartOpcom","bool false"
"Emulated.HW/ND/CPU/NDBUS/NDBusEthernetII.cs:1542:field:reset","Emulated.HW/ND/CPU/NDBUS/NDBusEthernetII.cs",1542,"field","NDBusEthernetII","reset","bool true"
"Emulated.HW/ND/CPU/NDBUS/NDBusEthernetII.cs:1543:field:previousReset","Emulated.HW/ND/CPU/NDBUS/NDBusEthernetII.cs",1543,"field","NDBusEthernetII","previousReset","bool true"
"Emulated.HW/ND/CPU/NDBUS/NDBusEthernetII.cs:1544:field:halt","Emulated.HW/ND/CPU/NDBUS/NDBusEthernetII.cs",1544,"field","NDBusEthernetII","halt","bool true"
"Emulated.HW/ND/CPU/NDBUS/NDBusEthernetII.cs:1545:field:powerLow","Emulated.HW/ND/CPU/NDBUS/NDBusEthernetII.cs",1545,"field","NDBusEthernetII","powerLow","bool false"
"Emulated.HW/ND/CPU/NDBUS/NDBusEthernetII.cs:1546:field:previousPowerLow","Emulated.HW/ND/CPU/NDBUS/NDBusEthernetII.cs",1546,"field","NDBusEthernetII","previousPowerLow","bool false"
"Emulated.HW/ND/CPU/NDBUS/NDBusEthernetII.cs:1547:field:disableCheckBit","Emulated.HW/ND/CPU/NDBUS/NDBusEthernetII.cs",1547,"field","NDBusEthernetII","disableCheckBit","bool false"
"Emulated.HW/ND/CPU/NDBUS/NDBusEthernetII.cs:1550:field:memoryBank","Emulated.HW/ND/CPU/NDBUS/NDBusEthernetII.cs",1550,"field","NDBusEthernetII","memoryBank","ushort"
"Emulated.HW/ND/CPU/NDBUS/NDBusEthernetII.cs:1555:method:Read","Emulated.HW/ND/CPU/NDBUS/NDBusEthernetII.cs",1555,"method","NDBusEthernetII","Read","ushort (int address)"
"Emulated.HW/ND/CPU/NDBUS/NDBusEthernetII.cs:1562:case:Register.ReadDataRegister","Emulated.HW/ND/CPU/NDBUS/NDBusEthernetII.cs",1562,"case","NDBusEthernetII.Read()","Register.ReadDataRegister",""
"Emulated.HW/ND/CPU/NDBUS/NDBusEthernetII.cs:1572:case:Register.ReadStatusRegister","Emulated.HW/ND/CPU/NDBUS/NDBusEthernetII.cs",1572,"case","NDBusEthernetII.Read()","Register.ReadStatusRegister",""
"Emulated.HW/ND/CPU/NDBUS/NDBusEthernetII.cs:1654:method:Write","Emulated.HW/ND/CPU/NDBUS/NDBusEthernetII.cs",1654,"method","NDBusEthernetII","Write","void (int address, ushort value)"
"Emulated.HW/ND/CPU/NDBUS/NDBusEthernetII.cs:1663:case:Register.WriteDataBuffer","Emulated.HW/ND/CPU/NDBUS/NDBusEthernetII.cs",1663,"case","NDBusEthernetII.Write()","Register.WriteDataBuffer",""
"Emulated.HW/ND/CPU/NDBUS/NDBusEthernetII.cs:1667:case:Register.WriteControlWord","Emulated.HW/ND/CPU/NDBUS/NDBusEthernetII.cs",1667,"case","NDBusEthernetII.Write()","Register.WriteControlWord",""
"Emulated.HW/ND/CPU/NDBUS/NDBusEthernetII.cs:1881:field:_netBackend","Emulated.HW/ND/CPU/NDBUS/NDBusEthernetII.cs",1881,"field","NDBusEthernetII","_netBackend","Emulated.HW.Common.Network.IEthernetBackend?"
"Emulated.HW/ND/CPU/NDBUS/NDBusEthernetII.cs:1891:property:RepairOffloadedChecksums","Emulated.HW/ND/CPU/NDBUS/NDBusEthernetII.cs",1891,"property","NDBusEthernetII","RepairOffloadedChecksums","bool"
"Emulated.HW/ND/CPU/NDBUS/NDBusEthernetII.cs:1897:field:_repairOffloadedChecksums","Emulated.HW/ND/CPU/NDBUS/NDBusEthernetII.cs",1897,"field","NDBusEthernetII","_repairOffloadedChecksums","bool true"
"Emulated.HW/ND/CPU/NDBUS/NDBusEthernetII.cs:1902:const:MinEthernetFrameBytes","Emulated.HW/ND/CPU/NDBUS/NDBusEthernetII.cs",1902,"const","NDBusEthernetII","MinEthernetFrameBytes","int 60"
"Emulated.HW/ND/CPU/NDBUS/NDBusEthernetII.cs:1906:property:RuntFramesPadded","Emulated.HW/ND/CPU/NDBUS/NDBusEthernetII.cs",1906,"property","NDBusEthernetII","RuntFramesPadded","long"
"Emulated.HW/ND/CPU/NDBUS/NDBusEthernetII.cs:1911:field:_runtPad","Emulated.HW/ND/CPU/NDBUS/NDBusEthernetII.cs",1911,"field","NDBusEthernetII","_runtPad","byte[] new byte[MinEthernetFrameBytes]"
"Emulated.HW/ND/CPU/NDBUS/NDBusEthernetII.cs:1916:field:_txPackets","Emulated.HW/ND/CPU/NDBUS/NDBusEthernetII.cs",1916,"field","NDBusEthernetII","_txPackets","long"
"Emulated.HW/ND/CPU/NDBUS/NDBusEthernetII.cs:1917:field:_txBytes","Emulated.HW/ND/CPU/NDBUS/NDBusEthernetII.cs",1917,"field","NDBusEthernetII","_txBytes","long"
"Emulated.HW/ND/CPU/NDBUS/NDBusEthernetII.cs:1918:field:_rxPackets","Emulated.HW/ND/CPU/NDBUS/NDBusEthernetII.cs",1918,"field","NDBusEthernetII","_rxPackets","long"
"Emulated.HW/ND/CPU/NDBUS/NDBusEthernetII.cs:1919:field:_rxBytes","Emulated.HW/ND/CPU/NDBUS/NDBusEthernetII.cs",1919,"field","NDBusEthernetII","_rxBytes","long"
"Emulated.HW/ND/CPU/NDBUS/NDBusEthernetII.cs:1922:property:TxPackets","Emulated.HW/ND/CPU/NDBUS/NDBusEthernetII.cs",1922,"property","NDBusEthernetII","TxPackets","long"
"Emulated.HW/ND/CPU/NDBUS/NDBusEthernetII.cs:1924:property:TxBytes","Emulated.HW/ND/CPU/NDBUS/NDBusEthernetII.cs",1924,"property","NDBusEthernetII","TxBytes","long"
"Emulated.HW/ND/CPU/NDBUS/NDBusEthernetII.cs:1926:property:RxPackets","Emulated.HW/ND/CPU/NDBUS/NDBusEthernetII.cs",1926,"property","NDBusEthernetII","RxPackets","long"
"Emulated.HW/ND/CPU/NDBUS/NDBusEthernetII.cs:1928:property:RxBytes","Emulated.HW/ND/CPU/NDBUS/NDBusEthernetII.cs",1928,"property","NDBusEthernetII","RxBytes","long"
"Emulated.HW/ND/CPU/NDBUS/NDBusEthernetII.cs:1933:field:_frameLogLock","Emulated.HW/ND/CPU/NDBUS/NDBusEthernetII.cs",1933,"field","NDBusEthernetII","_frameLogLock","object new object()"
"Emulated.HW/ND/CPU/NDBUS/NDBusEthernetII.cs:1934:field:_frameLog","Emulated.HW/ND/CPU/NDBUS/NDBusEthernetII.cs",1934,"field","NDBusEthernetII","_frameLog","FrameLogEntry[] new FrameLogEntry[512]"
"Emulated.HW/ND/CPU/NDBUS/NDBusEthernetII.cs:1935:field:_frameLogPos","Emulated.HW/ND/CPU/NDBUS/NDBusEthernetII.cs",1935,"field","NDBusEthernetII","_frameLogPos","int"
"Emulated.HW/ND/CPU/NDBUS/NDBusEthernetII.cs:1936:field:_frameSeqCounter","Emulated.HW/ND/CPU/NDBUS/NDBusEthernetII.cs",1936,"field","NDBusEthernetII","_frameSeqCounter","long"
"Emulated.HW/ND/CPU/NDBUS/NDBusEthernetII.cs:1938:struct:FrameLogEntry","Emulated.HW/ND/CPU/NDBUS/NDBusEthernetII.cs",1938,"struct","NDBusEthernetII","FrameLogEntry",""
"Emulated.HW/ND/CPU/NDBUS/NDBusEthernetII.cs:1940:field:IsTx","Emulated.HW/ND/CPU/NDBUS/NDBusEthernetII.cs",1940,"field","NDBusEthernetII.FrameLogEntry","IsTx","bool"
"Emulated.HW/ND/CPU/NDBUS/NDBusEthernetII.cs:1941:field:Seq","Emulated.HW/ND/CPU/NDBUS/NDBusEthernetII.cs",1941,"field","NDBusEthernetII.FrameLogEntry","Seq","long"
"Emulated.HW/ND/CPU/NDBUS/NDBusEthernetII.cs:1942:field:Bytes","Emulated.HW/ND/CPU/NDBUS/NDBusEthernetII.cs",1942,"field","NDBusEthernetII.FrameLogEntry","Bytes","byte[]"
"Emulated.HW/ND/CPU/NDBUS/NDBusEthernetII.cs:1947:method:CaptureFrame","Emulated.HW/ND/CPU/NDBUS/NDBusEthernetII.cs",1947,"method","NDBusEthernetII","CaptureFrame","void (bool isTx, byte[] data, int length)"
"Emulated.HW/ND/CPU/NDBUS/NDBusEthernetII.cs:1965:method:GetRecentFrames","Emulated.HW/ND/CPU/NDBUS/NDBusEthernetII.cs",1965,"method","NDBusEthernetII","GetRecentFrames","System.Collections.Generic.List<(bool IsTx, long Seq, byte[] Bytes)> (int n)"
"Emulated.HW/ND/CPU/NDBUS/NDBusEthernetII.cs:1994:method:AttachNetwork","Emulated.HW/ND/CPU/NDBUS/NDBusEthernetII.cs",1994,"method","NDBusEthernetII","AttachNetwork","void (Emulated.HW.Common.Network.IEthernetBackend backend)"
"Emulated.HW/ND/CPU/NDBUS/NDBusEthernetII.cs:2070:method:DetachNetwork","Emulated.HW/ND/CPU/NDBUS/NDBusEthernetII.cs",2070,"method","NDBusEthernetII","DetachNetwork","void ()"
"Emulated.HW/ND/CPU/NDBUS/NDBusEthernetII.cs:2081:property:NetworkDescription","Emulated.HW/ND/CPU/NDBUS/NDBusEthernetII.cs",2081,"property","NDBusEthernetII","NetworkDescription","string?"
"Emulated.HW/ND/CPU/NDBUS/NDBusEthernetII.cs:2084:property:NetworkActive","Emulated.HW/ND/CPU/NDBUS/NDBusEthernetII.cs",2084,"property","NDBusEthernetII","NetworkActive","bool"
"Emulated.HW/ND/CPU/NDBUS/NDBusEthernetII.cs:2086:method:ResetComplete","Emulated.HW/ND/CPU/NDBUS/NDBusEthernetII.cs",2086,"method","NDBusEthernetII","ResetComplete","bool (int param)"
"Emulated.HW/ND/CPU/NDBUS/NDBusEthernetII.cs:2100:method:IDENT","Emulated.HW/ND/CPU/NDBUS/NDBusEthernetII.cs",2100,"method","NDBusEthernetII","IDENT","ushort (ushort level)"
"Emulated.HW/ND/CPU/NDBUS/NDBusEthernetII.cs:2125:method:Dispose","Emulated.HW/ND/CPU/NDBUS/NDBusEthernetII.cs",2125,"method","NDBusEthernetII","Dispose","void ()"
"Emulated.HW/ND/CPU/NDBUS/NDBusEthernetII.cs:2131:method:Dispose","Emulated.HW/ND/CPU/NDBUS/NDBusEthernetII.cs",2131,"method","NDBusEthernetII","Dispose","void (bool disposing)"
"Emulated.HW/ND/CPU/NDBUS/NDBusEthernetII.cs:2171:class:InstrumentedRAM","Emulated.HW/ND/CPU/NDBUS/NDBusEthernetII.cs",2171,"class","NDBusEthernetII","InstrumentedRAM",""
"Emulated.HW/ND/CPU/NDBUS/NDBusEthernetII.cs:2173:field:_mailboxNames","Emulated.HW/ND/CPU/NDBUS/NDBusEthernetII.cs",2173,"field","NDBusEthernetII.InstrumentedRAM","_mailboxNames","Dictionary<uint, string>"
"Emulated.HW/ND/CPU/NDBUS/NDBusEthernetII.cs:2179:field:Suppress68KLogging","Emulated.HW/ND/CPU/NDBUS/NDBusEthernetII.cs",2179,"field","NDBusEthernetII.InstrumentedRAM","Suppress68KLogging","bool"
"Emulated.HW/ND/CPU/NDBUS/NDBusEthernetII.cs:2181:ctor:InstrumentedRAM","Emulated.HW/ND/CPU/NDBUS/NDBusEthernetII.cs",2181,"ctor","NDBusEthernetII.InstrumentedRAM","InstrumentedRAM","(uint startAddress, uint length, string name, Dictionary<uint, string> mailboxNames)"
"Emulated.HW/ND/CPU/NDBUS/NDBusEthernetII.cs:2207:method:TryGetMailboxName","Emulated.HW/ND/CPU/NDBUS/NDBusEthernetII.cs",2207,"method","NDBusEthernetII.InstrumentedRAM","TryGetMailboxName","bool (uint localAddr, out string name)"
"Emulated.HW/ND/CPU/NDBUS/NDBusEthernetII.cs:2223:const:MAILBOX_LOG_LIMIT","Emulated.HW/ND/CPU/NDBUS/NDBusEthernetII.cs",2223,"const","NDBusEthernetII.InstrumentedRAM","MAILBOX_LOG_LIMIT","uint 0x0A40"
"Emulated.HW/ND/CPU/NDBUS/NDBusEthernetII.cs:2232:const:MBOXH_HEAD","Emulated.HW/ND/CPU/NDBUS/NDBusEthernetII.cs",2232,"const","NDBusEthernetII.InstrumentedRAM","MBOXH_HEAD","uint 0x4C2"
"Emulated.HW/ND/CPU/NDBUS/NDBusEthernetII.cs:2234:method:Write","Emulated.HW/ND/CPU/NDBUS/NDBusEthernetII.cs",2234,"method","NDBusEthernetII.InstrumentedRAM","Write","void (uint address, byte value)"
"Emulated.HW/ND/CPU/NDBUS/NDBusEthernetII.cs:2259:method:ReadBE32","Emulated.HW/ND/CPU/NDBUS/NDBusEthernetII.cs",2259,"method","NDBusEthernetII.InstrumentedRAM","ReadBE32","uint (uint local)"
"Emulated.HW/ND/CPU/NDBUS/NDBusEthernetII.cs:2266:method:ReadBE16","Emulated.HW/ND/CPU/NDBUS/NDBusEthernetII.cs",2266,"method","NDBusEthernetII.InstrumentedRAM","ReadBE16","ushort (uint local)"
"Emulated.HW/ND/CPU/NDBUS/NDBusEthernetII.cs:2274:method:DumpBuffer","Emulated.HW/ND/CPU/NDBUS/NDBusEthernetII.cs",2274,"method","NDBusEthernetII.InstrumentedRAM","DumpBuffer","void (string tag, uint local, int words)"
"Emulated.HW/ND/CPU/NDBUS/NDBusEthernetII.cs:2293:method:DumpMboxhPost","Emulated.HW/ND/CPU/NDBUS/NDBusEthernetII.cs",2293,"method","NDBusEthernetII.InstrumentedRAM","DumpMboxhPost","void ()"
"Emulated.HW/ND/CPU/NDBUS/NDBusEthernetII.cs:2341:method:Read","Emulated.HW/ND/CPU/NDBUS/NDBusEthernetII.cs",2341,"method","NDBusEthernetII.InstrumentedRAM","Read","byte (uint address)"
"Emulated.HW/ND/CPU/NDBUS/NDBusEthernetII.cs:2368:enum:Register","Emulated.HW/ND/CPU/NDBUS/NDBusEthernetII.cs",2368,"enum","NDBusEthernetII","Register",""
"Emulated.HW/ND/CPU/NDBUS/NDBusEthernetII.cs:2373:enumvalue:ReadDataRegister","Emulated.HW/ND/CPU/NDBUS/NDBusEthernetII.cs",2373,"enumvalue","NDBusEthernetII.Register","ReadDataRegister",""
"Emulated.HW/ND/CPU/NDBUS/NDBusEthernetII.cs:2378:enumvalue:WriteDataBuffer","Emulated.HW/ND/CPU/NDBUS/NDBusEthernetII.cs",2378,"enumvalue","NDBusEthernetII.Register","WriteDataBuffer",""
"Emulated.HW/ND/CPU/NDBUS/NDBusEthernetII.cs:2383:enumvalue:ReadStatusRegister","Emulated.HW/ND/CPU/NDBUS/NDBusEthernetII.cs",2383,"enumvalue","NDBusEthernetII.Register","ReadStatusRegister",""
"Emulated.HW/ND/CPU/NDBUS/NDBusEthernetII.cs:2388:enumvalue:WriteControlWord","Emulated.HW/ND/CPU/NDBUS/NDBusEthernetII.cs",2388,"enumvalue","NDBusEthernetII.Register","WriteControlWord",""
"Emulated.HW/ND/CPU/NDBUS/NDBusEthernetII.cs:2394:class:NDEthernetMemory","Emulated.HW/ND/CPU/NDBUS/NDBusEthernetII.cs",2394,"class","","NDEthernetMemory",""
"Emulated.HW/ND/CPU/NDBUS/NDBusEthernetII.cs:2396:field:ram","Emulated.HW/ND/CPU/NDBUS/NDBusEthernetII.cs",2396,"field","NDEthernetMemory","ram","RAM"
"Emulated.HW/ND/CPU/NDBUS/NDBusEthernetII.cs:2397:field:protect_table","Emulated.HW/ND/CPU/NDBUS/NDBusEthernetII.cs",2397,"field","NDEthernetMemory","protect_table","RAM"
"Emulated.HW/ND/CPU/NDBUS/NDBusEthernetII.cs:2399:field:mfp","Emulated.HW/ND/CPU/NDBUS/NDBusEthernetII.cs",2399,"field","NDEthernetMemory","mfp","MC68901MFP"
"Emulated.HW/ND/CPU/NDBUS/NDBusEthernetII.cs:2400:field:lance","Emulated.HW/ND/CPU/NDBUS/NDBusEthernetII.cs",2400,"field","NDEthernetMemory","lance","Am7990Lance"
"Emulated.HW/ND/CPU/NDBUS/NDBusEthernetII.cs:2402:property:MFP","Emulated.HW/ND/CPU/NDBUS/NDBusEthernetII.cs",2402,"property","NDEthernetMemory","MFP","MC68901MFP"
"Emulated.HW/ND/CPU/NDBUS/NDBusEthernetII.cs:2403:property:Lance","Emulated.HW/ND/CPU/NDBUS/NDBusEthernetII.cs",2403,"property","NDEthernetMemory","Lance","Am7990Lance"
"Emulated.HW/ND/CPU/NDBUS/NDBusEthernetII.cs:2405:field:ethIoMem","Emulated.HW/ND/CPU/NDBUS/NDBusEthernetII.cs",2405,"field","NDEthernetMemory","ethIoMem","ETH_IOMem"
"Emulated.HW/ND/CPU/NDBUS/NDBusEthernetII.cs:2410:property:IsTimerInterruptPending","Emulated.HW/ND/CPU/NDBUS/NDBusEthernetII.cs",2410,"property","NDEthernetMemory","IsTimerInterruptPending","bool"
"Emulated.HW/ND/CPU/NDBUS/NDBusEthernetII.cs:2415:method:ClearTimerInterrupt","Emulated.HW/ND/CPU/NDBUS/NDBusEthernetII.cs",2415,"method","NDEthernetMemory","ClearTimerInterrupt","void ()"
"Emulated.HW/ND/CPU/NDBUS/NDBusEthernetII.cs:2417:delegate:NDInterrupt","Emulated.HW/ND/CPU/NDBUS/NDBusEthernetII.cs",2417,"delegate","NDEthernetMemory","NDInterrupt","()"
"Emulated.HW/ND/CPU/NDBUS/NDBusEthernetII.cs:2418:event:OnNDInterrupt","Emulated.HW/ND/CPU/NDBUS/NDBusEthernetII.cs",2418,"event","NDEthernetMemory","OnNDInterrupt","NDInterrupt?"
"Emulated.HW/ND/CPU/NDBUS/NDBusEthernetII.cs:2420:delegate:InterruptTrigger","Emulated.HW/ND/CPU/NDBUS/NDBusEthernetII.cs",2420,"delegate","NDEthernetMemory","InterruptTrigger","(byte interruptLevel, bool state = true)"
"Emulated.HW/ND/CPU/NDBUS/NDBusEthernetII.cs:2421:event:OnTriggerInterrupt","Emulated.HW/ND/CPU/NDBUS/NDBusEthernetII.cs",2421,"event","NDEthernetMemory","OnTriggerInterrupt","InterruptTrigger"
"Emulated.HW/ND/CPU/NDBUS/NDBusEthernetII.cs:2426:delegate:BusErrorTrigger","Emulated.HW/ND/CPU/NDBUS/NDBusEthernetII.cs",2426,"delegate","NDEthernetMemory","BusErrorTrigger","(uint address, bool isRead)"
"Emulated.HW/ND/CPU/NDBUS/NDBusEthernetII.cs:2427:event:OnBusError","Emulated.HW/ND/CPU/NDBUS/NDBusEthernetII.cs",2427,"event","NDEthernetMemory","OnBusError","BusErrorTrigger?"
"Emulated.HW/ND/CPU/NDBUS/NDBusEthernetII.cs:2429:field:_ramStart","Emulated.HW/ND/CPU/NDBUS/NDBusEthernetII.cs",2429,"field","NDEthernetMemory","_ramStart","uint 0"
"Emulated.HW/ND/CPU/NDBUS/NDBusEthernetII.cs:2432:field:_lastErrorAddress","Emulated.HW/ND/CPU/NDBUS/NDBusEthernetII.cs",2432,"field","NDEthernetMemory","_lastErrorAddress","uint 0"
"Emulated.HW/ND/CPU/NDBUS/NDBusEthernetII.cs:2433:field:_lastErrorStatus","Emulated.HW/ND/CPU/NDBUS/NDBusEthernetII.cs",2433,"field","NDEthernetMemory","_lastErrorStatus","ushort 0"
"Emulated.HW/ND/CPU/NDBUS/NDBusEthernetII.cs:2475:enum:MailboxField","Emulated.HW/ND/CPU/NDBUS/NDBusEthernetII.cs",2475,"enum","NDEthernetMemory","MailboxField",""
"Emulated.HW/ND/CPU/NDBUS/NDBusEthernetII.cs:2478:enumvalue:CMD_SEMAPHORE","Emulated.HW/ND/CPU/NDBUS/NDBusEthernetII.cs",2478,"enumvalue","NDEthernetMemory.MailboxField","CMD_SEMAPHORE","0x0400"
"Emulated.HW/ND/CPU/NDBUS/NDBusEthernetII.cs:2479:enumvalue:CMD_STATUS","Emulated.HW/ND/CPU/NDBUS/NDBusEthernetII.cs",2479,"enumvalue","NDEthernetMemory.MailboxField","CMD_STATUS","0x0402"
"Emulated.HW/ND/CPU/NDBUS/NDBusEthernetII.cs:2480:enumvalue:CMD_PARAM1","Emulated.HW/ND/CPU/NDBUS/NDBusEthernetII.cs",2480,"enumvalue","NDEthernetMemory.MailboxField","CMD_PARAM1","0x0404"
"Emulated.HW/ND/CPU/NDBUS/NDBusEthernetII.cs:2481:enumvalue:CMD_TEST_NUM","Emulated.HW/ND/CPU/NDBUS/NDBusEthernetII.cs",2481,"enumvalue","NDEthernetMemory.MailboxField","CMD_TEST_NUM","0x0406"
"Emulated.HW/ND/CPU/NDBUS/NDBusEthernetII.cs:2484:enumvalue:RESULT_SEMAPHORE","Emulated.HW/ND/CPU/NDBUS/NDBusEthernetII.cs",2484,"enumvalue","NDEthernetMemory.MailboxField","RESULT_SEMAPHORE","0x0440"
"Emulated.HW/ND/CPU/NDBUS/NDBusEthernetII.cs:2485:enumvalue:RESULT_STAT_CODE","Emulated.HW/ND/CPU/NDBUS/NDBusEthernetII.cs",2485,"enumvalue","NDEthernetMemory.MailboxField","RESULT_STAT_CODE","0x0442"
"Emulated.HW/ND/CPU/NDBUS/NDBusEthernetII.cs:2486:enumvalue:RESULT_ERR_CODE","Emulated.HW/ND/CPU/NDBUS/NDBusEthernetII.cs",2486,"enumvalue","NDEthernetMemory.MailboxField","RESULT_ERR_CODE","0x0444"
"Emulated.HW/ND/CPU/NDBUS/NDBusEthernetII.cs:2487:enumvalue:RESULT_TEST_NO","Emulated.HW/ND/CPU/NDBUS/NDBusEthernetII.cs",2487,"enumvalue","NDEthernetMemory.MailboxField","RESULT_TEST_NO","0x0446"
"Emulated.HW/ND/CPU/NDBUS/NDBusEthernetII.cs:2488:enumvalue:RESULT_LOOP_COUNT","Emulated.HW/ND/CPU/NDBUS/NDBusEthernetII.cs",2488,"enumvalue","NDEthernetMemory.MailboxField","RESULT_LOOP_COUNT","0x0448"
"Emulated.HW/ND/CPU/NDBUS/NDBusEthernetII.cs:2489:enumvalue:RESULT_ERR_COUNT","Emulated.HW/ND/CPU/NDBUS/NDBusEthernetII.cs",2489,"enumvalue","NDEthernetMemory.MailboxField","RESULT_ERR_COUNT","0x044A"
"Emulated.HW/ND/CPU/NDBUS/NDBusEthernetII.cs:2490:enumvalue:RESULT_ERR_ADDR","Emulated.HW/ND/CPU/NDBUS/NDBusEthernetII.cs",2490,"enumvalue","NDEthernetMemory.MailboxField","RESULT_ERR_ADDR","0x044C"
"Emulated.HW/ND/CPU/NDBUS/NDBusEthernetII.cs:2491:enumvalue:RESULT_ERR_ADDR_LO","Emulated.HW/ND/CPU/NDBUS/NDBusEthernetII.cs",2491,"enumvalue","NDEthernetMemory.MailboxField","RESULT_ERR_ADDR_LO","0x044E"
"Emulated.HW/ND/CPU/NDBUS/NDBusEthernetII.cs:2492:enumvalue:RESULT_EXP_DATA","Emulated.HW/ND/CPU/NDBUS/NDBusEthernetII.cs",2492,"enumvalue","NDEthernetMemory.MailboxField","RESULT_EXP_DATA","0x0450"
"Emulated.HW/ND/CPU/NDBUS/NDBusEthernetII.cs:2493:enumvalue:RESULT_EXP_DATA_LO","Emulated.HW/ND/CPU/NDBUS/NDBusEthernetII.cs",2493,"enumvalue","NDEthernetMemory.MailboxField","RESULT_EXP_DATA_LO","0x0452"
"Emulated.HW/ND/CPU/NDBUS/NDBusEthernetII.cs:2494:enumvalue:RESULT_FOUND_DATA","Emulated.HW/ND/CPU/NDBUS/NDBusEthernetII.cs",2494,"enumvalue","NDEthernetMemory.MailboxField","RESULT_FOUND_DATA","0x0456"
"Emulated.HW/ND/CPU/NDBUS/NDBusEthernetII.cs:2495:enumvalue:RESULT_INFO2_0","Emulated.HW/ND/CPU/NDBUS/NDBusEthernetII.cs",2495,"enumvalue","NDEthernetMemory.MailboxField","RESULT_INFO2_0","0x0458"
"Emulated.HW/ND/CPU/NDBUS/NDBusEthernetII.cs:2496:enumvalue:RESULT_INFO2_1","Emulated.HW/ND/CPU/NDBUS/NDBusEthernetII.cs",2496,"enumvalue","NDEthernetMemory.MailboxField","RESULT_INFO2_1","0x045A"
"Emulated.HW/ND/CPU/NDBUS/NDBusEthernetII.cs:2497:enumvalue:RESULT_INFO2_2","Emulated.HW/ND/CPU/NDBUS/NDBusEthernetII.cs",2497,"enumvalue","NDEthernetMemory.MailboxField","RESULT_INFO2_2","0x045C"
"Emulated.HW/ND/CPU/NDBUS/NDBusEthernetII.cs:2498:enumvalue:RESULT_INFO2_3","Emulated.HW/ND/CPU/NDBUS/NDBusEthernetII.cs",2498,"enumvalue","NDEthernetMemory.MailboxField","RESULT_INFO2_3","0x045E"
"Emulated.HW/ND/CPU/NDBUS/NDBusEthernetII.cs:2499:enumvalue:RESULT_INFO2_4","Emulated.HW/ND/CPU/NDBUS/NDBusEthernetII.cs",2499,"enumvalue","NDEthernetMemory.MailboxField","RESULT_INFO2_4","0x0460"
"Emulated.HW/ND/CPU/NDBUS/NDBusEthernetII.cs:2500:enumvalue:RESULT_INFO2_5","Emulated.HW/ND/CPU/NDBUS/NDBusEthernetII.cs",2500,"enumvalue","NDEthernetMemory.MailboxField","RESULT_INFO2_5","0x0462"
"Emulated.HW/ND/CPU/NDBUS/NDBusEthernetII.cs:2503:enumvalue:STAT_SEMAPHORE","Emulated.HW/ND/CPU/NDBUS/NDBusEthernetII.cs",2503,"enumvalue","NDEthernetMemory.MailboxField","STAT_SEMAPHORE","0x0880"
"Emulated.HW/ND/CPU/NDBUS/NDBusEthernetII.cs:2504:enumvalue:STAT_CODE","Emulated.HW/ND/CPU/NDBUS/NDBusEthernetII.cs",2504,"enumvalue","NDEthernetMemory.MailboxField","STAT_CODE","0x0882"
"Emulated.HW/ND/CPU/NDBUS/NDBusEthernetII.cs:2505:enumvalue:FUNC_CODE","Emulated.HW/ND/CPU/NDBUS/NDBusEthernetII.cs",2505,"enumvalue","NDEthernetMemory.MailboxField","FUNC_CODE","0x0884"
"Emulated.HW/ND/CPU/NDBUS/NDBusEthernetII.cs:2506:enumvalue:ERR_CODE","Emulated.HW/ND/CPU/NDBUS/NDBusEthernetII.cs",2506,"enumvalue","NDEthernetMemory.MailboxField","ERR_CODE","0x0886"
"Emulated.HW/ND/CPU/NDBUS/NDBusEthernetII.cs:2507:enumvalue:TEST_NO","Emulated.HW/ND/CPU/NDBUS/NDBusEthernetII.cs",2507,"enumvalue","NDEthernetMemory.MailboxField","TEST_NO","0x0888"
"Emulated.HW/ND/CPU/NDBUS/NDBusEthernetII.cs:2508:enumvalue:LOOP_COUNT","Emulated.HW/ND/CPU/NDBUS/NDBusEthernetII.cs",2508,"enumvalue","NDEthernetMemory.MailboxField","LOOP_COUNT","0x088A"
"Emulated.HW/ND/CPU/NDBUS/NDBusEthernetII.cs:2509:enumvalue:ERR_COUNT","Emulated.HW/ND/CPU/NDBUS/NDBusEthernetII.cs",2509,"enumvalue","NDEthernetMemory.MailboxField","ERR_COUNT","0x088C"
"Emulated.HW/ND/CPU/NDBUS/NDBusEthernetII.cs:2510:enumvalue:ERR_ADDR","Emulated.HW/ND/CPU/NDBUS/NDBusEthernetII.cs",2510,"enumvalue","NDEthernetMemory.MailboxField","ERR_ADDR","0x088E"
"Emulated.HW/ND/CPU/NDBUS/NDBusEthernetII.cs:2511:enumvalue:EXP_DATA","Emulated.HW/ND/CPU/NDBUS/NDBusEthernetII.cs",2511,"enumvalue","NDEthernetMemory.MailboxField","EXP_DATA","0x0890"
"Emulated.HW/ND/CPU/NDBUS/NDBusEthernetII.cs:2512:enumvalue:FOUND_DATA","Emulated.HW/ND/CPU/NDBUS/NDBusEthernetII.cs",2512,"enumvalue","NDEthernetMemory.MailboxField","FOUND_DATA","0x0892"
"Emulated.HW/ND/CPU/NDBUS/NDBusEthernetII.cs:2513:enumvalue:MAIN_LOOP_ADDR","Emulated.HW/ND/CPU/NDBUS/NDBusEthernetII.cs",2513,"enumvalue","NDEthernetMemory.MailboxField","MAIN_LOOP_ADDR","0x08A2"
"Emulated.HW/ND/CPU/NDBUS/NDBusEthernetII.cs:2516:enumvalue:CMD_BUFFER","Emulated.HW/ND/CPU/NDBUS/NDBusEthernetII.cs",2516,"enumvalue","NDEthernetMemory.MailboxField","CMD_BUFFER","0x0908"
"Emulated.HW/ND/CPU/NDBUS/NDBusEthernetII.cs:2517:enumvalue:CMD_TEST_NUM_68K","Emulated.HW/ND/CPU/NDBUS/NDBusEthernetII.cs",2517,"enumvalue","NDEthernetMemory.MailboxField","CMD_TEST_NUM_68K","0x090E"
"Emulated.HW/ND/CPU/NDBUS/NDBusEthernetII.cs:2521:field:_mailboxNames","Emulated.HW/ND/CPU/NDBUS/NDBusEthernetII.cs",2521,"field","NDEthernetMemory","_mailboxNames","Dictionary<uint, string> BuildMailboxLookup()"
"Emulated.HW/ND/CPU/NDBUS/NDBusEthernetII.cs:2523:method:BuildMailboxLookup","Emulated.HW/ND/CPU/NDBUS/NDBusEthernetII.cs",2523,"method","NDEthernetMemory","BuildMailboxLookup","Dictionary<uint, string> ()"
"Emulated.HW/ND/CPU/NDBUS/NDBusEthernetII.cs:2597:method:GetBlockName","Emulated.HW/ND/CPU/NDBUS/NDBusEthernetII.cs",2597,"method","NDEthernetMemory","GetBlockName","string (uint address)"
"Emulated.HW/ND/CPU/NDBUS/NDBusEthernetII.cs:2608:property:IsCpuRunning","Emulated.HW/ND/CPU/NDBUS/NDBusEthernetII.cs",2608,"property","NDEthernetMemory","IsCpuRunning","Func<bool>"
"Emulated.HW/ND/CPU/NDBUS/NDBusEthernetII.cs:2614:property:IsMemoryProbeComplete","Emulated.HW/ND/CPU/NDBUS/NDBusEthernetII.cs",2614,"property","NDEthernetMemory","IsMemoryProbeComplete","Func<bool>"
"Emulated.HW/ND/CPU/NDBUS/NDBusEthernetII.cs:2624:property:VerboseMemoryLogging","Emulated.HW/ND/CPU/NDBUS/NDBusEthernetII.cs",2624,"property","NDEthernetMemory","VerboseMemoryLogging","bool"
"Emulated.HW/ND/CPU/NDBUS/NDBusEthernetII.cs:2632:field:_mailboxTracer","Emulated.HW/ND/CPU/NDBUS/NDBusEthernetII.cs",2632,"field","NDEthernetMemory","_mailboxTracer","EthMailboxTracer"
"Emulated.HW/ND/CPU/NDBUS/NDBusEthernetII.cs:2633:property:MailboxTracer","Emulated.HW/ND/CPU/NDBUS/NDBusEthernetII.cs",2633,"property","NDEthernetMemory","MailboxTracer","EthMailboxTracer"
"Emulated.HW/ND/CPU/NDBUS/NDBusEthernetII.cs:2637:field:_prkeyAddrLogged","Emulated.HW/ND/CPU/NDBUS/NDBusEthernetII.cs",2637,"field","NDEthernetMemory","_prkeyAddrLogged","int -1"
"Emulated.HW/ND/CPU/NDBUS/NDBusEthernetII.cs:2644:method:LogBlockAccess","Emulated.HW/ND/CPU/NDBUS/NDBusEthernetII.cs",2644,"method","NDEthernetMemory","LogBlockAccess","void (uint address, byte value, bool isWrite, bool fromNd100)"
"Emulated.HW/ND/CPU/NDBUS/NDBusEthernetII.cs:2700:class:EthMailboxTracer","Emulated.HW/ND/CPU/NDBUS/NDBusEthernetII.cs",2700,"class","NDEthernetMemory","EthMailboxTracer",""
"Emulated.HW/ND/CPU/NDBUS/NDBusEthernetII.cs:2702:field:_readByte","Emulated.HW/ND/CPU/NDBUS/NDBusEthernetII.cs",2702,"field","NDEthernetMemory.EthMailboxTracer","_readByte","Func<uint, byte>"
"Emulated.HW/ND/CPU/NDBUS/NDBusEthernetII.cs:2703:field:_log","Emulated.HW/ND/CPU/NDBUS/NDBusEthernetII.cs",2703,"field","NDEthernetMemory.EthMailboxTracer","_log","Action<string>"
"Emulated.HW/ND/CPU/NDBUS/NDBusEthernetII.cs:2706:field:_fields","Emulated.HW/ND/CPU/NDBUS/NDBusEthernetII.cs",2706,"field","NDEthernetMemory.EthMailboxTracer","_fields","Dictionary<uint, string> BuildFields()"
"Emulated.HW/ND/CPU/NDBUS/NDBusEthernetII.cs:2709:field:_readCounts","Emulated.HW/ND/CPU/NDBUS/NDBusEthernetII.cs",2709,"field","NDEthernetMemory.EthMailboxTracer","_readCounts","Dictionary<uint, int> new Dictionary<uint, int>()"
"Emulated.HW/ND/CPU/NDBUS/NDBusEthernetII.cs:2711:field:_lastWrite","Emulated.HW/ND/CPU/NDBUS/NDBusEthernetII.cs",2711,"field","NDEthernetMemory.EthMailboxTracer","_lastWrite","Dictionary<uint, byte> new Dictionary<uint, byte>()"
"Emulated.HW/ND/CPU/NDBUS/NDBusEthernetII.cs:2712:field:_writeRepeat","Emulated.HW/ND/CPU/NDBUS/NDBusEthernetII.cs",2712,"field","NDEthernetMemory.EthMailboxTracer","_writeRepeat","Dictionary<uint, int> new Dictionary<uint, int>()"
"Emulated.HW/ND/CPU/NDBUS/NDBusEthernetII.cs:2715:field:_lastCardSig","Emulated.HW/ND/CPU/NDBUS/NDBusEthernetII.cs",2715,"field","NDEthernetMemory.EthMailboxTracer","_lastCardSig","uint 0xFFFFFFFF"
"Emulated.HW/ND/CPU/NDBUS/NDBusEthernetII.cs:2716:field:_cardRepeat","Emulated.HW/ND/CPU/NDBUS/NDBusEthernetII.cs",2716,"field","NDEthernetMemory.EthMailboxTracer","_cardRepeat","int 0"
"Emulated.HW/ND/CPU/NDBUS/NDBusEthernetII.cs:2719:property:Enabled","Emulated.HW/ND/CPU/NDBUS/NDBusEthernetII.cs",2719,"property","NDEthernetMemory.EthMailboxTracer","Enabled","bool"
"Emulated.HW/ND/CPU/NDBUS/NDBusEthernetII.cs:2721:ctor:EthMailboxTracer","Emulated.HW/ND/CPU/NDBUS/NDBusEthernetII.cs",2721,"ctor","NDEthernetMemory.EthMailboxTracer","EthMailboxTracer","(Func<uint, byte> readByte, Action<string> log)"
"Emulated.HW/ND/CPU/NDBUS/NDBusEthernetII.cs:2727:method:BuildFields","Emulated.HW/ND/CPU/NDBUS/NDBusEthernetII.cs",2727,"method","NDEthernetMemory.EthMailboxTracer","BuildFields","Dictionary<uint, string> ()"
"Emulated.HW/ND/CPU/NDBUS/NDBusEthernetII.cs:2757:method:W","Emulated.HW/ND/CPU/NDBUS/NDBusEthernetII.cs",2757,"method","NDEthernetMemory.EthMailboxTracer","W","ushort (uint word)"
"Emulated.HW/ND/CPU/NDBUS/NDBusEthernetII.cs:2759:method:MonCodeName","Emulated.HW/ND/CPU/NDBUS/NDBusEthernetII.cs",2759,"method","NDEthernetMemory.EthMailboxTracer","MonCodeName","string (ushort code)"
"Emulated.HW/ND/CPU/NDBUS/NDBusEthernetII.cs:2763:case:2","Emulated.HW/ND/CPU/NDBUS/NDBusEthernetII.cs",2763,"case","NDEthernetMemory.EthMailboxTracer.MonCodeName()","2",""
"Emulated.HW/ND/CPU/NDBUS/NDBusEthernetII.cs:2764:case:3","Emulated.HW/ND/CPU/NDBUS/NDBusEthernetII.cs",2764,"case","NDEthernetMemory.EthMailboxTracer.MonCodeName()","3",""
"Emulated.HW/ND/CPU/NDBUS/NDBusEthernetII.cs:2765:case:4","Emulated.HW/ND/CPU/NDBUS/NDBusEthernetII.cs",2765,"case","NDEthernetMemory.EthMailboxTracer.MonCodeName()","4",""
"Emulated.HW/ND/CPU/NDBUS/NDBusEthernetII.cs:2766:case:default","Emulated.HW/ND/CPU/NDBUS/NDBusEthernetII.cs",2766,"case","NDEthernetMemory.EthMailboxTracer.MonCodeName()","default",""
"Emulated.HW/ND/CPU/NDBUS/NDBusEthernetII.cs:2774:method:Record","Emulated.HW/ND/CPU/NDBUS/NDBusEthernetII.cs",2774,"method","NDEthernetMemory.EthMailboxTracer","Record","void (uint off, byte value, bool isWrite, bool fromNd100)"
"Emulated.HW/ND/CPU/NDBUS/NDBusEthernetII.cs:2810:method:FlushCardToHost","Emulated.HW/ND/CPU/NDBUS/NDBusEthernetII.cs",2810,"method","NDEthernetMemory.EthMailboxTracer","FlushCardToHost","void (byte scipValue)"
"Emulated.HW/ND/CPU/NDBUS/NDBusEthernetII.cs:2844:method:FlushHostToCard","Emulated.HW/ND/CPU/NDBUS/NDBusEthernetII.cs",2844,"method","NDEthernetMemory.EthMailboxTracer","FlushHostToCard","void (string cause)"
"Emulated.HW/ND/CPU/NDBUS/NDBusEthernetII.cs:2854:method:TakeReads","Emulated.HW/ND/CPU/NDBUS/NDBusEthernetII.cs",2854,"method","NDEthernetMemory.EthMailboxTracer","TakeReads","int (uint word)"
"Emulated.HW/ND/CPU/NDBUS/NDBusEthernetII.cs:2861:method:DumpReadSummary","Emulated.HW/ND/CPU/NDBUS/NDBusEthernetII.cs",2861,"method","NDEthernetMemory.EthMailboxTracer","DumpReadSummary","void ()"
"Emulated.HW/ND/CPU/NDBUS/NDBusEthernetII.cs:2953:field:_instrumentedRam","Emulated.HW/ND/CPU/NDBUS/NDBusEthernetII.cs",2953,"field","NDEthernetMemory","_instrumentedRam","NDBusEthernetII.InstrumentedRAM"
"Emulated.HW/ND/CPU/NDBUS/NDBusEthernetII.cs:2955:ctor:NDEthernetMemory","Emulated.HW/ND/CPU/NDBUS/NDBusEthernetII.cs",2955,"ctor","NDEthernetMemory","NDEthernetMemory","(RAM shared_ram, uint ramStart)"
"Emulated.HW/ND/CPU/NDBUS/NDBusEthernetII.cs:3172:field:_lastWriteWasMirrored","Emulated.HW/ND/CPU/NDBUS/NDBusEthernetII.cs",3172,"field","NDEthernetMemory","_lastWriteWasMirrored","bool false"
"Emulated.HW/ND/CPU/NDBUS/NDBusEthernetII.cs:3175:field:_am9519ResetPending","Emulated.HW/ND/CPU/NDBUS/NDBusEthernetII.cs",3175,"field","NDEthernetMemory","_am9519ResetPending","bool false"
"Emulated.HW/ND/CPU/NDBUS/NDBusEthernetII.cs:3176:field:_isrbWriteCount","Emulated.HW/ND/CPU/NDBUS/NDBusEthernetII.cs",3176,"field","NDEthernetMemory","_isrbWriteCount","int 0"
"Emulated.HW/ND/CPU/NDBUS/NDBusEthernetII.cs:3177:field:_softwareInterruptTestActive","Emulated.HW/ND/CPU/NDBUS/NDBusEthernetII.cs",3177,"field","NDEthernetMemory","_softwareInterruptTestActive","bool false"
"Emulated.HW/ND/CPU/NDBUS/NDBusEthernetII.cs:3182:field:_currentSCIPChannel","Emulated.HW/ND/CPU/NDBUS/NDBusEthernetII.cs",3182,"field","NDEthernetMemory","_currentSCIPChannel","int -1"
"Emulated.HW/ND/CPU/NDBUS/NDBusEthernetII.cs:3189:method:TriggerSCIPChannel","Emulated.HW/ND/CPU/NDBUS/NDBusEthernetII.cs",3189,"method","NDEthernetMemory","TriggerSCIPChannel","void (int channel)"
"Emulated.HW/ND/CPU/NDBUS/NDBusEthernetII.cs:3215:method:RaiseLanceMemoryError","Emulated.HW/ND/CPU/NDBUS/NDBusEthernetII.cs",3215,"method","NDEthernetMemory","RaiseLanceMemoryError","void (uint address)"
"Emulated.HW/ND/CPU/NDBUS/NDBusEthernetII.cs:3222:method:Lance_OnWriteDMA","Emulated.HW/ND/CPU/NDBUS/NDBusEthernetII.cs",3222,"method","NDEthernetMemory","Lance_OnWriteDMA","bool (uint address, uint data, IOMemoryBase.DMA_SIZE size)"
"Emulated.HW/ND/CPU/NDBUS/NDBusEthernetII.cs:3235:case:IOMemoryBase.DMA_SIZE.BYTE","Emulated.HW/ND/CPU/NDBUS/NDBusEthernetII.cs",3235,"case","NDEthernetMemory.Lance_OnWriteDMA()","IOMemoryBase.DMA_SIZE.BYTE",""
"Emulated.HW/ND/CPU/NDBUS/NDBusEthernetII.cs:3238:case:IOMemoryBase.DMA_SIZE.WORD","Emulated.HW/ND/CPU/NDBUS/NDBusEthernetII.cs",3238,"case","NDEthernetMemory.Lance_OnWriteDMA()","IOMemoryBase.DMA_SIZE.WORD",""
"Emulated.HW/ND/CPU/NDBUS/NDBusEthernetII.cs:3243:case:IOMemoryBase.DMA_SIZE.LONG","Emulated.HW/ND/CPU/NDBUS/NDBusEthernetII.cs",3243,"case","NDEthernetMemory.Lance_OnWriteDMA()","IOMemoryBase.DMA_SIZE.LONG",""
"Emulated.HW/ND/CPU/NDBUS/NDBusEthernetII.cs:3254:method:Lance_OnReadDMA","Emulated.HW/ND/CPU/NDBUS/NDBusEthernetII.cs",3254,"method","NDEthernetMemory","Lance_OnReadDMA","bool (uint address, out uint data, IOMemoryBase.DMA_SIZE size)"
"Emulated.HW/ND/CPU/NDBUS/NDBusEthernetII.cs:3269:case:IOMemoryBase.DMA_SIZE.BYTE","Emulated.HW/ND/CPU/NDBUS/NDBusEthernetII.cs",3269,"case","NDEthernetMemory.Lance_OnReadDMA()","IOMemoryBase.DMA_SIZE.BYTE",""
"Emulated.HW/ND/CPU/NDBUS/NDBusEthernetII.cs:3272:case:IOMemoryBase.DMA_SIZE.WORD","Emulated.HW/ND/CPU/NDBUS/NDBusEthernetII.cs",3272,"case","NDEthernetMemory.Lance_OnReadDMA()","IOMemoryBase.DMA_SIZE.WORD",""
"Emulated.HW/ND/CPU/NDBUS/NDBusEthernetII.cs:3276:case:IOMemoryBase.DMA_SIZE.LONG","Emulated.HW/ND/CPU/NDBUS/NDBusEthernetII.cs",3276,"case","NDEthernetMemory.Lance_OnReadDMA()","IOMemoryBase.DMA_SIZE.LONG",""
"Emulated.HW/ND/CPU/NDBUS/NDBusEthernetII.cs:3289:method:Mfp_OnIRQ","Emulated.HW/ND/CPU/NDBUS/NDBusEthernetII.cs",3289,"method","NDEthernetMemory","Mfp_OnIRQ","void (bool irq_state)"
"Emulated.HW/ND/CPU/NDBUS/NDBusEthernetII.cs:3305:method:Lance_OnIRQ","Emulated.HW/ND/CPU/NDBUS/NDBusEthernetII.cs",3305,"method","NDEthernetMemory","Lance_OnIRQ","void ()"
"Emulated.HW/ND/CPU/NDBUS/NDBusEthernetII.cs:3319:method:InterruptControllerSetInterrupt","Emulated.HW/ND/CPU/NDBUS/NDBusEthernetII.cs",3319,"method","NDEthernetMemory","InterruptControllerSetInterrupt","void (byte interruptLevel, bool state = true)"
"Emulated.HW/ND/CPU/NDBUS/NDBusEthernetII.cs:3336:method:Mfp_OnTimerInterrupt","Emulated.HW/ND/CPU/NDBUS/NDBusEthernetII.cs",3336,"method","NDEthernetMemory","Mfp_OnTimerInterrupt","void (MfpTimerName timer)"
"Emulated.HW/ND/CPU/NDBUS/NDBusEthernetII.cs:3343:method:Mfp_OnGPIO","Emulated.HW/ND/CPU/NDBUS/NDBusEthernetII.cs",3343,"method","NDEthernetMemory","Mfp_OnGPIO","void (byte io)"
"Emulated.HW/ND/CPU/NDBUS/NDBusEthernetII.cs:3353:method:Mfp_OnSerialByteTransmit","Emulated.HW/ND/CPU/NDBUS/NDBusEthernetII.cs",3353,"method","NDEthernetMemory","Mfp_OnSerialByteTransmit","void (byte data)"
"Emulated.HW/ND/CPU/NDBUS/NDBusEthernetII.cs:3360:method:Clock","Emulated.HW/ND/CPU/NDBUS/NDBusEthernetII.cs",3360,"method","NDEthernetMemory","Clock","void (InterruptInfo ii)"
"Emulated.HW/ND/CPU/NDBUS/NDBusEthernetII.cs:3367:method:LoadRom","Emulated.HW/ND/CPU/NDBUS/NDBusEthernetII.cs",3367,"method","NDEthernetMemory","LoadRom","MemoryBase (MemoryType type, byte[] bytes)"
"Emulated.HW/ND/CPU/NDBUS/NDBusEthernetII.cs:3380:method:LoadRAM","Emulated.HW/ND/CPU/NDBUS/NDBusEthernetII.cs",3380,"method","NDEthernetMemory","LoadRAM","bool (uint offset, byte[] bytes)"
"Emulated.HW/ND/CPU/NDBUS/NDBusEthernetII.cs:3386:method:Reset","Emulated.HW/ND/CPU/NDBUS/NDBusEthernetII.cs",3386,"method","NDEthernetMemory","Reset","void ()"
"Emulated.HW/ND/CPU/NDBUS/NDBusEthernetII.cs:3421:method:ResetPeripherals","Emulated.HW/ND/CPU/NDBUS/NDBusEthernetII.cs",3421,"method","NDEthernetMemory","ResetPeripherals","void ()"
"Emulated.HW/ND/CPU/NDBUS/NDBusEthernetII.cs:3452:method:OnCpuResetInstruction","Emulated.HW/ND/CPU/NDBUS/NDBusEthernetII.cs",3452,"method","NDEthernetMemory","OnCpuResetInstruction","void ()"
"Emulated.HW/ND/CPU/NDBUS/NDBusEthernetII.cs:3495:method:InitializeMFPFromFirmware","Emulated.HW/ND/CPU/NDBUS/NDBusEthernetII.cs",3495,"method","NDEthernetMemory","InitializeMFPFromFirmware","void ()"
"Emulated.HW/ND/CPU/NDBUS/NDBusEthernetII.cs:3544:method:SetMFPInterrupt","Emulated.HW/ND/CPU/NDBUS/NDBusEthernetII.cs",3544,"method","NDEthernetMemory","SetMFPInterrupt","void ()"
"Emulated.HW/ND/CPU/NDBUS/NDBusEthernetII.cs:3556:method:ClearMFPInterrupt","Emulated.HW/ND/CPU/NDBUS/NDBusEthernetII.cs",3556,"method","NDEthernetMemory","ClearMFPInterrupt","void ()"
"Emulated.HW/ND/CPU/NDBUS/NDBusEthernetII.cs:3567:method:ResolveAddressMirror","Emulated.HW/ND/CPU/NDBUS/NDBusEthernetII.cs",3567,"method","NDEthernetMemory","ResolveAddressMirror","uint (uint address)"
"Emulated.HW/ND/CPU/NDBUS/NDBusEthernetII.cs:3579:method:FindMemoryBank","Emulated.HW/ND/CPU/NDBUS/NDBusEthernetII.cs",3579,"method","NDEthernetMemory","FindMemoryBank","MemoryBase? (uint address)"
"Emulated.HW/ND/CPU/NDBUS/NDBusEthernetII.cs:3623:method:ReadMemory","Emulated.HW/ND/CPU/NDBUS/NDBusEthernetII.cs",3623,"method","NDEthernetMemory","ReadMemory","byte (uint address)"
"Emulated.HW/ND/CPU/NDBUS/NDBusEthernetII.cs:3696:method:WriteMemory","Emulated.HW/ND/CPU/NDBUS/NDBusEthernetII.cs",3696,"method","NDEthernetMemory","WriteMemory","void (uint address, byte value)"
"Emulated.HW/ND/CPU/NDBUS/NDBusEthernetII.cs:3794:method:CaptureErrorInfo","Emulated.HW/ND/CPU/NDBUS/NDBusEthernetII.cs",3794,"method","NDEthernetMemory","CaptureErrorInfo","void (uint address, bool isRead)"
"Emulated.HW/ND/CPU/NDBUS/NDBusEthernetII.cs:3818:method:GetEAREN","Emulated.HW/ND/CPU/NDBUS/NDBusEthernetII.cs",3818,"method","NDEthernetMemory","GetEAREN","ushort ()"
"Emulated.HW/ND/CPU/NDBUS/NDBusEthernetII.cs:3827:method:ClearErrorRegisters","Emulated.HW/ND/CPU/NDBUS/NDBusEthernetII.cs",3827,"method","NDEthernetMemory","ClearErrorRegisters","void ()"
"Emulated.HW/ND/CPU/NDBUS/NDBusEthernetII.cs:3833:method:GetMemoryName","Emulated.HW/ND/CPU/NDBUS/NDBusEthernetII.cs",3833,"method","NDEthernetMemory","GetMemoryName","string (uint address)"
"Emulated.HW/ND/CPU/NDBUS/NDBusEthernetII.cs:3841:method:IsROM","Emulated.HW/ND/CPU/NDBUS/NDBusEthernetII.cs",3841,"method","NDEthernetMemory","IsROM","bool (uint address)"
"Emulated.HW/ND/CPU/NDBUS/NDBusEthernetII.cs:3852:method:ReadWord","Emulated.HW/ND/CPU/NDBUS/NDBusEthernetII.cs",3852,"method","NDEthernetMemory","ReadWord","ushort (uint memAddress)"
"Emulated.HW/ND/CPU/NDBUS/NDBusEthernetII.cs:3871:class:ETH_IOMem","Emulated.HW/ND/CPU/NDBUS/NDBusEthernetII.cs",3871,"class","","ETH_IOMem",""
"Emulated.HW/ND/CPU/NDBUS/NDBusEthernetII.cs:3876:delegate:NDInterrupt","Emulated.HW/ND/CPU/NDBUS/NDBusEthernetII.cs",3876,"delegate","ETH_IOMem","NDInterrupt","()"
"Emulated.HW/ND/CPU/NDBUS/NDBusEthernetII.cs:3877:event:OnNDInterrupt","Emulated.HW/ND/CPU/NDBUS/NDBusEthernetII.cs",3877,"event","ETH_IOMem","OnNDInterrupt","NDInterrupt?"
"Emulated.HW/ND/CPU/NDBUS/NDBusEthernetII.cs:3885:field:OnScipDoorbell","Emulated.HW/ND/CPU/NDBUS/NDBusEthernetII.cs",3885,"field","ETH_IOMem","OnScipDoorbell","Action<byte>?"
"Emulated.HW/ND/CPU/NDBUS/NDBusEthernetII.cs:3890:delegate:QueryLANCEInterrupt","Emulated.HW/ND/CPU/NDBUS/NDBusEthernetII.cs",3890,"delegate","ETH_IOMem","QueryLANCEInterrupt","()"
"Emulated.HW/ND/CPU/NDBUS/NDBusEthernetII.cs:3891:field:GetLANCEInterruptState","Emulated.HW/ND/CPU/NDBUS/NDBusEthernetII.cs",3891,"field","ETH_IOMem","GetLANCEInterruptState","QueryLANCEInterrupt?"
"Emulated.HW/ND/CPU/NDBUS/NDBusEthernetII.cs:3896:field:GetEARENValue","Emulated.HW/ND/CPU/NDBUS/NDBusEthernetII.cs",3896,"field","ETH_IOMem","GetEARENValue","Func<ushort>?"
"Emulated.HW/ND/CPU/NDBUS/NDBusEthernetII.cs:3901:field:GetMERRSTATValue","Emulated.HW/ND/CPU/NDBUS/NDBusEthernetII.cs",3901,"field","ETH_IOMem","GetMERRSTATValue","Func<ushort>?"
"Emulated.HW/ND/CPU/NDBUS/NDBusEthernetII.cs:3907:event:OnAM9519Reset","Emulated.HW/ND/CPU/NDBUS/NDBusEthernetII.cs",3907,"event","ETH_IOMem","OnAM9519Reset","Action?"
"Emulated.HW/ND/CPU/NDBUS/NDBusEthernetII.cs:3913:field:OnLANReset","Emulated.HW/ND/CPU/NDBUS/NDBusEthernetII.cs",3913,"field","ETH_IOMem","OnLANReset","Action?"
"Emulated.HW/ND/CPU/NDBUS/NDBusEthernetII.cs:3918:field:MfpChip","Emulated.HW/ND/CPU/NDBUS/NDBusEthernetII.cs",3918,"field","ETH_IOMem","MfpChip","MC68901MFP?"
"Emulated.HW/ND/CPU/NDBUS/NDBusEthernetII.cs:3924:field:WasMirroredAccess","Emulated.HW/ND/CPU/NDBUS/NDBusEthernetII.cs",3924,"field","ETH_IOMem","WasMirroredAccess","Func<bool>?"
"Emulated.HW/ND/CPU/NDBUS/NDBusEthernetII.cs:3929:event:OnTimerInterrupt","Emulated.HW/ND/CPU/NDBUS/NDBusEthernetII.cs",3929,"event","ETH_IOMem","OnTimerInterrupt","Action?"
"Emulated.HW/ND/CPU/NDBUS/NDBusEthernetII.cs:3934:field:transceiverPowerEnabled","Emulated.HW/ND/CPU/NDBUS/NDBusEthernetII.cs",3934,"field","ETH_IOMem","transceiverPowerEnabled","bool"
"Emulated.HW/ND/CPU/NDBUS/NDBusEthernetII.cs:3941:field:timerData","Emulated.HW/ND/CPU/NDBUS/NDBusEthernetII.cs",3941,"field","ETH_IOMem","timerData","ushort[] new ushort[15]"
"Emulated.HW/ND/CPU/NDBUS/NDBusEthernetII.cs:3946:field:timerDataIndex","Emulated.HW/ND/CPU/NDBUS/NDBusEthernetII.cs",3946,"field","ETH_IOMem","timerDataIndex","int 0"
"Emulated.HW/ND/CPU/NDBUS/NDBusEthernetII.cs:3951:field:timerCounter1","Emulated.HW/ND/CPU/NDBUS/NDBusEthernetII.cs",3951,"field","ETH_IOMem","timerCounter1","ushort 0"
"Emulated.HW/ND/CPU/NDBUS/NDBusEthernetII.cs:3956:field:timerLoadReg1","Emulated.HW/ND/CPU/NDBUS/NDBusEthernetII.cs",3956,"field","ETH_IOMem","timerLoadReg1","ushort 0"
"Emulated.HW/ND/CPU/NDBUS/NDBusEthernetII.cs:3961:field:timerArmed1","Emulated.HW/ND/CPU/NDBUS/NDBusEthernetII.cs",3961,"field","ETH_IOMem","timerArmed1","bool false"
"Emulated.HW/ND/CPU/NDBUS/NDBusEthernetII.cs:3966:field:timerInterruptPending","Emulated.HW/ND/CPU/NDBUS/NDBusEthernetII.cs",3966,"field","ETH_IOMem","timerInterruptPending","bool false"
"Emulated.HW/ND/CPU/NDBUS/NDBusEthernetII.cs:3972:field:timerStatus","Emulated.HW/ND/CPU/NDBUS/NDBusEthernetII.cs",3972,"field","ETH_IOMem","timerStatus","byte 0"
"Emulated.HW/ND/CPU/NDBUS/NDBusEthernetII.cs:3977:field:pendingTimerDataWord","Emulated.HW/ND/CPU/NDBUS/NDBusEthernetII.cs",3977,"field","ETH_IOMem","pendingTimerDataWord","ushort 0"
"Emulated.HW/ND/CPU/NDBUS/NDBusEthernetII.cs:3982:field:timerDataHighByteWritten","Emulated.HW/ND/CPU/NDBUS/NDBusEthernetII.cs",3982,"field","ETH_IOMem","timerDataHighByteWritten","bool false"
"Emulated.HW/ND/CPU/NDBUS/NDBusEthernetII.cs:3987:field:lastTimerCommand","Emulated.HW/ND/CPU/NDBUS/NDBusEthernetII.cs",3987,"field","ETH_IOMem","lastTimerCommand","ushort 0"
"Emulated.HW/ND/CPU/NDBUS/NDBusEthernetII.cs:3992:field:timerModeReg1","Emulated.HW/ND/CPU/NDBUS/NDBusEthernetII.cs",3992,"field","ETH_IOMem","timerModeReg1","ushort 0"
"Emulated.HW/ND/CPU/NDBUS/NDBusEthernetII.cs:3998:field:timerTick32","Emulated.HW/ND/CPU/NDBUS/NDBusEthernetII.cs",3998,"field","ETH_IOMem","timerTick32","uint 0"
"Emulated.HW/ND/CPU/NDBUS/NDBusEthernetII.cs:4008:field:stcArmed","Emulated.HW/ND/CPU/NDBUS/NDBusEthernetII.cs",4008,"field","ETH_IOMem","stcArmed","bool false"
"Emulated.HW/ND/CPU/NDBUS/NDBusEthernetII.cs:4019:field:stcCountdown","Emulated.HW/ND/CPU/NDBUS/NDBusEthernetII.cs",4019,"field","ETH_IOMem","stcCountdown","int 0"
"Emulated.HW/ND/CPU/NDBUS/NDBusEthernetII.cs:4024:const:STC_PERIOD_TICKS","Emulated.HW/ND/CPU/NDBUS/NDBusEthernetII.cs",4024,"const","ETH_IOMem","STC_PERIOD_TICKS","int 2000"
"Emulated.HW/ND/CPU/NDBUS/NDBusEthernetII.cs:4030:field:timerConfigReg","Emulated.HW/ND/CPU/NDBUS/NDBusEthernetII.cs",4030,"field","ETH_IOMem","timerConfigReg","ushort 0"
"Emulated.HW/ND/CPU/NDBUS/NDBusEthernetII.cs:4036:field:timerPrescaler","Emulated.HW/ND/CPU/NDBUS/NDBusEthernetII.cs",4036,"field","ETH_IOMem","timerPrescaler","int 0"
"Emulated.HW/ND/CPU/NDBUS/NDBusEthernetII.cs:4042:const:TIMER_PRESCALER_DIVISOR","Emulated.HW/ND/CPU/NDBUS/NDBusEthernetII.cs",4042,"const","ETH_IOMem","TIMER_PRESCALER_DIVISOR","int 256"
"Emulated.HW/ND/CPU/NDBUS/NDBusEthernetII.cs:4048:field:resetSequenceState","Emulated.HW/ND/CPU/NDBUS/NDBusEthernetII.cs",4048,"field","ETH_IOMem","resetSequenceState","int 0"
"Emulated.HW/ND/CPU/NDBUS/NDBusEthernetII.cs:4055:method:ResetTimerController","Emulated.HW/ND/CPU/NDBUS/NDBusEthernetII.cs",4055,"method","ETH_IOMem","ResetTimerController","void ()"
"Emulated.HW/ND/CPU/NDBUS/NDBusEthernetII.cs:4084:property:IsTimerInterruptPending","Emulated.HW/ND/CPU/NDBUS/NDBusEthernetII.cs",4084,"property","ETH_IOMem","IsTimerInterruptPending","bool"
"Emulated.HW/ND/CPU/NDBUS/NDBusEthernetII.cs:4090:method:ClearTimerInterrupt","Emulated.HW/ND/CPU/NDBUS/NDBusEthernetII.cs",4090,"method","ETH_IOMem","ClearTimerInterrupt","void ()"
"Emulated.HW/ND/CPU/NDBUS/NDBusEthernetII.cs:4117:const:SCIP_SIDE_COUNT","Emulated.HW/ND/CPU/NDBUS/NDBusEthernetII.cs",4117,"const","ETH_IOMem","SCIP_SIDE_COUNT","int 8"
"Emulated.HW/ND/CPU/NDBUS/NDBusEthernetII.cs:4118:field:_scipStatus","Emulated.HW/ND/CPU/NDBUS/NDBusEthernetII.cs",4118,"field","ETH_IOMem","_scipStatus","byte[] new byte[SCIP_SIDE_COUNT]"
"Emulated.HW/ND/CPU/NDBUS/NDBusEthernetII.cs:4119:field:_scipRxData","Emulated.HW/ND/CPU/NDBUS/NDBusEthernetII.cs",4119,"field","ETH_IOMem","_scipRxData","byte[] new byte[SCIP_SIDE_COUNT]"
"Emulated.HW/ND/CPU/NDBUS/NDBusEthernetII.cs:4120:field:_scipRxReady","Emulated.HW/ND/CPU/NDBUS/NDBusEthernetII.cs",4120,"field","ETH_IOMem","_scipRxReady","bool[] new bool[SCIP_SIDE_COUNT]"
"Emulated.HW/ND/CPU/NDBUS/NDBusEthernetII.cs:4121:field:_scipCmdCount","Emulated.HW/ND/CPU/NDBUS/NDBusEthernetII.cs",4121,"field","ETH_IOMem","_scipCmdCount","int[] new int[SCIP_SIDE_COUNT]"
"Emulated.HW/ND/CPU/NDBUS/NDBusEthernetII.cs:4127:event:OnSCIPChannelTx","Emulated.HW/ND/CPU/NDBUS/NDBusEthernetII.cs",4127,"event","ETH_IOMem","OnSCIPChannelTx","Action<int>?"
"Emulated.HW/ND/CPU/NDBUS/NDBusEthernetII.cs:4129:method:ResetSCIPChannels","Emulated.HW/ND/CPU/NDBUS/NDBusEthernetII.cs",4129,"method","ETH_IOMem","ResetSCIPChannels","void ()"
"Emulated.HW/ND/CPU/NDBUS/NDBusEthernetII.cs:4145:method:GetSCIPSide","Emulated.HW/ND/CPU/NDBUS/NDBusEthernetII.cs",4145,"method","ETH_IOMem","GetSCIPSide","int (byte offset, out int regType)"
"Emulated.HW/ND/CPU/NDBUS/NDBusEthernetII.cs:4163:method:HandleSCIPChannelAccess","Emulated.HW/ND/CPU/NDBUS/NDBusEthernetII.cs",4163,"method","ETH_IOMem","HandleSCIPChannelAccess","byte (uint address, byte value, bool isWrite)"
"Emulated.HW/ND/CPU/NDBUS/NDBusEthernetII.cs:4246:ctor:ETH_IOMem","Emulated.HW/ND/CPU/NDBUS/NDBusEthernetII.cs",4246,"ctor","ETH_IOMem","ETH_IOMem","(uint start_address, uint length, string name)"
"Emulated.HW/ND/CPU/NDBUS/NDBusEthernetII.cs:4253:method:Clock","Emulated.HW/ND/CPU/NDBUS/NDBusEthernetII.cs",4253,"method","ETH_IOMem","Clock","void (InterruptInfo ii)"
"Emulated.HW/ND/CPU/NDBUS/NDBusEthernetII.cs:4298:method:Read","Emulated.HW/ND/CPU/NDBUS/NDBusEthernetII.cs",4298,"method","ETH_IOMem","Read","byte (uint address)"
"Emulated.HW/ND/CPU/NDBUS/NDBusEthernetII.cs:4303:method:Reset","Emulated.HW/ND/CPU/NDBUS/NDBusEthernetII.cs",4303,"method","ETH_IOMem","Reset","void ()"
"Emulated.HW/ND/CPU/NDBUS/NDBusEthernetII.cs:4310:method:Write","Emulated.HW/ND/CPU/NDBUS/NDBusEthernetII.cs",4310,"method","ETH_IOMem","Write","void (uint address, byte value)"
"Emulated.HW/ND/CPU/NDBUS/NDBusEthernetII.cs:4315:method:handleIoRw","Emulated.HW/ND/CPU/NDBUS/NDBusEthernetII.cs",4315,"method","ETH_IOMem","handleIoRw","byte (uint address, byte value, bool isWrite)"
"Emulated.HW/ND/CPU/NDBUS/NDBusEthernetIIDecode.cs:30:enum:EthStatusReg","Emulated.HW/ND/CPU/NDBUS/NDBusEthernetIIDecode.cs",30,"enum","","EthStatusReg",""
"Emulated.HW/ND/CPU/NDBUS/NDBusEthernetIIDecode.cs:33:enumvalue:None","Emulated.HW/ND/CPU/NDBUS/NDBusEthernetIIDecode.cs",33,"enumvalue","EthStatusReg","None","0"
"Emulated.HW/ND/CPU/NDBUS/NDBusEthernetIIDecode.cs:35:enumvalue:IntEnabledOntoBus","Emulated.HW/ND/CPU/NDBUS/NDBusEthernetIIDecode.cs",35,"enumvalue","EthStatusReg","IntEnabledOntoBus","1 << 0"
"Emulated.HW/ND/CPU/NDBUS/NDBusEthernetIIDecode.cs:37:enumvalue:Int12Set","Emulated.HW/ND/CPU/NDBUS/NDBusEthernetIIDecode.cs",37,"enumvalue","EthStatusReg","Int12Set","1 << 2"
"Emulated.HW/ND/CPU/NDBUS/NDBusEthernetIIDecode.cs:39:enumvalue:ResetActive","Emulated.HW/ND/CPU/NDBUS/NDBusEthernetIIDecode.cs",39,"enumvalue","EthStatusReg","ResetActive","1 << 4"
"Emulated.HW/ND/CPU/NDBUS/NDBusEthernetIIDecode.cs:41:enumvalue:Halt","Emulated.HW/ND/CPU/NDBUS/NDBusEthernetIIDecode.cs",41,"enumvalue","EthStatusReg","Halt","1 << 5"
"Emulated.HW/ND/CPU/NDBUS/NDBusEthernetIIDecode.cs:43:enumvalue:Mem512K","Emulated.HW/ND/CPU/NDBUS/NDBusEthernetIIDecode.cs",43,"enumvalue","EthStatusReg","Mem512K","1 << 6"
"Emulated.HW/ND/CPU/NDBUS/NDBusEthernetIIDecode.cs:50:enum:EthControlWord","Emulated.HW/ND/CPU/NDBUS/NDBusEthernetIIDecode.cs",50,"enum","","EthControlWord",""
"Emulated.HW/ND/CPU/NDBUS/NDBusEthernetIIDecode.cs:53:enumvalue:None","Emulated.HW/ND/CPU/NDBUS/NDBusEthernetIIDecode.cs",53,"enumvalue","EthControlWord","None","0"
"Emulated.HW/ND/CPU/NDBUS/NDBusEthernetIIDecode.cs:55:enumvalue:EnableScipInt","Emulated.HW/ND/CPU/NDBUS/NDBusEthernetIIDecode.cs",55,"enumvalue","EthControlWord","EnableScipInt","1 << 0"
"Emulated.HW/ND/CPU/NDBUS/NDBusEthernetIIDecode.cs:57:enumvalue:NdInterrupt","Emulated.HW/ND/CPU/NDBUS/NDBusEthernetIIDecode.cs",57,"enumvalue","EthControlWord","NdInterrupt","1 << 2"
"Emulated.HW/ND/CPU/NDBUS/NDBusEthernetIIDecode.cs:59:enumvalue:StartOpcom","Emulated.HW/ND/CPU/NDBUS/NDBusEthernetIIDecode.cs",59,"enumvalue","EthControlWord","StartOpcom","1 << 3"
"Emulated.HW/ND/CPU/NDBUS/NDBusEthernetIIDecode.cs:61:enumvalue:Reset","Emulated.HW/ND/CPU/NDBUS/NDBusEthernetIIDecode.cs",61,"enumvalue","EthControlWord","Reset","1 << 4"
"Emulated.HW/ND/CPU/NDBUS/NDBusEthernetIIDecode.cs:63:enumvalue:Halt","Emulated.HW/ND/CPU/NDBUS/NDBusEthernetIIDecode.cs",63,"enumvalue","EthControlWord","Halt","1 << 5"
"Emulated.HW/ND/CPU/NDBUS/NDBusEthernetIIDecode.cs:65:enumvalue:PowerLow","Emulated.HW/ND/CPU/NDBUS/NDBusEthernetIIDecode.cs",65,"enumvalue","EthControlWord","PowerLow","1 << 6"
"Emulated.HW/ND/CPU/NDBUS/NDBusEthernetIIDecode.cs:67:enumvalue:DisableCheckBit","Emulated.HW/ND/CPU/NDBUS/NDBusEthernetIIDecode.cs",67,"enumvalue","EthControlWord","DisableCheckBit","1 << 8"
"Emulated.HW/ND/CPU/NDBUS/NDBusEthernetIIDecode.cs:75:enum:EthHwStat","Emulated.HW/ND/CPU/NDBUS/NDBusEthernetIIDecode.cs",75,"enum","","EthHwStat",""
"Emulated.HW/ND/CPU/NDBUS/NDBusEthernetIIDecode.cs:78:enumvalue:None","Emulated.HW/ND/CPU/NDBUS/NDBusEthernetIIDecode.cs",78,"enumvalue","EthHwStat","None","0"
"Emulated.HW/ND/CPU/NDBUS/NDBusEthernetIIDecode.cs:80:enumvalue:LanInterrupt","Emulated.HW/ND/CPU/NDBUS/NDBusEthernetIIDecode.cs",80,"enumvalue","EthHwStat","LanInterrupt","1 << 0"
"Emulated.HW/ND/CPU/NDBUS/NDBusEthernetIIDecode.cs:82:enumvalue:PowerEnable","Emulated.HW/ND/CPU/NDBUS/NDBusEthernetIIDecode.cs",82,"enumvalue","EthHwStat","PowerEnable","1 << 2"
"Emulated.HW/ND/CPU/NDBUS/NDBusEthernetIIDecode.cs:89:enum:LanceCsr0","Emulated.HW/ND/CPU/NDBUS/NDBusEthernetIIDecode.cs",89,"enum","","LanceCsr0",""
"Emulated.HW/ND/CPU/NDBUS/NDBusEthernetIIDecode.cs:92:enumvalue:None","Emulated.HW/ND/CPU/NDBUS/NDBusEthernetIIDecode.cs",92,"enumvalue","LanceCsr0","None","0"
"Emulated.HW/ND/CPU/NDBUS/NDBusEthernetIIDecode.cs:94:enumvalue:Init","Emulated.HW/ND/CPU/NDBUS/NDBusEthernetIIDecode.cs",94,"enumvalue","LanceCsr0","Init","1 << 0"
"Emulated.HW/ND/CPU/NDBUS/NDBusEthernetIIDecode.cs:96:enumvalue:Strt","Emulated.HW/ND/CPU/NDBUS/NDBusEthernetIIDecode.cs",96,"enumvalue","LanceCsr0","Strt","1 << 1"
"Emulated.HW/ND/CPU/NDBUS/NDBusEthernetIIDecode.cs:98:enumvalue:Stop","Emulated.HW/ND/CPU/NDBUS/NDBusEthernetIIDecode.cs",98,"enumvalue","LanceCsr0","Stop","1 << 2"
"Emulated.HW/ND/CPU/NDBUS/NDBusEthernetIIDecode.cs:100:enumvalue:Tdmd","Emulated.HW/ND/CPU/NDBUS/NDBusEthernetIIDecode.cs",100,"enumvalue","LanceCsr0","Tdmd","1 << 3"
"Emulated.HW/ND/CPU/NDBUS/NDBusEthernetIIDecode.cs:102:enumvalue:Txon","Emulated.HW/ND/CPU/NDBUS/NDBusEthernetIIDecode.cs",102,"enumvalue","LanceCsr0","Txon","1 << 4"
"Emulated.HW/ND/CPU/NDBUS/NDBusEthernetIIDecode.cs:104:enumvalue:Rxon","Emulated.HW/ND/CPU/NDBUS/NDBusEthernetIIDecode.cs",104,"enumvalue","LanceCsr0","Rxon","1 << 5"
"Emulated.HW/ND/CPU/NDBUS/NDBusEthernetIIDecode.cs:106:enumvalue:Inea","Emulated.HW/ND/CPU/NDBUS/NDBusEthernetIIDecode.cs",106,"enumvalue","LanceCsr0","Inea","1 << 6"
"Emulated.HW/ND/CPU/NDBUS/NDBusEthernetIIDecode.cs:108:enumvalue:Intr","Emulated.HW/ND/CPU/NDBUS/NDBusEthernetIIDecode.cs",108,"enumvalue","LanceCsr0","Intr","1 << 7"
"Emulated.HW/ND/CPU/NDBUS/NDBusEthernetIIDecode.cs:110:enumvalue:Idon","Emulated.HW/ND/CPU/NDBUS/NDBusEthernetIIDecode.cs",110,"enumvalue","LanceCsr0","Idon","1 << 8"
"Emulated.HW/ND/CPU/NDBUS/NDBusEthernetIIDecode.cs:112:enumvalue:Tint","Emulated.HW/ND/CPU/NDBUS/NDBusEthernetIIDecode.cs",112,"enumvalue","LanceCsr0","Tint","1 << 9"
"Emulated.HW/ND/CPU/NDBUS/NDBusEthernetIIDecode.cs:114:enumvalue:Rint","Emulated.HW/ND/CPU/NDBUS/NDBusEthernetIIDecode.cs",114,"enumvalue","LanceCsr0","Rint","1 << 10"
"Emulated.HW/ND/CPU/NDBUS/NDBusEthernetIIDecode.cs:116:enumvalue:Merr","Emulated.HW/ND/CPU/NDBUS/NDBusEthernetIIDecode.cs",116,"enumvalue","LanceCsr0","Merr","1 << 11"
"Emulated.HW/ND/CPU/NDBUS/NDBusEthernetIIDecode.cs:118:enumvalue:Miss","Emulated.HW/ND/CPU/NDBUS/NDBusEthernetIIDecode.cs",118,"enumvalue","LanceCsr0","Miss","1 << 12"
"Emulated.HW/ND/CPU/NDBUS/NDBusEthernetIIDecode.cs:120:enumvalue:Cerr","Emulated.HW/ND/CPU/NDBUS/NDBusEthernetIIDecode.cs",120,"enumvalue","LanceCsr0","Cerr","1 << 13"
"Emulated.HW/ND/CPU/NDBUS/NDBusEthernetIIDecode.cs:122:enumvalue:Babl","Emulated.HW/ND/CPU/NDBUS/NDBusEthernetIIDecode.cs",122,"enumvalue","LanceCsr0","Babl","1 << 14"
"Emulated.HW/ND/CPU/NDBUS/NDBusEthernetIIDecode.cs:124:enumvalue:Err","Emulated.HW/ND/CPU/NDBUS/NDBusEthernetIIDecode.cs",124,"enumvalue","LanceCsr0","Err","1 << 15"
"Emulated.HW/ND/CPU/NDBUS/NDBusEthernetIIDecode.cs:131:enum:LanceDescFlags","Emulated.HW/ND/CPU/NDBUS/NDBusEthernetIIDecode.cs",131,"enum","","LanceDescFlags",""
"Emulated.HW/ND/CPU/NDBUS/NDBusEthernetIIDecode.cs:134:enumvalue:None","Emulated.HW/ND/CPU/NDBUS/NDBusEthernetIIDecode.cs",134,"enumvalue","LanceDescFlags","None","0"
"Emulated.HW/ND/CPU/NDBUS/NDBusEthernetIIDecode.cs:136:enumvalue:Enp","Emulated.HW/ND/CPU/NDBUS/NDBusEthernetIIDecode.cs",136,"enumvalue","LanceDescFlags","Enp","1 << 8"
"Emulated.HW/ND/CPU/NDBUS/NDBusEthernetIIDecode.cs:138:enumvalue:Stp","Emulated.HW/ND/CPU/NDBUS/NDBusEthernetIIDecode.cs",138,"enumvalue","LanceDescFlags","Stp","1 << 9"
"Emulated.HW/ND/CPU/NDBUS/NDBusEthernetIIDecode.cs:140:enumvalue:Buff","Emulated.HW/ND/CPU/NDBUS/NDBusEthernetIIDecode.cs",140,"enumvalue","LanceDescFlags","Buff","1 << 10"
"Emulated.HW/ND/CPU/NDBUS/NDBusEthernetIIDecode.cs:142:enumvalue:Crc","Emulated.HW/ND/CPU/NDBUS/NDBusEthernetIIDecode.cs",142,"enumvalue","LanceDescFlags","Crc","1 << 11"
"Emulated.HW/ND/CPU/NDBUS/NDBusEthernetIIDecode.cs:144:enumvalue:Oflo","Emulated.HW/ND/CPU/NDBUS/NDBusEthernetIIDecode.cs",144,"enumvalue","LanceDescFlags","Oflo","1 << 12"
"Emulated.HW/ND/CPU/NDBUS/NDBusEthernetIIDecode.cs:146:enumvalue:Fram","Emulated.HW/ND/CPU/NDBUS/NDBusEthernetIIDecode.cs",146,"enumvalue","LanceDescFlags","Fram","1 << 13"
"Emulated.HW/ND/CPU/NDBUS/NDBusEthernetIIDecode.cs:148:enumvalue:Err","Emulated.HW/ND/CPU/NDBUS/NDBusEthernetIIDecode.cs",148,"enumvalue","LanceDescFlags","Err","1 << 14"
"Emulated.HW/ND/CPU/NDBUS/NDBusEthernetIIDecode.cs:150:enumvalue:Own","Emulated.HW/ND/CPU/NDBUS/NDBusEthernetIIDecode.cs",150,"enumvalue","LanceDescFlags","Own","1 << 15"
"Emulated.HW/ND/CPU/NDBUS/NDBusEthernetIIDecode.cs:157:enum:MonitorCode","Emulated.HW/ND/CPU/NDBUS/NDBusEthernetIIDecode.cs",157,"enum","","MonitorCode",""
"Emulated.HW/ND/CPU/NDBUS/NDBusEthernetIIDecode.cs:160:enumvalue:SyncWait","Emulated.HW/ND/CPU/NDBUS/NDBusEthernetIIDecode.cs",160,"enumvalue","MonitorCode","SyncWait","2"
"Emulated.HW/ND/CPU/NDBUS/NDBusEthernetIIDecode.cs:162:enumvalue:Ready","Emulated.HW/ND/CPU/NDBUS/NDBusEthernetIIDecode.cs",162,"enumvalue","MonitorCode","Ready","3"
"Emulated.HW/ND/CPU/NDBUS/NDBusEthernetIIDecode.cs:164:enumvalue:WarmBoot","Emulated.HW/ND/CPU/NDBUS/NDBusEthernetIIDecode.cs",164,"enumvalue","MonitorCode","WarmBoot","4"
"Emulated.HW/ND/CPU/NDBUS/NDBusEthernetIIDecode.cs:171:class:EthDecode","Emulated.HW/ND/CPU/NDBUS/NDBusEthernetIIDecode.cs",171,"class","","EthDecode",""
"Emulated.HW/ND/CPU/NDBUS/NDBusEthernetIIDecode.cs:180:method:DescribeStatus","Emulated.HW/ND/CPU/NDBUS/NDBusEthernetIIDecode.cs",180,"method","EthDecode","DescribeStatus","string (ushort status)"
"Emulated.HW/ND/CPU/NDBUS/NDBusEthernetIIDecode.cs:189:method:DescribeControl","Emulated.HW/ND/CPU/NDBUS/NDBusEthernetIIDecode.cs",189,"method","EthDecode","DescribeControl","string (ushort control)"
"Emulated.HW/ND/CPU/NDBUS/NDBusEthernetIIDecode.cs:196:method:DescribeHwStat","Emulated.HW/ND/CPU/NDBUS/NDBusEthernetIIDecode.cs",196,"method","EthDecode","DescribeHwStat","string (ushort ethstat)"
"Emulated.HW/ND/CPU/NDBUS/NDBusEthernetIIDecode.cs:205:method:DescribeCsr0","Emulated.HW/ND/CPU/NDBUS/NDBusEthernetIIDecode.cs",205,"method","EthDecode","DescribeCsr0","string (ushort csr0)"
"Emulated.HW/ND/CPU/NDBUS/NDBusEthernetIIDecode.cs:209:method:DescribeDescFlags","Emulated.HW/ND/CPU/NDBUS/NDBusEthernetIIDecode.cs",209,"method","EthDecode","DescribeDescFlags","string (ushort md1)"
"Emulated.HW/ND/CPU/NDBUS/NDBusEthernetIIDecode.cs:216:method:DescribeMonitorCode","Emulated.HW/ND/CPU/NDBUS/NDBusEthernetIIDecode.cs",216,"method","EthDecode","DescribeMonitorCode","string (ushort code)"
"Emulated.HW/ND/CPU/NDBUS/NDBusEthernetIIDecode.cs:220:case:2","Emulated.HW/ND/CPU/NDBUS/NDBusEthernetIIDecode.cs",220,"case","EthDecode.DescribeMonitorCode()","2",""
"Emulated.HW/ND/CPU/NDBUS/NDBusEthernetIIDecode.cs:221:case:3","Emulated.HW/ND/CPU/NDBUS/NDBusEthernetIIDecode.cs",221,"case","EthDecode.DescribeMonitorCode()","3",""
"Emulated.HW/ND/CPU/NDBUS/NDBusEthernetIIDecode.cs:222:case:4","Emulated.HW/ND/CPU/NDBUS/NDBusEthernetIIDecode.cs",222,"case","EthDecode.DescribeMonitorCode()","4",""
"Emulated.HW/ND/CPU/NDBUS/NDBusEthernetIIDecode.cs:223:case:default","Emulated.HW/ND/CPU/NDBUS/NDBusEthernetIIDecode.cs",223,"case","EthDecode.DescribeMonitorCode()","default",""
"Emulated.HW/ND/CPU/NDBUS/NDBusEthernetIIDecode.cs:234:method:DescribeEthernetFrame","Emulated.HW/ND/CPU/NDBUS/NDBusEthernetIIDecode.cs",234,"method","EthDecode","DescribeEthernetFrame","string (ReadOnlySpan<byte> frame)"
"Emulated.HW/ND/CPU/NDBUS/NDBusEthernetIIDecode.cs:249:method:FormatMac","Emulated.HW/ND/CPU/NDBUS/NDBusEthernetIIDecode.cs",249,"method","EthDecode","FormatMac","string (ReadOnlySpan<byte> mac)"
"Emulated.HW/ND/CPU/NDBUS/NDBusEthernetIIDecode.cs:265:method:EtherTypeName","Emulated.HW/ND/CPU/NDBUS/NDBusEthernetIIDecode.cs",265,"method","EthDecode","EtherTypeName","string (ushort etherType)"
"Emulated.HW/ND/CPU/NDBUS/NDBusEthernetIIDecode.cs:269:case:0x0800","Emulated.HW/ND/CPU/NDBUS/NDBusEthernetIIDecode.cs",269,"case","EthDecode.EtherTypeName()","0x0800",""
"Emulated.HW/ND/CPU/NDBUS/NDBusEthernetIIDecode.cs:270:case:0x0806","Emulated.HW/ND/CPU/NDBUS/NDBusEthernetIIDecode.cs",270,"case","EthDecode.EtherTypeName()","0x0806",""
"Emulated.HW/ND/CPU/NDBUS/NDBusEthernetIIDecode.cs:271:case:0x8035","Emulated.HW/ND/CPU/NDBUS/NDBusEthernetIIDecode.cs",271,"case","EthDecode.EtherTypeName()","0x8035",""
"Emulated.HW/ND/CPU/NDBUS/NDBusEthernetIIDecode.cs:272:case:0x809B","Emulated.HW/ND/CPU/NDBUS/NDBusEthernetIIDecode.cs",272,"case","EthDecode.EtherTypeName()","0x809B",""
"Emulated.HW/ND/CPU/NDBUS/NDBusEthernetIIDecode.cs:273:case:0x8137","Emulated.HW/ND/CPU/NDBUS/NDBusEthernetIIDecode.cs",273,"case","EthDecode.EtherTypeName()","0x8137",""
"Emulated.HW/ND/CPU/NDBUS/NDBusEthernetIIDecode.cs:274:case:0x86DD","Emulated.HW/ND/CPU/NDBUS/NDBusEthernetIIDecode.cs",274,"case","EthDecode.EtherTypeName()","0x86DD",""
"Emulated.HW/ND/CPU/NDBUS/NDBusEthernetIIDecode.cs:275:case:0x88CC","Emulated.HW/ND/CPU/NDBUS/NDBusEthernetIIDecode.cs",275,"case","EthDecode.EtherTypeName()","0x88CC",""
"Emulated.HW/ND/CPU/NDBUS/NDBusEthernetIIDecode.cs:276:case:default","Emulated.HW/ND/CPU/NDBUS/NDBusEthernetIIDecode.cs",276,"case","EthDecode.EtherTypeName()","default",""
"Emulated.HW/ND/CPU/NDBUS/NDBusEthernetIIDecode.cs:284:method:HexNibble","Emulated.HW/ND/CPU/NDBUS/NDBusEthernetIIDecode.cs",284,"method","EthDecode","HexNibble","char (int n)"
"Emulated.HW/ND/CPU/NDBUS/NDBusEthernetIIDecode.cs:291:method:NameFlags","Emulated.HW/ND/CPU/NDBUS/NDBusEthernetIIDecode.cs",291,"method","EthDecode","NameFlags","string (ushort value, Type enumType)"
"Emulated.HW/AMD/LANCE/Am7990/Am2990Lance.cs:135:enum:LANCERegisters","Emulated.HW/AMD/LANCE/Am7990/Am2990Lance.cs",135,"enum","","LANCERegisters",""
"Emulated.HW/AMD/LANCE/Am7990/Am2990Lance.cs:137:enumvalue:RegisterDataPort","Emulated.HW/AMD/LANCE/Am7990/Am2990Lance.cs",137,"enumvalue","LANCERegisters","RegisterDataPort","0"
"Emulated.HW/AMD/LANCE/Am7990/Am2990Lance.cs:138:enumvalue:RegisterAddressPort","Emulated.HW/AMD/LANCE/Am7990/Am2990Lance.cs",138,"enumvalue","LANCERegisters","RegisterAddressPort","2"
"Emulated.HW/AMD/LANCE/Am7990/Am2990Lance.cs:142:enum:CSRAddress","Emulated.HW/AMD/LANCE/Am7990/Am2990Lance.cs",142,"enum","","CSRAddress",""
"Emulated.HW/AMD/LANCE/Am7990/Am2990Lance.cs:144:enumvalue:CSR0","Emulated.HW/AMD/LANCE/Am7990/Am2990Lance.cs",144,"enumvalue","CSRAddress","CSR0","0"
"Emulated.HW/AMD/LANCE/Am7990/Am2990Lance.cs:145:enumvalue:CSR1","Emulated.HW/AMD/LANCE/Am7990/Am2990Lance.cs",145,"enumvalue","CSRAddress","CSR1","1"
"Emulated.HW/AMD/LANCE/Am7990/Am2990Lance.cs:146:enumvalue:CSR2","Emulated.HW/AMD/LANCE/Am7990/Am2990Lance.cs",146,"enumvalue","CSRAddress","CSR2","2"
"Emulated.HW/AMD/LANCE/Am7990/Am2990Lance.cs:147:enumvalue:CSR3","Emulated.HW/AMD/LANCE/Am7990/Am2990Lance.cs",147,"enumvalue","CSRAddress","CSR3","3"
"Emulated.HW/AMD/LANCE/Am7990/Am2990Lance.cs:154:enum:CSR0Flags","Emulated.HW/AMD/LANCE/Am7990/Am2990Lance.cs",154,"enum","","CSR0Flags",""
"Emulated.HW/AMD/LANCE/Am7990/Am2990Lance.cs:160:enumvalue:INIT","Emulated.HW/AMD/LANCE/Am7990/Am2990Lance.cs",160,"enumvalue","CSR0Flags","INIT","1 << 0"
"Emulated.HW/AMD/LANCE/Am7990/Am2990Lance.cs:165:enumvalue:STRT","Emulated.HW/AMD/LANCE/Am7990/Am2990Lance.cs",165,"enumvalue","CSR0Flags","STRT","1 << 1"
"Emulated.HW/AMD/LANCE/Am7990/Am2990Lance.cs:170:enumvalue:STOP","Emulated.HW/AMD/LANCE/Am7990/Am2990Lance.cs",170,"enumvalue","CSR0Flags","STOP","1 << 2"
"Emulated.HW/AMD/LANCE/Am7990/Am2990Lance.cs:175:enumvalue:TDMD","Emulated.HW/AMD/LANCE/Am7990/Am2990Lance.cs",175,"enumvalue","CSR0Flags","TDMD","1 << 3"
"Emulated.HW/AMD/LANCE/Am7990/Am2990Lance.cs:180:enumvalue:TXON","Emulated.HW/AMD/LANCE/Am7990/Am2990Lance.cs",180,"enumvalue","CSR0Flags","TXON","1 << 4"
"Emulated.HW/AMD/LANCE/Am7990/Am2990Lance.cs:185:enumvalue:RXON","Emulated.HW/AMD/LANCE/Am7990/Am2990Lance.cs",185,"enumvalue","CSR0Flags","RXON","1 << 5"
"Emulated.HW/AMD/LANCE/Am7990/Am2990Lance.cs:190:enumvalue:INEA","Emulated.HW/AMD/LANCE/Am7990/Am2990Lance.cs",190,"enumvalue","CSR0Flags","INEA","1 << 6"
"Emulated.HW/AMD/LANCE/Am7990/Am2990Lance.cs:195:enumvalue:INTR","Emulated.HW/AMD/LANCE/Am7990/Am2990Lance.cs",195,"enumvalue","CSR0Flags","INTR","1 << 7"
"Emulated.HW/AMD/LANCE/Am7990/Am2990Lance.cs:200:enumvalue:IDON","Emulated.HW/AMD/LANCE/Am7990/Am2990Lance.cs",200,"enumvalue","CSR0Flags","IDON","1 << 8"
"Emulated.HW/AMD/LANCE/Am7990/Am2990Lance.cs:205:enumvalue:TINT","Emulated.HW/AMD/LANCE/Am7990/Am2990Lance.cs",205,"enumvalue","CSR0Flags","TINT","1 << 9"
"Emulated.HW/AMD/LANCE/Am7990/Am2990Lance.cs:210:enumvalue:RINT","Emulated.HW/AMD/LANCE/Am7990/Am2990Lance.cs",210,"enumvalue","CSR0Flags","RINT","1 << 10"
"Emulated.HW/AMD/LANCE/Am7990/Am2990Lance.cs:215:enumvalue:MERR","Emulated.HW/AMD/LANCE/Am7990/Am2990Lance.cs",215,"enumvalue","CSR0Flags","MERR","1 << 11"
"Emulated.HW/AMD/LANCE/Am7990/Am2990Lance.cs:220:enumvalue:MISS","Emulated.HW/AMD/LANCE/Am7990/Am2990Lance.cs",220,"enumvalue","CSR0Flags","MISS","1 << 12"
"Emulated.HW/AMD/LANCE/Am7990/Am2990Lance.cs:225:enumvalue:CERR","Emulated.HW/AMD/LANCE/Am7990/Am2990Lance.cs",225,"enumvalue","CSR0Flags","CERR","1 << 13"
"Emulated.HW/AMD/LANCE/Am7990/Am2990Lance.cs:230:enumvalue:BABL","Emulated.HW/AMD/LANCE/Am7990/Am2990Lance.cs",230,"enumvalue","CSR0Flags","BABL","1 << 14"
"Emulated.HW/AMD/LANCE/Am7990/Am2990Lance.cs:235:enumvalue:ERR","Emulated.HW/AMD/LANCE/Am7990/Am2990Lance.cs",235,"enumvalue","CSR0Flags","ERR","1 << 15"
"Emulated.HW/AMD/LANCE/Am7990/Am2990Lance.cs:240:enumvalue:ANY_INTR","Emulated.HW/AMD/LANCE/Am7990/Am2990Lance.cs",240,"enumvalue","CSR0Flags","ANY_INTR","BABL | MISS | MERR | RINT | TINT | IDON"
"Emulated.HW/AMD/LANCE/Am7990/Am2990Lance.cs:245:enumvalue:ANY_ERR","Emulated.HW/AMD/LANCE/Am7990/Am2990Lance.cs",245,"enumvalue","CSR0Flags","ANY_ERR","BABL | CERR | MISS | MERR"
"Emulated.HW/AMD/LANCE/Am7990/Am2990Lance.cs:252:enum:CSR3Flags","Emulated.HW/AMD/LANCE/Am7990/Am2990Lance.cs",252,"enum","","CSR3Flags",""
"Emulated.HW/AMD/LANCE/Am7990/Am2990Lance.cs:258:enumvalue:BCON","Emulated.HW/AMD/LANCE/Am7990/Am2990Lance.cs",258,"enumvalue","CSR3Flags","BCON","1 << 0"
"Emulated.HW/AMD/LANCE/Am7990/Am2990Lance.cs:263:enumvalue:ACON","Emulated.HW/AMD/LANCE/Am7990/Am2990Lance.cs",263,"enumvalue","CSR3Flags","ACON","1 << 1"
"Emulated.HW/AMD/LANCE/Am7990/Am2990Lance.cs:268:enumvalue:BSWP","Emulated.HW/AMD/LANCE/Am7990/Am2990Lance.cs",268,"enumvalue","CSR3Flags","BSWP","1 << 2"
"Emulated.HW/AMD/LANCE/Am7990/Am2990Lance.cs:273:enumvalue:IDONM","Emulated.HW/AMD/LANCE/Am7990/Am2990Lance.cs",273,"enumvalue","CSR3Flags","IDONM","1 << 8"
"Emulated.HW/AMD/LANCE/Am7990/Am2990Lance.cs:278:enumvalue:TINTM","Emulated.HW/AMD/LANCE/Am7990/Am2990Lance.cs",278,"enumvalue","CSR3Flags","TINTM","1 << 9"
"Emulated.HW/AMD/LANCE/Am7990/Am2990Lance.cs:283:enumvalue:RINTM","Emulated.HW/AMD/LANCE/Am7990/Am2990Lance.cs",283,"enumvalue","CSR3Flags","RINTM","1 << 10"
"Emulated.HW/AMD/LANCE/Am7990/Am2990Lance.cs:288:enumvalue:MERRM","Emulated.HW/AMD/LANCE/Am7990/Am2990Lance.cs",288,"enumvalue","CSR3Flags","MERRM","1 << 11"
"Emulated.HW/AMD/LANCE/Am7990/Am2990Lance.cs:293:enumvalue:MISSM","Emulated.HW/AMD/LANCE/Am7990/Am2990Lance.cs",293,"enumvalue","CSR3Flags","MISSM","1 << 12"
"Emulated.HW/AMD/LANCE/Am7990/Am2990Lance.cs:298:enumvalue:CERRM","Emulated.HW/AMD/LANCE/Am7990/Am2990Lance.cs",298,"enumvalue","CSR3Flags","CERRM","1 << 13"
"Emulated.HW/AMD/LANCE/Am7990/Am2990Lance.cs:303:enumvalue:BABLM","Emulated.HW/AMD/LANCE/Am7990/Am2990Lance.cs",303,"enumvalue","CSR3Flags","BABLM","1 << 14"
"Emulated.HW/AMD/LANCE/Am7990/Am2990Lance.cs:308:enumvalue:MASK","Emulated.HW/AMD/LANCE/Am7990/Am2990Lance.cs",308,"enumvalue","CSR3Flags","MASK","0x0007"
"Emulated.HW/AMD/LANCE/Am7990/Am2990Lance.cs:315:enum:ModeFlags","Emulated.HW/AMD/LANCE/Am7990/Am2990Lance.cs",315,"enum","","ModeFlags",""
"Emulated.HW/AMD/LANCE/Am7990/Am2990Lance.cs:321:enumvalue:DRX","Emulated.HW/AMD/LANCE/Am7990/Am2990Lance.cs",321,"enumvalue","ModeFlags","DRX","1 << 0"
"Emulated.HW/AMD/LANCE/Am7990/Am2990Lance.cs:326:enumvalue:DTX","Emulated.HW/AMD/LANCE/Am7990/Am2990Lance.cs",326,"enumvalue","ModeFlags","DTX","1 << 1"
"Emulated.HW/AMD/LANCE/Am7990/Am2990Lance.cs:331:enumvalue:LOOP","Emulated.HW/AMD/LANCE/Am7990/Am2990Lance.cs",331,"enumvalue","ModeFlags","LOOP","1 << 2"
"Emulated.HW/AMD/LANCE/Am7990/Am2990Lance.cs:336:enumvalue:DTCR","Emulated.HW/AMD/LANCE/Am7990/Am2990Lance.cs",336,"enumvalue","ModeFlags","DTCR","1 << 3"
"Emulated.HW/AMD/LANCE/Am7990/Am2990Lance.cs:341:enumvalue:COLL","Emulated.HW/AMD/LANCE/Am7990/Am2990Lance.cs",341,"enumvalue","ModeFlags","COLL","1 << 4"
"Emulated.HW/AMD/LANCE/Am7990/Am2990Lance.cs:346:enumvalue:DRTY","Emulated.HW/AMD/LANCE/Am7990/Am2990Lance.cs",346,"enumvalue","ModeFlags","DRTY","1 << 5"
"Emulated.HW/AMD/LANCE/Am7990/Am2990Lance.cs:351:enumvalue:INTL","Emulated.HW/AMD/LANCE/Am7990/Am2990Lance.cs",351,"enumvalue","ModeFlags","INTL","1 << 6"
"Emulated.HW/AMD/LANCE/Am7990/Am2990Lance.cs:356:enumvalue:EMBA","Emulated.HW/AMD/LANCE/Am7990/Am2990Lance.cs",356,"enumvalue","ModeFlags","EMBA","1 << 7"
"Emulated.HW/AMD/LANCE/Am7990/Am2990Lance.cs:361:enumvalue:PROM","Emulated.HW/AMD/LANCE/Am7990/Am2990Lance.cs",361,"enumvalue","ModeFlags","PROM","1 << 15"
"Emulated.HW/AMD/LANCE/Am7990/Am2990Lance.cs:368:enum:TMD1Flags","Emulated.HW/AMD/LANCE/Am7990/Am2990Lance.cs",368,"enum","","TMD1Flags",""
"Emulated.HW/AMD/LANCE/Am7990/Am2990Lance.cs:374:enumvalue:HADR","Emulated.HW/AMD/LANCE/Am7990/Am2990Lance.cs",374,"enumvalue","TMD1Flags","HADR","0x00FF"
"Emulated.HW/AMD/LANCE/Am7990/Am2990Lance.cs:379:enumvalue:ENP","Emulated.HW/AMD/LANCE/Am7990/Am2990Lance.cs",379,"enumvalue","TMD1Flags","ENP","1 << 8"
"Emulated.HW/AMD/LANCE/Am7990/Am2990Lance.cs:384:enumvalue:STP","Emulated.HW/AMD/LANCE/Am7990/Am2990Lance.cs",384,"enumvalue","TMD1Flags","STP","1 << 9"
"Emulated.HW/AMD/LANCE/Am7990/Am2990Lance.cs:389:enumvalue:DEF","Emulated.HW/AMD/LANCE/Am7990/Am2990Lance.cs",389,"enumvalue","TMD1Flags","DEF","1 << 10"
"Emulated.HW/AMD/LANCE/Am7990/Am2990Lance.cs:394:enumvalue:ONE","Emulated.HW/AMD/LANCE/Am7990/Am2990Lance.cs",394,"enumvalue","TMD1Flags","ONE","1 << 11"
"Emulated.HW/AMD/LANCE/Am7990/Am2990Lance.cs:399:enumvalue:MORE","Emulated.HW/AMD/LANCE/Am7990/Am2990Lance.cs",399,"enumvalue","TMD1Flags","MORE","1 << 12"
"Emulated.HW/AMD/LANCE/Am7990/Am2990Lance.cs:404:enumvalue:ADD_FCS","Emulated.HW/AMD/LANCE/Am7990/Am2990Lance.cs",404,"enumvalue","TMD1Flags","ADD_FCS","1 << 13"
"Emulated.HW/AMD/LANCE/Am7990/Am2990Lance.cs:409:enumvalue:ERR","Emulated.HW/AMD/LANCE/Am7990/Am2990Lance.cs",409,"enumvalue","TMD1Flags","ERR","1 << 14"
"Emulated.HW/AMD/LANCE/Am7990/Am2990Lance.cs:414:enumvalue:OWN","Emulated.HW/AMD/LANCE/Am7990/Am2990Lance.cs",414,"enumvalue","TMD1Flags","OWN","1 << 15"
"Emulated.HW/AMD/LANCE/Am7990/Am2990Lance.cs:421:enum:TMD3Flags","Emulated.HW/AMD/LANCE/Am7990/Am2990Lance.cs",421,"enum","","TMD3Flags",""
"Emulated.HW/AMD/LANCE/Am7990/Am2990Lance.cs:427:enumvalue:TDR","Emulated.HW/AMD/LANCE/Am7990/Am2990Lance.cs",427,"enumvalue","TMD3Flags","TDR","0x03FF"
"Emulated.HW/AMD/LANCE/Am7990/Am2990Lance.cs:432:enumvalue:RTRY","Emulated.HW/AMD/LANCE/Am7990/Am2990Lance.cs",432,"enumvalue","TMD3Flags","RTRY","1 << 10"
"Emulated.HW/AMD/LANCE/Am7990/Am2990Lance.cs:437:enumvalue:LCAR","Emulated.HW/AMD/LANCE/Am7990/Am2990Lance.cs",437,"enumvalue","TMD3Flags","LCAR","1 << 11"
"Emulated.HW/AMD/LANCE/Am7990/Am2990Lance.cs:442:enumvalue:LCOL","Emulated.HW/AMD/LANCE/Am7990/Am2990Lance.cs",442,"enumvalue","TMD3Flags","LCOL","1 << 12"
"Emulated.HW/AMD/LANCE/Am7990/Am2990Lance.cs:447:enumvalue:UFLO","Emulated.HW/AMD/LANCE/Am7990/Am2990Lance.cs",447,"enumvalue","TMD3Flags","UFLO","1 << 14"
"Emulated.HW/AMD/LANCE/Am7990/Am2990Lance.cs:452:enumvalue:BUFF","Emulated.HW/AMD/LANCE/Am7990/Am2990Lance.cs",452,"enumvalue","TMD3Flags","BUFF","1 << 15"
"Emulated.HW/AMD/LANCE/Am7990/Am2990Lance.cs:459:enum:RMD1Flags","Emulated.HW/AMD/LANCE/Am7990/Am2990Lance.cs",459,"enum","","RMD1Flags",""
"Emulated.HW/AMD/LANCE/Am7990/Am2990Lance.cs:465:enumvalue:HADR","Emulated.HW/AMD/LANCE/Am7990/Am2990Lance.cs",465,"enumvalue","RMD1Flags","HADR","0x00FF"
"Emulated.HW/AMD/LANCE/Am7990/Am2990Lance.cs:470:enumvalue:ENP","Emulated.HW/AMD/LANCE/Am7990/Am2990Lance.cs",470,"enumvalue","RMD1Flags","ENP","1 << 8"
"Emulated.HW/AMD/LANCE/Am7990/Am2990Lance.cs:475:enumvalue:STP","Emulated.HW/AMD/LANCE/Am7990/Am2990Lance.cs",475,"enumvalue","RMD1Flags","STP","1 << 9"
"Emulated.HW/AMD/LANCE/Am7990/Am2990Lance.cs:480:enumvalue:BUFF","Emulated.HW/AMD/LANCE/Am7990/Am2990Lance.cs",480,"enumvalue","RMD1Flags","BUFF","1 << 10"
"Emulated.HW/AMD/LANCE/Am7990/Am2990Lance.cs:485:enumvalue:CRC","Emulated.HW/AMD/LANCE/Am7990/Am2990Lance.cs",485,"enumvalue","RMD1Flags","CRC","1 << 11"
"Emulated.HW/AMD/LANCE/Am7990/Am2990Lance.cs:490:enumvalue:OFLO","Emulated.HW/AMD/LANCE/Am7990/Am2990Lance.cs",490,"enumvalue","RMD1Flags","OFLO","1 << 12"
"Emulated.HW/AMD/LANCE/Am7990/Am2990Lance.cs:495:enumvalue:FRAM","Emulated.HW/AMD/LANCE/Am7990/Am2990Lance.cs",495,"enumvalue","RMD1Flags","FRAM","1 << 13"
"Emulated.HW/AMD/LANCE/Am7990/Am2990Lance.cs:500:enumvalue:ERR","Emulated.HW/AMD/LANCE/Am7990/Am2990Lance.cs",500,"enumvalue","RMD1Flags","ERR","1 << 14"
"Emulated.HW/AMD/LANCE/Am7990/Am2990Lance.cs:505:enumvalue:OWN","Emulated.HW/AMD/LANCE/Am7990/Am2990Lance.cs",505,"enumvalue","RMD1Flags","OWN","1 << 15"
"Emulated.HW/AMD/LANCE/Am7990/Am2990Lance.cs:511:enum:RMD3Flags","Emulated.HW/AMD/LANCE/Am7990/Am2990Lance.cs",511,"enum","","RMD3Flags",""
"Emulated.HW/AMD/LANCE/Am7990/Am2990Lance.cs:516:enumvalue:MCNT","Emulated.HW/AMD/LANCE/Am7990/Am2990Lance.cs",516,"enumvalue","RMD3Flags","MCNT","0x0FFF"
"Emulated.HW/AMD/LANCE/Am7990/Am2990Lance.cs:519:class:Am7990Lance","Emulated.HW/AMD/LANCE/Am7990/Am2990Lance.cs",519,"class","","Am7990Lance",""
"Emulated.HW/AMD/LANCE/Am7990/Am2990Lance.cs:533:property:SwapByteLanes","Emulated.HW/AMD/LANCE/Am7990/Am2990Lance.cs",533,"property","Am7990Lance","SwapByteLanes","bool"
"Emulated.HW/AMD/LANCE/Am7990/Am2990Lance.cs:536:field:rap","Emulated.HW/AMD/LANCE/Am7990/Am2990Lance.cs",536,"field","Am7990Lance","rap","ushort"
"Emulated.HW/AMD/LANCE/Am7990/Am2990Lance.cs:537:field:csr","Emulated.HW/AMD/LANCE/Am7990/Am2990Lance.cs",537,"field","Am7990Lance","csr","ushort[] new ushort[4]"
"Emulated.HW/AMD/LANCE/Am7990/Am2990Lance.cs:540:field:rdpLatchLo","Emulated.HW/AMD/LANCE/Am7990/Am2990Lance.cs",540,"field","Am7990Lance","rdpLatchLo","byte"
"Emulated.HW/AMD/LANCE/Am7990/Am2990Lance.cs:541:field:rapLatchLo","Emulated.HW/AMD/LANCE/Am7990/Am2990Lance.cs",541,"field","Am7990Lance","rapLatchLo","byte"
"Emulated.HW/AMD/LANCE/Am7990/Am2990Lance.cs:542:field:rdpLatchValid","Emulated.HW/AMD/LANCE/Am7990/Am2990Lance.cs",542,"field","Am7990Lance","rdpLatchValid","bool"
"Emulated.HW/AMD/LANCE/Am7990/Am2990Lance.cs:543:field:rapLatchValid","Emulated.HW/AMD/LANCE/Am7990/Am2990Lance.cs",543,"field","Am7990Lance","rapLatchValid","bool"
"Emulated.HW/AMD/LANCE/Am7990/Am2990Lance.cs:546:property:RegisterDataPort","Emulated.HW/AMD/LANCE/Am7990/Am2990Lance.cs",546,"property","Am7990Lance","RegisterDataPort","ushort"
"Emulated.HW/AMD/LANCE/Am7990/Am2990Lance.cs:549:property:RegisterAddressPointer","Emulated.HW/AMD/LANCE/Am7990/Am2990Lance.cs",549,"property","Am7990Lance","RegisterAddressPointer","ushort"
"Emulated.HW/AMD/LANCE/Am7990/Am2990Lance.cs:552:property:CSR0","Emulated.HW/AMD/LANCE/Am7990/Am2990Lance.cs",552,"property","Am7990Lance","CSR0","CSR0Flags"
"Emulated.HW/AMD/LANCE/Am7990/Am2990Lance.cs:571:property:CSR1","Emulated.HW/AMD/LANCE/Am7990/Am2990Lance.cs",571,"property","Am7990Lance","CSR1","ushort"
"Emulated.HW/AMD/LANCE/Am7990/Am2990Lance.cs:574:property:CSR2","Emulated.HW/AMD/LANCE/Am7990/Am2990Lance.cs",574,"property","Am7990Lance","CSR2","ushort"
"Emulated.HW/AMD/LANCE/Am7990/Am2990Lance.cs:577:property:CSR3","Emulated.HW/AMD/LANCE/Am7990/Am2990Lance.cs",577,"property","Am7990Lance","CSR3","CSR3Flags"
"Emulated.HW/AMD/LANCE/Am7990/Am2990Lance.cs:590:field:initBlockAddress","Emulated.HW/AMD/LANCE/Am7990/Am2990Lance.cs",590,"field","Am7990Lance","initBlockAddress","uint"
"Emulated.HW/AMD/LANCE/Am7990/Am2990Lance.cs:591:field:initialized","Emulated.HW/AMD/LANCE/Am7990/Am2990Lance.cs",591,"field","Am7990Lance","initialized","bool"
"Emulated.HW/AMD/LANCE/Am7990/Am2990Lance.cs:594:field:mode","Emulated.HW/AMD/LANCE/Am7990/Am2990Lance.cs",594,"field","Am7990Lance","mode","ModeFlags"
"Emulated.HW/AMD/LANCE/Am7990/Am2990Lance.cs:595:field:logicalAddressFilter","Emulated.HW/AMD/LANCE/Am7990/Am2990Lance.cs",595,"field","Am7990Lance","logicalAddressFilter","ulong"
"Emulated.HW/AMD/LANCE/Am7990/Am2990Lance.cs:596:field:physicalAddress","Emulated.HW/AMD/LANCE/Am7990/Am2990Lance.cs",596,"field","Am7990Lance","physicalAddress","byte[] new byte[6]"
"Emulated.HW/AMD/LANCE/Am7990/Am2990Lance.cs:599:field:rxRingBase","Emulated.HW/AMD/LANCE/Am7990/Am2990Lance.cs",599,"field","Am7990Lance","rxRingBase","uint"
"Emulated.HW/AMD/LANCE/Am7990/Am2990Lance.cs:600:field:rxRingMask","Emulated.HW/AMD/LANCE/Am7990/Am2990Lance.cs",600,"field","Am7990Lance","rxRingMask","byte"
"Emulated.HW/AMD/LANCE/Am7990/Am2990Lance.cs:601:field:rxRingPos","Emulated.HW/AMD/LANCE/Am7990/Am2990Lance.cs",601,"field","Am7990Lance","rxRingPos","byte"
"Emulated.HW/AMD/LANCE/Am7990/Am2990Lance.cs:602:field:rxMd","Emulated.HW/AMD/LANCE/Am7990/Am2990Lance.cs",602,"field","Am7990Lance","rxMd","ushort[] new ushort[4]"
"Emulated.HW/AMD/LANCE/Am7990/Am2990Lance.cs:605:field:txRingBase","Emulated.HW/AMD/LANCE/Am7990/Am2990Lance.cs",605,"field","Am7990Lance","txRingBase","uint"
"Emulated.HW/AMD/LANCE/Am7990/Am2990Lance.cs:606:field:txRingMask","Emulated.HW/AMD/LANCE/Am7990/Am2990Lance.cs",606,"field","Am7990Lance","txRingMask","byte"
"Emulated.HW/AMD/LANCE/Am7990/Am2990Lance.cs:607:field:txRingPos","Emulated.HW/AMD/LANCE/Am7990/Am2990Lance.cs",607,"field","Am7990Lance","txRingPos","byte"
"Emulated.HW/AMD/LANCE/Am7990/Am2990Lance.cs:608:field:txMd","Emulated.HW/AMD/LANCE/Am7990/Am2990Lance.cs",608,"field","Am7990Lance","txMd","ushort[] new ushort[4]"
"Emulated.HW/AMD/LANCE/Am7990/Am2990Lance.cs:611:field:loopbackBuffer","Emulated.HW/AMD/LANCE/Am7990/Am2990Lance.cs",611,"field","Am7990Lance","loopbackBuffer","byte[] new byte[1522]"
"Emulated.HW/AMD/LANCE/Am7990/Am2990Lance.cs:612:field:loopbackLength","Emulated.HW/AMD/LANCE/Am7990/Am2990Lance.cs",612,"field","Am7990Lance","loopbackLength","int"
"Emulated.HW/AMD/LANCE/Am7990/Am2990Lance.cs:613:field:_inLoopbackReceive","Emulated.HW/AMD/LANCE/Am7990/Am2990Lance.cs",613,"field","Am7990Lance","_inLoopbackReceive","bool"
"Emulated.HW/AMD/LANCE/Am7990/Am2990Lance.cs:616:field:packetBuffer","Emulated.HW/AMD/LANCE/Am7990/Am2990Lance.cs",616,"field","Am7990Lance","packetBuffer","byte[] new byte[4096]"
"Emulated.HW/AMD/LANCE/Am7990/Am2990Lance.cs:619:field:receiverEnabled","Emulated.HW/AMD/LANCE/Am7990/Am2990Lance.cs",619,"field","Am7990Lance","receiverEnabled","bool"
"Emulated.HW/AMD/LANCE/Am7990/Am2990Lance.cs:620:field:transmitterEnabled","Emulated.HW/AMD/LANCE/Am7990/Am2990Lance.cs",620,"field","Am7990Lance","transmitterEnabled","bool"
"Emulated.HW/AMD/LANCE/Am7990/Am2990Lance.cs:621:field:_txPollPending","Emulated.HW/AMD/LANCE/Am7990/Am2990Lance.cs",621,"field","Am7990Lance","_txPollPending","bool"
"Emulated.HW/AMD/LANCE/Am7990/Am2990Lance.cs:625:field:_rxQueueLock","Emulated.HW/AMD/LANCE/Am7990/Am2990Lance.cs",625,"field","Am7990Lance","_rxQueueLock","object new object()"
"Emulated.HW/AMD/LANCE/Am7990/Am2990Lance.cs:626:field:_rxQueue","Emulated.HW/AMD/LANCE/Am7990/Am2990Lance.cs",626,"field","Am7990Lance","_rxQueue","byte[]?[] new byte[16][]"
"Emulated.HW/AMD/LANCE/Am7990/Am2990Lance.cs:627:field:_rxQueueLengths","Emulated.HW/AMD/LANCE/Am7990/Am2990Lance.cs",627,"field","Am7990Lance","_rxQueueLengths","int[] new int[16]"
"Emulated.HW/AMD/LANCE/Am7990/Am2990Lance.cs:628:field:_rxQueueHead","Emulated.HW/AMD/LANCE/Am7990/Am2990Lance.cs",628,"field","Am7990Lance","_rxQueueHead","int"
"Emulated.HW/AMD/LANCE/Am7990/Am2990Lance.cs:629:field:_rxQueueTail","Emulated.HW/AMD/LANCE/Am7990/Am2990Lance.cs",629,"field","Am7990Lance","_rxQueueTail","int"
"Emulated.HW/AMD/LANCE/Am7990/Am2990Lance.cs:630:field:_rxQueueCount","Emulated.HW/AMD/LANCE/Am7990/Am2990Lance.cs",630,"field","Am7990Lance","_rxQueueCount","int"
"Emulated.HW/AMD/LANCE/Am7990/Am2990Lance.cs:633:field:_irqAsserted","Emulated.HW/AMD/LANCE/Am7990/Am2990Lance.cs",633,"field","Am7990Lance","_irqAsserted","bool"
"Emulated.HW/AMD/LANCE/Am7990/Am2990Lance.cs:634:delegate:LANCEInterrupt","Emulated.HW/AMD/LANCE/Am7990/Am2990Lance.cs",634,"delegate","Am7990Lance","LANCEInterrupt","()"
"Emulated.HW/AMD/LANCE/Am7990/Am2990Lance.cs:635:event:OnLANCEIRQ","Emulated.HW/AMD/LANCE/Am7990/Am2990Lance.cs",635,"event","Am7990Lance","OnLANCEIRQ","LANCEInterrupt?"
"Emulated.HW/AMD/LANCE/Am7990/Am2990Lance.cs:641:property:IsInterruptActive","Emulated.HW/AMD/LANCE/Am7990/Am2990Lance.cs",641,"property","Am7990Lance","IsInterruptActive","bool"
"Emulated.HW/AMD/LANCE/Am7990/Am2990Lance.cs:650:method:GetPhysicalAddress","Emulated.HW/AMD/LANCE/Am7990/Am2990Lance.cs",650,"method","Am7990Lance","GetPhysicalAddress","byte[] ()"
"Emulated.HW/AMD/LANCE/Am7990/Am2990Lance.cs:658:delegate:PacketTransmitDelegate","Emulated.HW/AMD/LANCE/Am7990/Am2990Lance.cs",658,"delegate","Am7990Lance","PacketTransmitDelegate","(byte[] data, int length)"
"Emulated.HW/AMD/LANCE/Am7990/Am2990Lance.cs:659:event:OnPacketTransmit","Emulated.HW/AMD/LANCE/Am7990/Am2990Lance.cs",659,"event","Am7990Lance","OnPacketTransmit","PacketTransmitDelegate?"
"Emulated.HW/AMD/LANCE/Am7990/Am2990Lance.cs:664:delegate:PacketReceiveDelegate","Emulated.HW/AMD/LANCE/Am7990/Am2990Lance.cs",664,"delegate","Am7990Lance","PacketReceiveDelegate","(byte[] data, int length)"
"Emulated.HW/AMD/LANCE/Am7990/Am2990Lance.cs:665:event:OnPacketReceive","Emulated.HW/AMD/LANCE/Am7990/Am2990Lance.cs",665,"event","Am7990Lance","OnPacketReceive","PacketReceiveDelegate?"
"Emulated.HW/AMD/LANCE/Am7990/Am2990Lance.cs:668:delegate:DmaReadCallback","Emulated.HW/AMD/LANCE/Am7990/Am2990Lance.cs",668,"delegate","Am7990Lance","DmaReadCallback","(uint address)"
"Emulated.HW/AMD/LANCE/Am7990/Am2990Lance.cs:669:delegate:DmaWriteCallback","Emulated.HW/AMD/LANCE/Am7990/Am2990Lance.cs",669,"delegate","Am7990Lance","DmaWriteCallback","(uint address, ushort data)"
"Emulated.HW/AMD/LANCE/Am7990/Am2990Lance.cs:670:property:DmaIn","Emulated.HW/AMD/LANCE/Am7990/Am2990Lance.cs",670,"property","Am7990Lance","DmaIn","DmaReadCallback?"
"Emulated.HW/AMD/LANCE/Am7990/Am2990Lance.cs:671:property:DmaOut","Emulated.HW/AMD/LANCE/Am7990/Am2990Lance.cs",671,"property","Am7990Lance","DmaOut","DmaWriteCallback?"
"Emulated.HW/AMD/LANCE/Am7990/Am2990Lance.cs:674:delegate:ReadMemoryDelegate","Emulated.HW/AMD/LANCE/Am7990/Am2990Lance.cs",674,"delegate","Am7990Lance","ReadMemoryDelegate","(uint address)"
"Emulated.HW/AMD/LANCE/Am7990/Am2990Lance.cs:675:delegate:WriteMemoryDelegate","Emulated.HW/AMD/LANCE/Am7990/Am2990Lance.cs",675,"delegate","Am7990Lance","WriteMemoryDelegate","(uint address, byte value)"
"Emulated.HW/AMD/LANCE/Am7990/Am2990Lance.cs:676:field:ReadMemory","Emulated.HW/AMD/LANCE/Am7990/Am2990Lance.cs",676,"field","Am7990Lance","ReadMemory","ReadMemoryDelegate?"
"Emulated.HW/AMD/LANCE/Am7990/Am2990Lance.cs:677:field:WriteMemory","Emulated.HW/AMD/LANCE/Am7990/Am2990Lance.cs",677,"field","Am7990Lance","WriteMemory","WriteMemoryDelegate?"
"Emulated.HW/AMD/LANCE/Am7990/Am2990Lance.cs:679:ctor:Am7990Lance","Emulated.HW/AMD/LANCE/Am7990/Am2990Lance.cs",679,"ctor","Am7990Lance","Am7990Lance","(uint start_address, uint length, string name)"
"Emulated.HW/AMD/LANCE/Am7990/Am2990Lance.cs:684:method:Reset","Emulated.HW/AMD/LANCE/Am7990/Am2990Lance.cs",684,"method","Am7990Lance","Reset","void ()"
"Emulated.HW/AMD/LANCE/Am7990/Am2990Lance.cs:741:method:Read","Emulated.HW/AMD/LANCE/Am7990/Am2990Lance.cs",741,"method","Am7990Lance","Read","byte (uint address)"
"Emulated.HW/AMD/LANCE/Am7990/Am2990Lance.cs:755:case:LANCERegisters.RegisterDataPort","Emulated.HW/AMD/LANCE/Am7990/Am2990Lance.cs",755,"case","Am7990Lance.Read()","LANCERegisters.RegisterDataPort",""
"Emulated.HW/AMD/LANCE/Am7990/Am2990Lance.cs:760:case:LANCERegisters.RegisterAddressPort","Emulated.HW/AMD/LANCE/Am7990/Am2990Lance.cs",760,"case","Am7990Lance.Read()","LANCERegisters.RegisterAddressPort",""
"Emulated.HW/AMD/LANCE/Am7990/Am2990Lance.cs:765:case:default","Emulated.HW/AMD/LANCE/Am7990/Am2990Lance.cs",765,"case","Am7990Lance.Read()","default",""
"Emulated.HW/AMD/LANCE/Am7990/Am2990Lance.cs:780:method:Write","Emulated.HW/AMD/LANCE/Am7990/Am2990Lance.cs",780,"method","Am7990Lance","Write","void (uint address, byte value)"
"Emulated.HW/AMD/LANCE/Am7990/Am2990Lance.cs:797:case:LANCERegisters.RegisterDataPort","Emulated.HW/AMD/LANCE/Am7990/Am2990Lance.cs",797,"case","Am7990Lance.Write()","LANCERegisters.RegisterDataPort",""
"Emulated.HW/AMD/LANCE/Am7990/Am2990Lance.cs:802:case:LANCERegisters.RegisterAddressPort","Emulated.HW/AMD/LANCE/Am7990/Am2990Lance.cs",802,"case","Am7990Lance.Write()","LANCERegisters.RegisterAddressPort",""
"Emulated.HW/AMD/LANCE/Am7990/Am2990Lance.cs:814:case:LANCERegisters.RegisterDataPort","Emulated.HW/AMD/LANCE/Am7990/Am2990Lance.cs",814,"case","Am7990Lance.Write()","LANCERegisters.RegisterDataPort",""
"Emulated.HW/AMD/LANCE/Am7990/Am2990Lance.cs:826:case:LANCERegisters.RegisterAddressPort","Emulated.HW/AMD/LANCE/Am7990/Am2990Lance.cs",826,"case","Am7990Lance.Write()","LANCERegisters.RegisterAddressPort",""
"Emulated.HW/AMD/LANCE/Am7990/Am2990Lance.cs:835:case:default","Emulated.HW/AMD/LANCE/Am7990/Am2990Lance.cs",835,"case","Am7990Lance.Write()","default",""
"Emulated.HW/AMD/LANCE/Am7990/Am2990Lance.cs:849:method:ReadDebug","Emulated.HW/AMD/LANCE/Am7990/Am2990Lance.cs",849,"method","Am7990Lance","ReadDebug","byte (uint address)"
"Emulated.HW/AMD/LANCE/Am7990/Am2990Lance.cs:864:case:LANCERegisters.RegisterDataPort","Emulated.HW/AMD/LANCE/Am7990/Am2990Lance.cs",864,"case","Am7990Lance.ReadDebug()","LANCERegisters.RegisterDataPort",""
"Emulated.HW/AMD/LANCE/Am7990/Am2990Lance.cs:870:case:LANCERegisters.RegisterAddressPort","Emulated.HW/AMD/LANCE/Am7990/Am2990Lance.cs",870,"case","Am7990Lance.ReadDebug()","LANCERegisters.RegisterAddressPort",""
"Emulated.HW/AMD/LANCE/Am7990/Am2990Lance.cs:893:method:ReadCSR","Emulated.HW/AMD/LANCE/Am7990/Am2990Lance.cs",893,"method","Am7990Lance","ReadCSR","ushort (ushort csrNumber)"
"Emulated.HW/AMD/LANCE/Am7990/Am2990Lance.cs:902:method:WriteCSR","Emulated.HW/AMD/LANCE/Am7990/Am2990Lance.cs",902,"method","Am7990Lance","WriteCSR","void (ushort csrNumber, ushort value)"
"Emulated.HW/AMD/LANCE/Am7990/Am2990Lance.cs:909:case:0","Emulated.HW/AMD/LANCE/Am7990/Am2990Lance.cs",909,"case","Am7990Lance.WriteCSR()","0",""
"Emulated.HW/AMD/LANCE/Am7990/Am2990Lance.cs:913:case:1","Emulated.HW/AMD/LANCE/Am7990/Am2990Lance.cs",913,"case","Am7990Lance.WriteCSR()","1",""
"Emulated.HW/AMD/LANCE/Am7990/Am2990Lance.cs:923:case:2","Emulated.HW/AMD/LANCE/Am7990/Am2990Lance.cs",923,"case","Am7990Lance.WriteCSR()","2",""
"Emulated.HW/AMD/LANCE/Am7990/Am2990Lance.cs:933:case:3","Emulated.HW/AMD/LANCE/Am7990/Am2990Lance.cs",933,"case","Am7990Lance.WriteCSR()","3",""
"Emulated.HW/AMD/LANCE/Am7990/Am2990Lance.cs:945:method:WriteCSR0","Emulated.HW/AMD/LANCE/Am7990/Am2990Lance.cs",945,"method","Am7990Lance","WriteCSR0","void (ushort value)"
"Emulated.HW/AMD/LANCE/Am7990/Am2990Lance.cs:1018:method:ExecuteInitialize","Emulated.HW/AMD/LANCE/Am7990/Am2990Lance.cs",1018,"method","Am7990Lance","ExecuteInitialize","void ()"
"Emulated.HW/AMD/LANCE/Am7990/Am2990Lance.cs:1083:method:ExecuteStart","Emulated.HW/AMD/LANCE/Am7990/Am2990Lance.cs",1083,"method","Am7990Lance","ExecuteStart","void ()"
"Emulated.HW/AMD/LANCE/Am7990/Am2990Lance.cs:1123:method:ExecuteStop","Emulated.HW/AMD/LANCE/Am7990/Am2990Lance.cs",1123,"method","Am7990Lance","ExecuteStop","void ()"
"Emulated.HW/AMD/LANCE/Am7990/Am2990Lance.cs:1134:method:ExecuteTransmitDemand","Emulated.HW/AMD/LANCE/Am7990/Am2990Lance.cs",1134,"method","Am7990Lance","ExecuteTransmitDemand","void ()"
"Emulated.HW/AMD/LANCE/Am7990/Am2990Lance.cs:1143:method:TransmitPoll","Emulated.HW/AMD/LANCE/Am7990/Am2990Lance.cs",1143,"method","Am7990Lance","TransmitPoll","void ()"
"Emulated.HW/AMD/LANCE/Am7990/Am2990Lance.cs:1200:method:Transmit","Emulated.HW/AMD/LANCE/Am7990/Am2990Lance.cs",1200,"method","Am7990Lance","Transmit","void ()"
"Emulated.HW/AMD/LANCE/Am7990/Am2990Lance.cs:1345:method:TransmitComplete","Emulated.HW/AMD/LANCE/Am7990/Am2990Lance.cs",1345,"method","Am7990Lance","TransmitComplete","void (int result)"
"Emulated.HW/AMD/LANCE/Am7990/Am2990Lance.cs:1355:case:-2","Emulated.HW/AMD/LANCE/Am7990/Am2990Lance.cs",1355,"case","Am7990Lance.TransmitComplete()","-2",""
"Emulated.HW/AMD/LANCE/Am7990/Am2990Lance.cs:1359:case:-1","Emulated.HW/AMD/LANCE/Am7990/Am2990Lance.cs",1359,"case","Am7990Lance.TransmitComplete()","-1",""
"Emulated.HW/AMD/LANCE/Am7990/Am2990Lance.cs:1365:case:0","Emulated.HW/AMD/LANCE/Am7990/Am2990Lance.cs",1365,"case","Am7990Lance.TransmitComplete()","0",""
"Emulated.HW/AMD/LANCE/Am7990/Am2990Lance.cs:1393:method:ReceivePacket","Emulated.HW/AMD/LANCE/Am7990/Am2990Lance.cs",1393,"method","Am7990Lance","ReceivePacket","int (byte[] buffer, int length)"
"Emulated.HW/AMD/LANCE/Am7990/Am2990Lance.cs:1515:property:RxAccepted","Emulated.HW/AMD/LANCE/Am7990/Am2990Lance.cs",1515,"property","Am7990Lance","RxAccepted","long"
"Emulated.HW/AMD/LANCE/Am7990/Am2990Lance.cs:1517:property:RxFiltered","Emulated.HW/AMD/LANCE/Am7990/Am2990Lance.cs",1517,"property","Am7990Lance","RxFiltered","long"
"Emulated.HW/AMD/LANCE/Am7990/Am2990Lance.cs:1519:property:RxMissed","Emulated.HW/AMD/LANCE/Am7990/Am2990Lance.cs",1519,"property","Am7990Lance","RxMissed","long"
"Emulated.HW/AMD/LANCE/Am7990/Am2990Lance.cs:1521:property:RxDroppedRxOff","Emulated.HW/AMD/LANCE/Am7990/Am2990Lance.cs",1521,"property","Am7990Lance","RxDroppedRxOff","long"
"Emulated.HW/AMD/LANCE/Am7990/Am2990Lance.cs:1526:method:ReceiveComplete","Emulated.HW/AMD/LANCE/Am7990/Am2990Lance.cs",1526,"method","Am7990Lance","ReceiveComplete","void (int result)"
"Emulated.HW/AMD/LANCE/Am7990/Am2990Lance.cs:1567:method:AddressFilter","Emulated.HW/AMD/LANCE/Am7990/Am2990Lance.cs",1567,"method","Am7990Lance","AddressFilter","bool (byte[] buffer)"
"Emulated.HW/AMD/LANCE/Am7990/Am2990Lance.cs:1601:method:SetReceiveInterrupt","Emulated.HW/AMD/LANCE/Am7990/Am2990Lance.cs",1601,"method","Am7990Lance","SetReceiveInterrupt","void ()"
"Emulated.HW/AMD/LANCE/Am7990/Am2990Lance.cs:1607:method:SetTransmitInterrupt","Emulated.HW/AMD/LANCE/Am7990/Am2990Lance.cs",1607,"method","Am7990Lance","SetTransmitInterrupt","void ()"
"Emulated.HW/AMD/LANCE/Am7990/Am2990Lance.cs:1613:method:SetMemoryError","Emulated.HW/AMD/LANCE/Am7990/Am2990Lance.cs",1613,"method","Am7990Lance","SetMemoryError","void ()"
"Emulated.HW/AMD/LANCE/Am7990/Am2990Lance.cs:1619:method:CheckInterrupts","Emulated.HW/AMD/LANCE/Am7990/Am2990Lance.cs",1619,"method","Am7990Lance","CheckInterrupts","void ()"
"Emulated.HW/AMD/LANCE/Am7990/Am2990Lance.cs:1668:method:SimulatePacketReceived","Emulated.HW/AMD/LANCE/Am7990/Am2990Lance.cs",1668,"method","Am7990Lance","SimulatePacketReceived","void ()"
"Emulated.HW/AMD/LANCE/Am7990/Am2990Lance.cs:1677:method:SimulateMemoryError","Emulated.HW/AMD/LANCE/Am7990/Am2990Lance.cs",1677,"method","Am7990Lance","SimulateMemoryError","void ()"
"Emulated.HW/AMD/LANCE/Am7990/Am2990Lance.cs:1684:method:ProcessNetworkTest","Emulated.HW/AMD/LANCE/Am7990/Am2990Lance.cs",1684,"method","Am7990Lance","ProcessNetworkTest","void (int testMode)"
"Emulated.HW/AMD/LANCE/Am7990/Am2990Lance.cs:1690:case:1","Emulated.HW/AMD/LANCE/Am7990/Am2990Lance.cs",1690,"case","Am7990Lance.ProcessNetworkTest()","1",""
"Emulated.HW/AMD/LANCE/Am7990/Am2990Lance.cs:1693:case:5","Emulated.HW/AMD/LANCE/Am7990/Am2990Lance.cs",1693,"case","Am7990Lance.ProcessNetworkTest()","5",""
"Emulated.HW/AMD/LANCE/Am7990/Am2990Lance.cs:1696:case:6","Emulated.HW/AMD/LANCE/Am7990/Am2990Lance.cs",1696,"case","Am7990Lance.ProcessNetworkTest()","6",""
"Emulated.HW/AMD/LANCE/Am7990/Am2990Lance.cs:1699:case:7","Emulated.HW/AMD/LANCE/Am7990/Am2990Lance.cs",1699,"case","Am7990Lance.ProcessNetworkTest()","7",""
"Emulated.HW/AMD/LANCE/Am7990/Am2990Lance.cs:1705:method:ExecuteLoopbackTest","Emulated.HW/AMD/LANCE/Am7990/Am2990Lance.cs",1705,"method","Am7990Lance","ExecuteLoopbackTest","void ()"
"Emulated.HW/AMD/LANCE/Am7990/Am2990Lance.cs:1712:method:ExecuteReceiveTest","Emulated.HW/AMD/LANCE/Am7990/Am2990Lance.cs",1712,"method","Am7990Lance","ExecuteReceiveTest","void ()"
"Emulated.HW/AMD/LANCE/Am7990/Am2990Lance.cs:1718:method:ExecuteTransmitTest","Emulated.HW/AMD/LANCE/Am7990/Am2990Lance.cs",1718,"method","Am7990Lance","ExecuteTransmitTest","void ()"
"Emulated.HW/AMD/LANCE/Am7990/Am2990Lance.cs:1724:method:ExecuteFullDuplexTest","Emulated.HW/AMD/LANCE/Am7990/Am2990Lance.cs",1724,"method","Am7990Lance","ExecuteFullDuplexTest","void ()"
"Emulated.HW/AMD/LANCE/Am7990/Am2990Lance.cs:1736:method:EnqueueReceivedPacket","Emulated.HW/AMD/LANCE/Am7990/Am2990Lance.cs",1736,"method","Am7990Lance","EnqueueReceivedPacket","void (byte[] data, int length)"
"Emulated.HW/AMD/LANCE/Am7990/Am2990Lance.cs:1756:method:Clock","Emulated.HW/AMD/LANCE/Am7990/Am2990Lance.cs",1756,"method","Am7990Lance","Clock","void (InterruptInfo ii)"
"Emulated.HW/AMD/LANCE/Am7990/Am2990Lance.cs:1789:method:ClearInterrupt","Emulated.HW/AMD/LANCE/Am7990/Am2990Lance.cs",1789,"method","Am7990Lance","ClearInterrupt","void ()"
"Emulated.HW/AMD/LANCE/Am7990/Am2990Lance.cs:1799:method:DmaReadBuffer","Emulated.HW/AMD/LANCE/Am7990/Am2990Lance.cs",1799,"method","Am7990Lance","DmaReadBuffer","void (uint address, byte[] buffer, int offset, int length)"
"Emulated.HW/AMD/LANCE/Am7990/Am2990Lance.cs:1845:method:DmaWriteBuffer","Emulated.HW/AMD/LANCE/Am7990/Am2990Lance.cs",1845,"method","Am7990Lance","DmaWriteBuffer","void (uint address, byte[] buffer, int offset, int length)"
"Emulated.HW/AMD/LANCE/Am7990/Am2990Lance.cs:1888:method:GetBufferLength","Emulated.HW/AMD/LANCE/Am7990/Am2990Lance.cs",1888,"method","Am7990Lance","GetBufferLength","int (ushort data)"
"Emulated.HW/AMD/LANCE/Am7990/Am2990Lance.cs:1898:class:Crc32","Emulated.HW/AMD/LANCE/Am7990/Am2990Lance.cs",1898,"class","Am7990Lance","Crc32",""
"Emulated.HW/AMD/LANCE/Am7990/Am2990Lance.cs:1900:field:Table","Emulated.HW/AMD/LANCE/Am7990/Am2990Lance.cs",1900,"field","Am7990Lance.Crc32","Table","uint[] BuildTable()"
"Emulated.HW/AMD/LANCE/Am7990/Am2990Lance.cs:1902:method:BuildTable","Emulated.HW/AMD/LANCE/Am7990/Am2990Lance.cs",1902,"method","Am7990Lance.Crc32","BuildTable","uint[] ()"
"Emulated.HW/AMD/LANCE/Am7990/Am2990Lance.cs:1915:method:Calculate","Emulated.HW/AMD/LANCE/Am7990/Am2990Lance.cs",1915,"method","Am7990Lance.Crc32","Calculate","uint (byte[] data, int offset, int length)"
"Emulated.HW/AMD/LANCE/Am7990/Am2990Lance.cs:1925:const:FCS_RESIDUE","Emulated.HW/AMD/LANCE/Am7990/Am2990Lance.cs",1925,"const","Am7990Lance","FCS_RESIDUE","uint 0xDEBB20E3"
"Emulated.HW/AMD/LANCE/Am7990/Enums.cs:12:class:Enums","Emulated.HW/AMD/LANCE/Am7990/Enums.cs",12,"class","","Enums",""
"Emulated.HW/AMD/LANCE/Am7990/Enums.cs:15:enum:LANCERegisters","Emulated.HW/AMD/LANCE/Am7990/Enums.cs",15,"enum","Enums","LANCERegisters",""
"Emulated.HW/AMD/LANCE/Am7990/Enums.cs:17:enumvalue:RegisterDataPort","Emulated.HW/AMD/LANCE/Am7990/Enums.cs",17,"enumvalue","Enums.LANCERegisters","RegisterDataPort","0"
"Emulated.HW/AMD/LANCE/Am7990/Enums.cs:18:enumvalue:RegisterAddressPort","Emulated.HW/AMD/LANCE/Am7990/Enums.cs",18,"enumvalue","Enums.LANCERegisters","RegisterAddressPort","2"
"Emulated.HW/AMD/LANCE/Am7990/Enums.cs:22:enum:CSRAddress","Emulated.HW/AMD/LANCE/Am7990/Enums.cs",22,"enum","Enums","CSRAddress",""
"Emulated.HW/AMD/LANCE/Am7990/Enums.cs:24:enumvalue:CSR0","Emulated.HW/AMD/LANCE/Am7990/Enums.cs",24,"enumvalue","Enums.CSRAddress","CSR0","0"
"Emulated.HW/AMD/LANCE/Am7990/Enums.cs:25:enumvalue:CSR1","Emulated.HW/AMD/LANCE/Am7990/Enums.cs",25,"enumvalue","Enums.CSRAddress","CSR1","1"
"Emulated.HW/AMD/LANCE/Am7990/Enums.cs:26:enumvalue:CSR2","Emulated.HW/AMD/LANCE/Am7990/Enums.cs",26,"enumvalue","Enums.CSRAddress","CSR2","2"
"Emulated.HW/AMD/LANCE/Am7990/Enums.cs:27:enumvalue:CSR3","Emulated.HW/AMD/LANCE/Am7990/Enums.cs",27,"enumvalue","Enums.CSRAddress","CSR3","3"
"Emulated.HW/AMD/LANCE/Am7990/Enums.cs:34:enum:CSR0Flags","Emulated.HW/AMD/LANCE/Am7990/Enums.cs",34,"enum","Enums","CSR0Flags",""
"Emulated.HW/AMD/LANCE/Am7990/Enums.cs:40:enumvalue:ERR","Emulated.HW/AMD/LANCE/Am7990/Enums.cs",40,"enumvalue","Enums.CSR0Flags","ERR","BABL | CERR | MISS | MERR"
"Emulated.HW/AMD/LANCE/Am7990/Enums.cs:45:enumvalue:BABL","Emulated.HW/AMD/LANCE/Am7990/Enums.cs",45,"enumvalue","Enums.CSR0Flags","BABL","1 << 14"
"Emulated.HW/AMD/LANCE/Am7990/Enums.cs:50:enumvalue:CERR","Emulated.HW/AMD/LANCE/Am7990/Enums.cs",50,"enumvalue","Enums.CSR0Flags","CERR","1 << 13"
"Emulated.HW/AMD/LANCE/Am7990/Enums.cs:55:enumvalue:MISS","Emulated.HW/AMD/LANCE/Am7990/Enums.cs",55,"enumvalue","Enums.CSR0Flags","MISS","1 << 12"
"Emulated.HW/AMD/LANCE/Am7990/Enums.cs:60:enumvalue:MERR","Emulated.HW/AMD/LANCE/Am7990/Enums.cs",60,"enumvalue","Enums.CSR0Flags","MERR","1 << 11"
"Emulated.HW/AMD/LANCE/Am7990/Enums.cs:65:enumvalue:RINT","Emulated.HW/AMD/LANCE/Am7990/Enums.cs",65,"enumvalue","Enums.CSR0Flags","RINT","1 << 10"
"Emulated.HW/AMD/LANCE/Am7990/Enums.cs:70:enumvalue:TINT","Emulated.HW/AMD/LANCE/Am7990/Enums.cs",70,"enumvalue","Enums.CSR0Flags","TINT","1 << 9"
"Emulated.HW/AMD/LANCE/Am7990/Enums.cs:75:enumvalue:IDON","Emulated.HW/AMD/LANCE/Am7990/Enums.cs",75,"enumvalue","Enums.CSR0Flags","IDON","1 << 8"
"Emulated.HW/AMD/LANCE/Am7990/Enums.cs:80:enumvalue:INTR","Emulated.HW/AMD/LANCE/Am7990/Enums.cs",80,"enumvalue","Enums.CSR0Flags","INTR","1 << 7"
"Emulated.HW/AMD/LANCE/Am7990/Enums.cs:85:enumvalue:INEA","Emulated.HW/AMD/LANCE/Am7990/Enums.cs",85,"enumvalue","Enums.CSR0Flags","INEA","1 << 6"
"Emulated.HW/AMD/LANCE/Am7990/Enums.cs:90:enumvalue:RXON","Emulated.HW/AMD/LANCE/Am7990/Enums.cs",90,"enumvalue","Enums.CSR0Flags","RXON","1 << 5"
"Emulated.HW/AMD/LANCE/Am7990/Enums.cs:95:enumvalue:TXON","Emulated.HW/AMD/LANCE/Am7990/Enums.cs",95,"enumvalue","Enums.CSR0Flags","TXON","1 << 4"
"Emulated.HW/AMD/LANCE/Am7990/Enums.cs:100:enumvalue:TDMD","Emulated.HW/AMD/LANCE/Am7990/Enums.cs",100,"enumvalue","Enums.CSR0Flags","TDMD","1 << 3"
"Emulated.HW/AMD/LANCE/Am7990/Enums.cs:105:enumvalue:STOP","Emulated.HW/AMD/LANCE/Am7990/Enums.cs",105,"enumvalue","Enums.CSR0Flags","STOP","1 << 2"
"Emulated.HW/AMD/LANCE/Am7990/Enums.cs:110:enumvalue:STRT","Emulated.HW/AMD/LANCE/Am7990/Enums.cs",110,"enumvalue","Enums.CSR0Flags","STRT","1 << 1"
"Emulated.HW/AMD/LANCE/Am7990/Enums.cs:115:enumvalue:INIT","Emulated.HW/AMD/LANCE/Am7990/Enums.cs",115,"enumvalue","Enums.CSR0Flags","INIT","1 << 0"
"Emulated.HW/AMD/LANCE/Am7990/Enums.cs:122:enum:CSR3Flags","Emulated.HW/AMD/LANCE/Am7990/Enums.cs",122,"enum","Enums","CSR3Flags",""
"Emulated.HW/AMD/LANCE/Am7990/Enums.cs:128:enumvalue:BABLM","Emulated.HW/AMD/LANCE/Am7990/Enums.cs",128,"enumvalue","Enums.CSR3Flags","BABLM","1 << 14"
"Emulated.HW/AMD/LANCE/Am7990/Enums.cs:133:enumvalue:CERRM","Emulated.HW/AMD/LANCE/Am7990/Enums.cs",133,"enumvalue","Enums.CSR3Flags","CERRM","1 << 13"
"Emulated.HW/AMD/LANCE/Am7990/Enums.cs:138:enumvalue:MISSM","Emulated.HW/AMD/LANCE/Am7990/Enums.cs",138,"enumvalue","Enums.CSR3Flags","MISSM","1 << 12"
"Emulated.HW/AMD/LANCE/Am7990/Enums.cs:143:enumvalue:MERRM","Emulated.HW/AMD/LANCE/Am7990/Enums.cs",143,"enumvalue","Enums.CSR3Flags","MERRM","1 << 11"
"Emulated.HW/AMD/LANCE/Am7990/Enums.cs:148:enumvalue:RINTM","Emulated.HW/AMD/LANCE/Am7990/Enums.cs",148,"enumvalue","Enums.CSR3Flags","RINTM","1 << 10"
"Emulated.HW/AMD/LANCE/Am7990/Enums.cs:153:enumvalue:TINTM","Emulated.HW/AMD/LANCE/Am7990/Enums.cs",153,"enumvalue","Enums.CSR3Flags","TINTM","1 << 9"
"Emulated.HW/AMD/LANCE/Am7990/Enums.cs:158:enumvalue:IDONM","Emulated.HW/AMD/LANCE/Am7990/Enums.cs",158,"enumvalue","Enums.CSR3Flags","IDONM","1 << 8"
"Emulated.HW/AMD/LANCE/Am7990/Enums.cs:163:enumvalue:EMBA","Emulated.HW/AMD/LANCE/Am7990/Enums.cs",163,"enumvalue","Enums.CSR3Flags","EMBA","1 << 3"
"Emulated.HW/AMD/LANCE/Am7990/Enums.cs:168:enumvalue:DXMT2PD","Emulated.HW/AMD/LANCE/Am7990/Enums.cs",168,"enumvalue","Enums.CSR3Flags","DXMT2PD","1 << 0"
"Emulated.HW/Motorola/MFP/MC68901/MC68901MFP.cs:62:class:MC68901MFP","Emulated.HW/Motorola/MFP/MC68901/MC68901MFP.cs",62,"class","","MC68901MFP",""
"Emulated.HW/Motorola/MFP/MC68901/MC68901MFP.cs:66:field:regs","Emulated.HW/Motorola/MFP/MC68901/MC68901MFP.cs",66,"field","MC68901MFP","regs","Registers"
"Emulated.HW/Motorola/MFP/MC68901/MC68901MFP.cs:72:property:UseSystemVectorMapping","Emulated.HW/Motorola/MFP/MC68901/MC68901MFP.cs",72,"property","MC68901MFP","UseSystemVectorMapping","bool"
"Emulated.HW/Motorola/MFP/MC68901/MC68901MFP.cs:84:property:CycleExactCPU","Emulated.HW/Motorola/MFP/MC68901/MC68901MFP.cs",84,"property","MC68901MFP","CycleExactCPU","bool"
"Emulated.HW/Motorola/MFP/MC68901/MC68901MFP.cs:92:property:TimerBEventCyclePos","Emulated.HW/Motorola/MFP/MC68901/MC68901MFP.cs",92,"property","MC68901MFP","TimerBEventCyclePos","int"
"Emulated.HW/Motorola/MFP/MC68901/MC68901MFP.cs:98:property:CurrentLineCycle","Emulated.HW/Motorola/MFP/MC68901/MC68901MFP.cs",98,"property","MC68901MFP","CurrentLineCycle","int"
"Emulated.HW/Motorola/MFP/MC68901/MC68901MFP.cs:107:event:OnSerialOutput","Emulated.HW/Motorola/MFP/MC68901/MC68901MFP.cs",107,"event","MC68901MFP","OnSerialOutput","BoolOutput?"
"Emulated.HW/Motorola/MFP/MC68901/MC68901MFP.cs:114:event:OnSerialByteTransmit","Emulated.HW/Motorola/MFP/MC68901/MC68901MFP.cs",114,"event","MC68901MFP","OnSerialByteTransmit","ByteOutput?"
"Emulated.HW/Motorola/MFP/MC68901/MC68901MFP.cs:120:event:OnGPIO","Emulated.HW/Motorola/MFP/MC68901/MC68901MFP.cs",120,"event","MC68901MFP","OnGPIO","ByteOutput?"
"Emulated.HW/Motorola/MFP/MC68901/MC68901MFP.cs:126:event:OnIRQ","Emulated.HW/Motorola/MFP/MC68901/MC68901MFP.cs",126,"event","MC68901MFP","OnIRQ","BoolOutput?"
"Emulated.HW/Motorola/MFP/MC68901/MC68901MFP.cs:135:event:OnTimerOutput","Emulated.HW/Motorola/MFP/MC68901/MC68901MFP.cs",135,"event","MC68901MFP","OnTimerOutput","TimerOutput?"
"Emulated.HW/Motorola/MFP/MC68901/MC68901MFP.cs:142:event:OnTimerInterrupt","Emulated.HW/Motorola/MFP/MC68901/MC68901MFP.cs",142,"event","MC68901MFP","OnTimerInterrupt","Action<MfpTimerName>?"
"Emulated.HW/Motorola/MFP/MC68901/MC68901MFP.cs:148:event:OnRegisterWrite","Emulated.HW/Motorola/MFP/MC68901/MC68901MFP.cs",148,"event","MC68901MFP","OnRegisterWrite","Action<MFPRegister, byte>?"
"Emulated.HW/Motorola/MFP/MC68901/MC68901MFP.cs:153:delegate:VectoredInterrupt","Emulated.HW/Motorola/MFP/MC68901/MC68901MFP.cs",153,"delegate","MC68901MFP","VectoredInterrupt","(byte vector)"
"Emulated.HW/Motorola/MFP/MC68901/MC68901MFP.cs:154:event:OnVectoredIRQ","Emulated.HW/Motorola/MFP/MC68901/MC68901MFP.cs",154,"event","MC68901MFP","OnVectoredIRQ","VectoredInterrupt"
"Emulated.HW/Motorola/MFP/MC68901/MC68901MFP.cs:163:delegate:DaisyChainVectorCallback","Emulated.HW/Motorola/MFP/MC68901/MC68901MFP.cs",163,"delegate","MC68901MFP","DaisyChainVectorCallback","()"
"Emulated.HW/Motorola/MFP/MC68901/MC68901MFP.cs:170:property:DaisyChainCallback","Emulated.HW/Motorola/MFP/MC68901/MC68901MFP.cs",170,"property","MC68901MFP","DaisyChainCallback","DaisyChainVectorCallback?"
"Emulated.HW/Motorola/MFP/MC68901/MC68901MFP.cs:176:property:IEI","Emulated.HW/Motorola/MFP/MC68901/MC68901MFP.cs",176,"property","MC68901MFP","IEI","bool"
"Emulated.HW/Motorola/MFP/MC68901/MC68901MFP.cs:183:event:OnIEO","Emulated.HW/Motorola/MFP/MC68901/MC68901MFP.cs",183,"event","MC68901MFP","OnIEO","BoolOutput?"
"Emulated.HW/Motorola/MFP/MC68901/MC68901MFP.cs:188:const:SPURIOUS_VECTOR","Emulated.HW/Motorola/MFP/MC68901/MC68901MFP.cs",188,"const","MC68901MFP","SPURIOUS_VECTOR","byte 0x18"
"Emulated.HW/Motorola/MFP/MC68901/MC68901MFP.cs:193:method:UpdateIEO","Emulated.HW/Motorola/MFP/MC68901/MC68901MFP.cs",193,"method","MC68901MFP","UpdateIEO","void ()"
"Emulated.HW/Motorola/MFP/MC68901/MC68901MFP.cs:204:ctor:MC68901MFP","Emulated.HW/Motorola/MFP/MC68901/MC68901MFP.cs",204,"ctor","MC68901MFP","MC68901MFP","(uint start_address, uint length)"
"Emulated.HW/Motorola/MFP/MC68901/MC68901MFP.cs:222:method:Usart_OnSerialOutput","Emulated.HW/Motorola/MFP/MC68901/MC68901MFP.cs",222,"method","MC68901MFP","Usart_OnSerialOutput","void (bool state)"
"Emulated.HW/Motorola/MFP/MC68901/MC68901MFP.cs:233:method:Usart_OnTakeInterrupt","Emulated.HW/Motorola/MFP/MC68901/MC68901MFP.cs",233,"method","MC68901MFP","Usart_OnTakeInterrupt","void (InterruptVectorNumber vector)"
"Emulated.HW/Motorola/MFP/MC68901/MC68901MFP.cs:243:method:Regs_OnTakeInterrupt","Emulated.HW/Motorola/MFP/MC68901/MC68901MFP.cs",243,"method","MC68901MFP","Regs_OnTakeInterrupt","void (InterruptVectorNumber vector)"
"Emulated.HW/Motorola/MFP/MC68901/MC68901MFP.cs:250:case:InterruptVectorNumber.IR_TIMER_A","Emulated.HW/Motorola/MFP/MC68901/MC68901MFP.cs",250,"case","MC68901MFP.Regs_OnTakeInterrupt()","InterruptVectorNumber.IR_TIMER_A",""
"Emulated.HW/Motorola/MFP/MC68901/MC68901MFP.cs:253:case:InterruptVectorNumber.IR_TIMER_B","Emulated.HW/Motorola/MFP/MC68901/MC68901MFP.cs",253,"case","MC68901MFP.Regs_OnTakeInterrupt()","InterruptVectorNumber.IR_TIMER_B",""
"Emulated.HW/Motorola/MFP/MC68901/MC68901MFP.cs:256:case:InterruptVectorNumber.IR_TIMER_C","Emulated.HW/Motorola/MFP/MC68901/MC68901MFP.cs",256,"case","MC68901MFP.Regs_OnTakeInterrupt()","InterruptVectorNumber.IR_TIMER_C",""
"Emulated.HW/Motorola/MFP/MC68901/MC68901MFP.cs:259:case:InterruptVectorNumber.IR_TIMER_D","Emulated.HW/Motorola/MFP/MC68901/MC68901MFP.cs",259,"case","MC68901MFP.Regs_OnTakeInterrupt()","InterruptVectorNumber.IR_TIMER_D",""
"Emulated.HW/Motorola/MFP/MC68901/MC68901MFP.cs:268:method:Reset","Emulated.HW/Motorola/MFP/MC68901/MC68901MFP.cs",268,"method","MC68901MFP","Reset","void ()"
"Emulated.HW/Motorola/MFP/MC68901/MC68901MFP.cs:281:method:Regs_OnTimerOutput","Emulated.HW/Motorola/MFP/MC68901/MC68901MFP.cs",281,"method","MC68901MFP","Regs_OnTimerOutput","void (MfpTimerName name, bool state)"
"Emulated.HW/Motorola/MFP/MC68901/MC68901MFP.cs:287:method:SetTimerClock","Emulated.HW/Motorola/MFP/MC68901/MC68901MFP.cs",287,"method","MC68901MFP","SetTimerClock","void (int xtal_speed)"
"Emulated.HW/Motorola/MFP/MC68901/MC68901MFP.cs:298:method:Read","Emulated.HW/Motorola/MFP/MC68901/MC68901MFP.cs",298,"method","MC68901MFP","Read","byte (uint address)"
"Emulated.HW/Motorola/MFP/MC68901/MC68901MFP.cs:311:case:MFPRegister.GPDR","Emulated.HW/Motorola/MFP/MC68901/MC68901MFP.cs",311,"case","MC68901MFP.Read()","MFPRegister.GPDR",""
"Emulated.HW/Motorola/MFP/MC68901/MC68901MFP.cs:316:case:MFPRegister.AER","Emulated.HW/Motorola/MFP/MC68901/MC68901MFP.cs",316,"case","MC68901MFP.Read()","MFPRegister.AER",""
"Emulated.HW/Motorola/MFP/MC68901/MC68901MFP.cs:320:case:MFPRegister.DDR","Emulated.HW/Motorola/MFP/MC68901/MC68901MFP.cs",320,"case","MC68901MFP.Read()","MFPRegister.DDR",""
"Emulated.HW/Motorola/MFP/MC68901/MC68901MFP.cs:324:case:MFPRegister.IERA","Emulated.HW/Motorola/MFP/MC68901/MC68901MFP.cs",324,"case","MC68901MFP.Read()","MFPRegister.IERA",""
"Emulated.HW/Motorola/MFP/MC68901/MC68901MFP.cs:328:case:MFPRegister.IERB","Emulated.HW/Motorola/MFP/MC68901/MC68901MFP.cs",328,"case","MC68901MFP.Read()","MFPRegister.IERB",""
"Emulated.HW/Motorola/MFP/MC68901/MC68901MFP.cs:332:case:MFPRegister.IPRA","Emulated.HW/Motorola/MFP/MC68901/MC68901MFP.cs",332,"case","MC68901MFP.Read()","MFPRegister.IPRA",""
"Emulated.HW/Motorola/MFP/MC68901/MC68901MFP.cs:336:case:MFPRegister.IPRB","Emulated.HW/Motorola/MFP/MC68901/MC68901MFP.cs",336,"case","MC68901MFP.Read()","MFPRegister.IPRB",""
"Emulated.HW/Motorola/MFP/MC68901/MC68901MFP.cs:340:case:MFPRegister.ISRA","Emulated.HW/Motorola/MFP/MC68901/MC68901MFP.cs",340,"case","MC68901MFP.Read()","MFPRegister.ISRA",""
"Emulated.HW/Motorola/MFP/MC68901/MC68901MFP.cs:344:case:MFPRegister.ISRB","Emulated.HW/Motorola/MFP/MC68901/MC68901MFP.cs",344,"case","MC68901MFP.Read()","MFPRegister.ISRB",""
"Emulated.HW/Motorola/MFP/MC68901/MC68901MFP.cs:348:case:MFPRegister.IMRA","Emulated.HW/Motorola/MFP/MC68901/MC68901MFP.cs",348,"case","MC68901MFP.Read()","MFPRegister.IMRA",""
"Emulated.HW/Motorola/MFP/MC68901/MC68901MFP.cs:352:case:MFPRegister.IMRB","Emulated.HW/Motorola/MFP/MC68901/MC68901MFP.cs",352,"case","MC68901MFP.Read()","MFPRegister.IMRB",""
"Emulated.HW/Motorola/MFP/MC68901/MC68901MFP.cs:356:case:MFPRegister.VR","Emulated.HW/Motorola/MFP/MC68901/MC68901MFP.cs",356,"case","MC68901MFP.Read()","MFPRegister.VR",""
"Emulated.HW/Motorola/MFP/MC68901/MC68901MFP.cs:360:case:MFPRegister.TACR","Emulated.HW/Motorola/MFP/MC68901/MC68901MFP.cs",360,"case","MC68901MFP.Read()","MFPRegister.TACR",""
"Emulated.HW/Motorola/MFP/MC68901/MC68901MFP.cs:364:case:MFPRegister.TBCR","Emulated.HW/Motorola/MFP/MC68901/MC68901MFP.cs",364,"case","MC68901MFP.Read()","MFPRegister.TBCR",""
"Emulated.HW/Motorola/MFP/MC68901/MC68901MFP.cs:369:case:MFPRegister.TCDCR","Emulated.HW/Motorola/MFP/MC68901/MC68901MFP.cs",369,"case","MC68901MFP.Read()","MFPRegister.TCDCR",""
"Emulated.HW/Motorola/MFP/MC68901/MC68901MFP.cs:376:case:MFPRegister.TADR","Emulated.HW/Motorola/MFP/MC68901/MC68901MFP.cs",376,"case","MC68901MFP.Read()","MFPRegister.TADR",""
"Emulated.HW/Motorola/MFP/MC68901/MC68901MFP.cs:380:case:MFPRegister.TBDR","Emulated.HW/Motorola/MFP/MC68901/MC68901MFP.cs",380,"case","MC68901MFP.Read()","MFPRegister.TBDR",""
"Emulated.HW/Motorola/MFP/MC68901/MC68901MFP.cs:419:case:MFPRegister.TCDR","Emulated.HW/Motorola/MFP/MC68901/MC68901MFP.cs",419,"case","MC68901MFP.Read()","MFPRegister.TCDR",""
"Emulated.HW/Motorola/MFP/MC68901/MC68901MFP.cs:423:case:MFPRegister.TDDR","Emulated.HW/Motorola/MFP/MC68901/MC68901MFP.cs",423,"case","MC68901MFP.Read()","MFPRegister.TDDR",""
"Emulated.HW/Motorola/MFP/MC68901/MC68901MFP.cs:427:case:MFPRegister.SCR","Emulated.HW/Motorola/MFP/MC68901/MC68901MFP.cs",427,"case","MC68901MFP.Read()","MFPRegister.SCR",""
"Emulated.HW/Motorola/MFP/MC68901/MC68901MFP.cs:431:case:MFPRegister.UCR","Emulated.HW/Motorola/MFP/MC68901/MC68901MFP.cs",431,"case","MC68901MFP.Read()","MFPRegister.UCR",""
"Emulated.HW/Motorola/MFP/MC68901/MC68901MFP.cs:435:case:MFPRegister.RSR","Emulated.HW/Motorola/MFP/MC68901/MC68901MFP.cs",435,"case","MC68901MFP.Read()","MFPRegister.RSR",""
"Emulated.HW/Motorola/MFP/MC68901/MC68901MFP.cs:441:case:MFPRegister.TSR","Emulated.HW/Motorola/MFP/MC68901/MC68901MFP.cs",441,"case","MC68901MFP.Read()","MFPRegister.TSR",""
"Emulated.HW/Motorola/MFP/MC68901/MC68901MFP.cs:449:case:MFPRegister.UDR","Emulated.HW/Motorola/MFP/MC68901/MC68901MFP.cs",449,"case","MC68901MFP.Read()","MFPRegister.UDR",""
"Emulated.HW/Motorola/MFP/MC68901/MC68901MFP.cs:453:case:default","Emulated.HW/Motorola/MFP/MC68901/MC68901MFP.cs",453,"case","MC68901MFP.Read()","default",""
"Emulated.HW/Motorola/MFP/MC68901/MC68901MFP.cs:465:method:Write","Emulated.HW/Motorola/MFP/MC68901/MC68901MFP.cs",465,"method","MC68901MFP","Write","void (uint address, byte value)"
"Emulated.HW/Motorola/MFP/MC68901/MC68901MFP.cs:480:case:MFPRegister.GPDR","Emulated.HW/Motorola/MFP/MC68901/MC68901MFP.cs",480,"case","MC68901MFP.Write()","MFPRegister.GPDR",""
"Emulated.HW/Motorola/MFP/MC68901/MC68901MFP.cs:488:case:MFPRegister.AER","Emulated.HW/Motorola/MFP/MC68901/MC68901MFP.cs",488,"case","MC68901MFP.Write()","MFPRegister.AER",""
"Emulated.HW/Motorola/MFP/MC68901/MC68901MFP.cs:501:case:MFPRegister.DDR","Emulated.HW/Motorola/MFP/MC68901/MC68901MFP.cs",501,"case","MC68901MFP.Write()","MFPRegister.DDR",""
"Emulated.HW/Motorola/MFP/MC68901/MC68901MFP.cs:505:case:MFPRegister.IERA","Emulated.HW/Motorola/MFP/MC68901/MC68901MFP.cs",505,"case","MC68901MFP.Write()","MFPRegister.IERA",""
"Emulated.HW/Motorola/MFP/MC68901/MC68901MFP.cs:510:case:MFPRegister.IERB","Emulated.HW/Motorola/MFP/MC68901/MC68901MFP.cs",510,"case","MC68901MFP.Write()","MFPRegister.IERB",""
"Emulated.HW/Motorola/MFP/MC68901/MC68901MFP.cs:515:case:MFPRegister.IPRA","Emulated.HW/Motorola/MFP/MC68901/MC68901MFP.cs",515,"case","MC68901MFP.Write()","MFPRegister.IPRA",""
"Emulated.HW/Motorola/MFP/MC68901/MC68901MFP.cs:520:case:MFPRegister.IPRB","Emulated.HW/Motorola/MFP/MC68901/MC68901MFP.cs",520,"case","MC68901MFP.Write()","MFPRegister.IPRB",""
"Emulated.HW/Motorola/MFP/MC68901/MC68901MFP.cs:525:case:MFPRegister.ISRA","Emulated.HW/Motorola/MFP/MC68901/MC68901MFP.cs",525,"case","MC68901MFP.Write()","MFPRegister.ISRA",""
"Emulated.HW/Motorola/MFP/MC68901/MC68901MFP.cs:530:case:MFPRegister.ISRB","Emulated.HW/Motorola/MFP/MC68901/MC68901MFP.cs",530,"case","MC68901MFP.Write()","MFPRegister.ISRB",""
"Emulated.HW/Motorola/MFP/MC68901/MC68901MFP.cs:535:case:MFPRegister.IMRA","Emulated.HW/Motorola/MFP/MC68901/MC68901MFP.cs",535,"case","MC68901MFP.Write()","MFPRegister.IMRA",""
"Emulated.HW/Motorola/MFP/MC68901/MC68901MFP.cs:539:case:MFPRegister.IMRB","Emulated.HW/Motorola/MFP/MC68901/MC68901MFP.cs",539,"case","MC68901MFP.Write()","MFPRegister.IMRB",""
"Emulated.HW/Motorola/MFP/MC68901/MC68901MFP.cs:544:case:MFPRegister.VR","Emulated.HW/Motorola/MFP/MC68901/MC68901MFP.cs",544,"case","MC68901MFP.Write()","MFPRegister.VR",""
"Emulated.HW/Motorola/MFP/MC68901/MC68901MFP.cs:565:case:MFPRegister.TACR","Emulated.HW/Motorola/MFP/MC68901/MC68901MFP.cs",565,"case","MC68901MFP.Write()","MFPRegister.TACR",""
"Emulated.HW/Motorola/MFP/MC68901/MC68901MFP.cs:568:case:MFPRegister.TBCR","Emulated.HW/Motorola/MFP/MC68901/MC68901MFP.cs",568,"case","MC68901MFP.Write()","MFPRegister.TBCR",""
"Emulated.HW/Motorola/MFP/MC68901/MC68901MFP.cs:571:case:MFPRegister.TCDCR","Emulated.HW/Motorola/MFP/MC68901/MC68901MFP.cs",571,"case","MC68901MFP.Write()","MFPRegister.TCDCR",""
"Emulated.HW/Motorola/MFP/MC68901/MC68901MFP.cs:577:case:MFPRegister.TADR","Emulated.HW/Motorola/MFP/MC68901/MC68901MFP.cs",577,"case","MC68901MFP.Write()","MFPRegister.TADR",""
"Emulated.HW/Motorola/MFP/MC68901/MC68901MFP.cs:581:case:MFPRegister.TBDR","Emulated.HW/Motorola/MFP/MC68901/MC68901MFP.cs",581,"case","MC68901MFP.Write()","MFPRegister.TBDR",""
"Emulated.HW/Motorola/MFP/MC68901/MC68901MFP.cs:585:case:MFPRegister.TCDR","Emulated.HW/Motorola/MFP/MC68901/MC68901MFP.cs",585,"case","MC68901MFP.Write()","MFPRegister.TCDR",""
"Emulated.HW/Motorola/MFP/MC68901/MC68901MFP.cs:589:case:MFPRegister.TDDR","Emulated.HW/Motorola/MFP/MC68901/MC68901MFP.cs",589,"case","MC68901MFP.Write()","MFPRegister.TDDR",""
"Emulated.HW/Motorola/MFP/MC68901/MC68901MFP.cs:593:case:MFPRegister.SCR","Emulated.HW/Motorola/MFP/MC68901/MC68901MFP.cs",593,"case","MC68901MFP.Write()","MFPRegister.SCR",""
"Emulated.HW/Motorola/MFP/MC68901/MC68901MFP.cs:597:case:MFPRegister.UCR","Emulated.HW/Motorola/MFP/MC68901/MC68901MFP.cs",597,"case","MC68901MFP.Write()","MFPRegister.UCR",""
"Emulated.HW/Motorola/MFP/MC68901/MC68901MFP.cs:601:case:MFPRegister.RSR","Emulated.HW/Motorola/MFP/MC68901/MC68901MFP.cs",601,"case","MC68901MFP.Write()","MFPRegister.RSR",""
"Emulated.HW/Motorola/MFP/MC68901/MC68901MFP.cs:640:case:MFPRegister.TSR","Emulated.HW/Motorola/MFP/MC68901/MC68901MFP.cs",640,"case","MC68901MFP.Write()","MFPRegister.TSR",""
"Emulated.HW/Motorola/MFP/MC68901/MC68901MFP.cs:663:case:MFPRegister.UDR","Emulated.HW/Motorola/MFP/MC68901/MC68901MFP.cs",663,"case","MC68901MFP.Write()","MFPRegister.UDR",""
"Emulated.HW/Motorola/MFP/MC68901/MC68901MFP.cs:668:case:default","Emulated.HW/Motorola/MFP/MC68901/MC68901MFP.cs",668,"case","MC68901MFP.Write()","default",""
"Emulated.HW/Motorola/MFP/MC68901/MC68901MFP.cs:682:method:HandleInterruptAcknowledge","Emulated.HW/Motorola/MFP/MC68901/MC68901MFP.cs",682,"method","MC68901MFP","HandleInterruptAcknowledge","byte ()"
"Emulated.HW/Motorola/MFP/MC68901/MC68901MFP.cs:702:method:get_vector","Emulated.HW/Motorola/MFP/MC68901/MC68901MFP.cs",702,"method","MC68901MFP","get_vector","byte ()"
"Emulated.HW/Motorola/MFP/MC68901/MC68901MFP.cs:770:method:GetDaisyChainVector","Emulated.HW/Motorola/MFP/MC68901/MC68901MFP.cs",770,"method","MC68901MFP","GetDaisyChainVector","byte ()"
"Emulated.HW/Motorola/MFP/MC68901/MC68901MFP.cs:792:method:MapMFPVectorToSystem","Emulated.HW/Motorola/MFP/MC68901/MC68901MFP.cs",792,"method","MC68901MFP","MapMFPVectorToSystem","byte (int channel, InterruptVectorNumber vectorType)"
"Emulated.HW/Motorola/MFP/MC68901/MC68901MFP.cs:799:switcharm:InterruptVectorNumber.IR_GPIP_7","Emulated.HW/Motorola/MFP/MC68901/MC68901MFP.cs",799,"switcharm","MC68901MFP.MapMFPVectorToSystem()","InterruptVectorNumber.IR_GPIP_7",""
"Emulated.HW/Motorola/MFP/MC68901/MC68901MFP.cs:800:switcharm:InterruptVectorNumber.IR_GPIP_6","Emulated.HW/Motorola/MFP/MC68901/MC68901MFP.cs",800,"switcharm","MC68901MFP.MapMFPVectorToSystem()","InterruptVectorNumber.IR_GPIP_6",""
"Emulated.HW/Motorola/MFP/MC68901/MC68901MFP.cs:801:switcharm:InterruptVectorNumber.IR_RCV_BUFFER_FULL","Emulated.HW/Motorola/MFP/MC68901/MC68901MFP.cs",801,"switcharm","MC68901MFP.MapMFPVectorToSystem()","InterruptVectorNumber.IR_RCV_BUFFER_FULL",""
"Emulated.HW/Motorola/MFP/MC68901/MC68901MFP.cs:802:switcharm:InterruptVectorNumber.IR_RCV_ERROR","Emulated.HW/Motorola/MFP/MC68901/MC68901MFP.cs",802,"switcharm","MC68901MFP.MapMFPVectorToSystem()","InterruptVectorNumber.IR_RCV_ERROR",""
"Emulated.HW/Motorola/MFP/MC68901/MC68901MFP.cs:803:switcharm:InterruptVectorNumber.IR_XMIT_BUFFER_EMPTY","Emulated.HW/Motorola/MFP/MC68901/MC68901MFP.cs",803,"switcharm","MC68901MFP.MapMFPVectorToSystem()","InterruptVectorNumber.IR_XMIT_BUFFER_EMPTY",""
"Emulated.HW/Motorola/MFP/MC68901/MC68901MFP.cs:804:switcharm:InterruptVectorNumber.IR_XMIT_ERROR","Emulated.HW/Motorola/MFP/MC68901/MC68901MFP.cs",804,"switcharm","MC68901MFP.MapMFPVectorToSystem()","InterruptVectorNumber.IR_XMIT_ERROR",""
"Emulated.HW/Motorola/MFP/MC68901/MC68901MFP.cs:805:switcharm:InterruptVectorNumber.IR_GPIP_5","Emulated.HW/Motorola/MFP/MC68901/MC68901MFP.cs",805,"switcharm","MC68901MFP.MapMFPVectorToSystem()","InterruptVectorNumber.IR_GPIP_5",""
"Emulated.HW/Motorola/MFP/MC68901/MC68901MFP.cs:808:switcharm:_","Emulated.HW/Motorola/MFP/MC68901/MC68901MFP.cs",808,"switcharm","MC68901MFP.MapMFPVectorToSystem()","_",""
"Emulated.HW/Motorola/MFP/MC68901/MC68901MFP.cs:841:field:_lastIrqState","Emulated.HW/Motorola/MFP/MC68901/MC68901MFP.cs",841,"field","MC68901MFP","_lastIrqState","bool false"
"Emulated.HW/Motorola/MFP/MC68901/MC68901MFP.cs:843:method:check_interrupts","Emulated.HW/Motorola/MFP/MC68901/MC68901MFP.cs",843,"method","MC68901MFP","check_interrupts","void ()"
"Emulated.HW/Motorola/MFP/MC68901/MC68901MFP.cs:886:method:take_interrupt","Emulated.HW/Motorola/MFP/MC68901/MC68901MFP.cs",886,"method","MC68901MFP","take_interrupt","void (InterruptVectorNumber interruptVectorNumber)"
"Emulated.HW/Motorola/MFP/MC68901/MC68901MFP.cs:898:method:tryTakeInterrupt","Emulated.HW/Motorola/MFP/MC68901/MC68901MFP.cs",898,"method","MC68901MFP","tryTakeInterrupt","void (InterruptVectorNumber interruptVectorNumber)"
"Emulated.HW/Motorola/MFP/MC68901/MC68901MFP.cs:910:method:GetInterruptVector","Emulated.HW/Motorola/MFP/MC68901/MC68901MFP.cs",910,"method","MC68901MFP","GetInterruptVector","byte ()"
"Emulated.HW/Motorola/MFP/MC68901/MC68901MFP.cs:920:method:TriggerTimerCInterrupt","Emulated.HW/Motorola/MFP/MC68901/MC68901MFP.cs",920,"method","MC68901MFP","TriggerTimerCInterrupt","void ()"
"Emulated.HW/Motorola/MFP/MC68901/MC68901MFP.cs:930:method:TriggerUSARTReceiveInterrupt","Emulated.HW/Motorola/MFP/MC68901/MC68901MFP.cs",930,"method","MC68901MFP","TriggerUSARTReceiveInterrupt","void ()"
"Emulated.HW/Motorola/MFP/MC68901/MC68901MFP.cs:939:method:TriggerUSARTReceiveError","Emulated.HW/Motorola/MFP/MC68901/MC68901MFP.cs",939,"method","MC68901MFP","TriggerUSARTReceiveError","void ()"
"Emulated.HW/Motorola/MFP/MC68901/MC68901MFP.cs:948:method:TriggerUSARTTransmitInterrupt","Emulated.HW/Motorola/MFP/MC68901/MC68901MFP.cs",948,"method","MC68901MFP","TriggerUSARTTransmitInterrupt","void ()"
"Emulated.HW/Motorola/MFP/MC68901/MC68901MFP.cs:957:method:TriggerUSARTTransmitError","Emulated.HW/Motorola/MFP/MC68901/MC68901MFP.cs",957,"method","MC68901MFP","TriggerUSARTTransmitError","void ()"
"Emulated.HW/Motorola/MFP/MC68901/MC68901MFP.cs:970:method:TriggerSoftwareInterrupt","Emulated.HW/Motorola/MFP/MC68901/MC68901MFP.cs",970,"method","MC68901MFP","TriggerSoftwareInterrupt","void (int channel, byte vectorBase = 0x58)"
"Emulated.HW/Motorola/MFP/MC68901/MC68901MFP.cs:998:method:TriggerInterrupt","Emulated.HW/Motorola/MFP/MC68901/MC68901MFP.cs",998,"method","MC68901MFP","TriggerInterrupt","void (int gpio_pin)"
"Emulated.HW/Motorola/MFP/MC68901/MC68901MFP.cs:1015:method:GetSystemVectorName","Emulated.HW/Motorola/MFP/MC68901/MC68901MFP.cs",1015,"method","MC68901MFP","GetSystemVectorName","string (byte vector)"
"Emulated.HW/Motorola/MFP/MC68901/MC68901MFP.cs:1019:switcharm:117","Emulated.HW/Motorola/MFP/MC68901/MC68901MFP.cs",1019,"switcharm","MC68901MFP.GetSystemVectorName()","117",""
"Emulated.HW/Motorola/MFP/MC68901/MC68901MFP.cs:1020:switcharm:116","Emulated.HW/Motorola/MFP/MC68901/MC68901MFP.cs",1020,"switcharm","MC68901MFP.GetSystemVectorName()","116",""
"Emulated.HW/Motorola/MFP/MC68901/MC68901MFP.cs:1021:switcharm:114","Emulated.HW/Motorola/MFP/MC68901/MC68901MFP.cs",1021,"switcharm","MC68901MFP.GetSystemVectorName()","114",""
"Emulated.HW/Motorola/MFP/MC68901/MC68901MFP.cs:1022:switcharm:113","Emulated.HW/Motorola/MFP/MC68901/MC68901MFP.cs",1022,"switcharm","MC68901MFP.GetSystemVectorName()","113",""
"Emulated.HW/Motorola/MFP/MC68901/MC68901MFP.cs:1023:switcharm:112","Emulated.HW/Motorola/MFP/MC68901/MC68901MFP.cs",1023,"switcharm","MC68901MFP.GetSystemVectorName()","112",""
"Emulated.HW/Motorola/MFP/MC68901/MC68901MFP.cs:1024:switcharm:111","Emulated.HW/Motorola/MFP/MC68901/MC68901MFP.cs",1024,"switcharm","MC68901MFP.GetSystemVectorName()","111",""
"Emulated.HW/Motorola/MFP/MC68901/MC68901MFP.cs:1025:switcharm:107","Emulated.HW/Motorola/MFP/MC68901/MC68901MFP.cs",1025,"switcharm","MC68901MFP.GetSystemVectorName()","107",""
"Emulated.HW/Motorola/MFP/MC68901/MC68901MFP.cs:1026:switcharm:105","Emulated.HW/Motorola/MFP/MC68901/MC68901MFP.cs",1026,"switcharm","MC68901MFP.GetSystemVectorName()","105",""
"Emulated.HW/Motorola/MFP/MC68901/MC68901MFP.cs:1027:switcharm:_","Emulated.HW/Motorola/MFP/MC68901/MC68901MFP.cs",1027,"switcharm","MC68901MFP.GetSystemVectorName()","_",""
"Emulated.HW/Motorola/MFP/MC68901/MC68901MFP.cs:1047:method:TimerInputA","Emulated.HW/Motorola/MFP/MC68901/MC68901MFP.cs",1047,"method","MC68901MFP","TimerInputA","void (bool newState)"
"Emulated.HW/Motorola/MFP/MC68901/MC68901MFP.cs:1058:method:TimerInputB","Emulated.HW/Motorola/MFP/MC68901/MC68901MFP.cs",1058,"method","MC68901MFP","TimerInputB","void (bool newState)"
"Emulated.HW/Motorola/MFP/MC68901/MC68901MFP.cs:1063:method:TimerInput","Emulated.HW/Motorola/MFP/MC68901/MC68901MFP.cs",1063,"method","MC68901MFP","TimerInput","void (int index, bool newState)"
"Emulated.HW/Motorola/MFP/MC68901/MC68901MFP.cs:1074:case:TCR_STATE.TCR_TIMER_EVENT","Emulated.HW/Motorola/MFP/MC68901/MC68901MFP.cs",1074,"case","MC68901MFP.TimerInput()","TCR_STATE.TCR_TIMER_EVENT",""
"Emulated.HW/Motorola/MFP/MC68901/MC68901MFP.cs:1084:case:TCR_STATE.TCR_TIMER_PULSE_4","Emulated.HW/Motorola/MFP/MC68901/MC68901MFP.cs",1084,"case","MC68901MFP.TimerInput()","TCR_STATE.TCR_TIMER_PULSE_4",""
"Emulated.HW/Motorola/MFP/MC68901/MC68901MFP.cs:1085:case:TCR_STATE.TCR_TIMER_PULSE_10","Emulated.HW/Motorola/MFP/MC68901/MC68901MFP.cs",1085,"case","MC68901MFP.TimerInput()","TCR_STATE.TCR_TIMER_PULSE_10",""
"Emulated.HW/Motorola/MFP/MC68901/MC68901MFP.cs:1086:case:TCR_STATE.TCR_TIMER_PULSE_16","Emulated.HW/Motorola/MFP/MC68901/MC68901MFP.cs",1086,"case","MC68901MFP.TimerInput()","TCR_STATE.TCR_TIMER_PULSE_16",""
"Emulated.HW/Motorola/MFP/MC68901/MC68901MFP.cs:1087:case:TCR_STATE.TCR_TIMER_PULSE_50","Emulated.HW/Motorola/MFP/MC68901/MC68901MFP.cs",1087,"case","MC68901MFP.TimerInput()","TCR_STATE.TCR_TIMER_PULSE_50",""
"Emulated.HW/Motorola/MFP/MC68901/MC68901MFP.cs:1088:case:TCR_STATE.TCR_TIMER_PULSE_64","Emulated.HW/Motorola/MFP/MC68901/MC68901MFP.cs",1088,"case","MC68901MFP.TimerInput()","TCR_STATE.TCR_TIMER_PULSE_64",""
"Emulated.HW/Motorola/MFP/MC68901/MC68901MFP.cs:1089:case:TCR_STATE.TCR_TIMER_PULSE_100","Emulated.HW/Motorola/MFP/MC68901/MC68901MFP.cs",1089,"case","MC68901MFP.TimerInput()","TCR_STATE.TCR_TIMER_PULSE_100",""
"Emulated.HW/Motorola/MFP/MC68901/MC68901MFP.cs:1090:case:TCR_STATE.TCR_TIMER_PULSE_200","Emulated.HW/Motorola/MFP/MC68901/MC68901MFP.cs",1090,"case","MC68901MFP.TimerInput()","TCR_STATE.TCR_TIMER_PULSE_200",""
"Emulated.HW/Motorola/MFP/MC68901/MC68901MFP.cs:1099:case:TCR_STATE.TCR_TIMER_RESET","Emulated.HW/Motorola/MFP/MC68901/MC68901MFP.cs",1099,"case","MC68901MFP.TimerInput()","TCR_STATE.TCR_TIMER_RESET",""
"Emulated.HW/Motorola/MFP/MC68901/MC68901MFP.cs:1101:case:default","Emulated.HW/Motorola/MFP/MC68901/MC68901MFP.cs",1101,"case","MC68901MFP.TimerInput()","default",""
"Emulated.HW/Motorola/MFP/MC68901/MC68901MFP.cs:1126:property:SeparateTimerClock","Emulated.HW/Motorola/MFP/MC68901/MC68901MFP.cs",1126,"property","MC68901MFP","SeparateTimerClock","bool"
"Emulated.HW/Motorola/MFP/MC68901/MC68901MFP.cs:1134:method:Clock","Emulated.HW/Motorola/MFP/MC68901/MC68901MFP.cs",1134,"method","MC68901MFP","Clock","void (InterruptInfo ii)"
"Emulated.HW/Motorola/MFP/MC68901/MC68901MFP.cs:1148:method:ClockTimers","Emulated.HW/Motorola/MFP/MC68901/MC68901MFP.cs",1148,"method","MC68901MFP","ClockTimers","void ()"
"Emulated.HW/Motorola/MFP/MC68901/MC68901MFP.cs:1166:method:SetSerialInput","Emulated.HW/Motorola/MFP/MC68901/MC68901MFP.cs",1166,"method","MC68901MFP","SetSerialInput","void (bool state)"
"Emulated.HW/Motorola/MFP/MC68901/MC68901MFP.cs:1179:method:SetReceiverClock","Emulated.HW/Motorola/MFP/MC68901/MC68901MFP.cs",1179,"method","MC68901MFP","SetReceiverClock","void (bool state)"
"Emulated.HW/Motorola/MFP/MC68901/MC68901MFP.cs:1192:method:SetTransmitterClock","Emulated.HW/Motorola/MFP/MC68901/MC68901MFP.cs",1192,"method","MC68901MFP","SetTransmitterClock","void (bool state)"
"Emulated.HW/Motorola/MFP/MC68901/MC68901MFP.cs:1204:method:ReceiveSerialByte","Emulated.HW/Motorola/MFP/MC68901/MC68901MFP.cs",1204,"method","MC68901MFP","ReceiveSerialByte","void (byte data)"
"Emulated.HW/Motorola/MFP/MC68901/MC68901MFP.cs:1215:property:GPIO_0","Emulated.HW/Motorola/MFP/MC68901/MC68901MFP.cs",1215,"property","MC68901MFP","GPIO_0","bool"
"Emulated.HW/Motorola/MFP/MC68901/MC68901MFP.cs:1216:property:GPIO_1","Emulated.HW/Motorola/MFP/MC68901/MC68901MFP.cs",1216,"property","MC68901MFP","GPIO_1","bool"
"Emulated.HW/Motorola/MFP/MC68901/MC68901MFP.cs:1217:property:GPIO_2","Emulated.HW/Motorola/MFP/MC68901/MC68901MFP.cs",1217,"property","MC68901MFP","GPIO_2","bool"
"Emulated.HW/Motorola/MFP/MC68901/MC68901MFP.cs:1218:property:GPIO_3","Emulated.HW/Motorola/MFP/MC68901/MC68901MFP.cs",1218,"property","MC68901MFP","GPIO_3","bool"
"Emulated.HW/Motorola/MFP/MC68901/MC68901MFP.cs:1219:property:GPIO_4","Emulated.HW/Motorola/MFP/MC68901/MC68901MFP.cs",1219,"property","MC68901MFP","GPIO_4","bool"
"Emulated.HW/Motorola/MFP/MC68901/MC68901MFP.cs:1220:property:GPIO_5","Emulated.HW/Motorola/MFP/MC68901/MC68901MFP.cs",1220,"property","MC68901MFP","GPIO_5","bool"
"Emulated.HW/Motorola/MFP/MC68901/MC68901MFP.cs:1221:property:GPIO_6","Emulated.HW/Motorola/MFP/MC68901/MC68901MFP.cs",1221,"property","MC68901MFP","GPIO_6","bool"
"Emulated.HW/Motorola/MFP/MC68901/MC68901MFP.cs:1222:property:GPIO_7","Emulated.HW/Motorola/MFP/MC68901/MC68901MFP.cs",1222,"property","MC68901MFP","GPIO_7","bool"
"Emulated.HW/Motorola/MFP/MC68901/MC68901MFP.cs:1239:method:UpdateGpipInterrupts","Emulated.HW/Motorola/MFP/MC68901/MC68901MFP.cs",1239,"method","MC68901MFP","UpdateGpipInterrupts","void (byte gpipOld, byte gpipNew, byte aerOld, byte aerNew)"
"Emulated.HW/Motorola/MFP/MC68901/MC68901MFP.cs:1269:method:gpio_input","Emulated.HW/Motorola/MFP/MC68901/MC68901MFP.cs",1269,"method","MC68901MFP","gpio_input","void (int bit, bool state)"
"Emulated.HW/Motorola/MFP/MC68901/MC68901MFP.cs:1297:method:GetGpioPinStatus","Emulated.HW/Motorola/MFP/MC68901/MC68901MFP.cs",1297,"method","MC68901MFP","GetGpioPinStatus","bool (int bit)"
"Emulated.HW/Motorola/MFP/MC68901/MC68901MFP.cs:1306:method:gpio_output","Emulated.HW/Motorola/MFP/MC68901/MC68901MFP.cs",1306,"method","MC68901MFP","gpio_output","void ()"
"Emulated.HW/Motorola/MFP/MC68901/MC68901MFP.cs:1324:method:IsBitCountOdd","Emulated.HW/Motorola/MFP/MC68901/MC68901MFP.cs",1324,"method","MC68901MFP","IsBitCountOdd","bool (byte b)"
"Emulated.HW/Motorola/MFP/MC68901/MC68901MFP.cs:1336:method:map2register","Emulated.HW/Motorola/MFP/MC68901/MC68901MFP.cs",1336,"method","MC68901MFP","map2register","MFPRegister (uint address)"
"Emulated.HW/Motorola/MFP/MC68901/MfpTimer.cs:19:class:MfpTimer","Emulated.HW/Motorola/MFP/MC68901/MfpTimer.cs",19,"class","","MfpTimer",""
"Emulated.HW/Motorola/MFP/MC68901/MfpTimer.cs:21:event:OnTimerOutput","Emulated.HW/Motorola/MFP/MC68901/MfpTimer.cs",21,"event","MfpTimer","OnTimerOutput","TimerOutput?"
"Emulated.HW/Motorola/MFP/MC68901/MfpTimer.cs:22:event:OnTimerElapsed","Emulated.HW/Motorola/MFP/MC68901/MfpTimer.cs",22,"event","MfpTimer","OnTimerElapsed","TimerElapsed?"
"Emulated.HW/Motorola/MFP/MC68901/MfpTimer.cs:28:property:tcr","Emulated.HW/Motorola/MFP/MC68901/MfpTimer.cs",28,"property","MfpTimer","tcr","TCR_STATE"
"Emulated.HW/Motorola/MFP/MC68901/MfpTimer.cs:33:property:tdr","Emulated.HW/Motorola/MFP/MC68901/MfpTimer.cs",33,"property","MfpTimer","tdr","byte"
"Emulated.HW/Motorola/MFP/MC68901/MfpTimer.cs:38:property:tmc","Emulated.HW/Motorola/MFP/MC68901/MfpTimer.cs",38,"property","MfpTimer","tmc","byte"
"Emulated.HW/Motorola/MFP/MC68901/MfpTimer.cs:42:property:in_latch","Emulated.HW/Motorola/MFP/MC68901/MfpTimer.cs",42,"property","MfpTimer","in_latch","bool"
"Emulated.HW/Motorola/MFP/MC68901/MfpTimer.cs:47:property:out_latch","Emulated.HW/Motorola/MFP/MC68901/MfpTimer.cs",47,"property","MfpTimer","out_latch","bool"
"Emulated.HW/Motorola/MFP/MC68901/MfpTimer.cs:49:field:isEnabled","Emulated.HW/Motorola/MFP/MC68901/MfpTimer.cs",49,"field","MfpTimer","isEnabled","bool false"
"Emulated.HW/Motorola/MFP/MC68901/MfpTimer.cs:54:field:prescalerCount","Emulated.HW/Motorola/MFP/MC68901/MfpTimer.cs",54,"field","MfpTimer","prescalerCount","int"
"Emulated.HW/Motorola/MFP/MC68901/MfpTimer.cs:59:field:currentDivisor","Emulated.HW/Motorola/MFP/MC68901/MfpTimer.cs",59,"field","MfpTimer","currentDivisor","int"
"Emulated.HW/Motorola/MFP/MC68901/MfpTimer.cs:61:field:timerName","Emulated.HW/Motorola/MFP/MC68901/MfpTimer.cs",61,"field","MfpTimer","timerName","MfpTimerName"
"Emulated.HW/Motorola/MFP/MC68901/MfpTimer.cs:65:ctor:MfpTimer","Emulated.HW/Motorola/MFP/MC68901/MfpTimer.cs",65,"ctor","MfpTimer","MfpTimer","(MfpTimerName name)"
"Emulated.HW/Motorola/MFP/MC68901/MfpTimer.cs:70:method:SetEnable","Emulated.HW/Motorola/MFP/MC68901/MfpTimer.cs",70,"method","MfpTimer","SetEnable","void (bool enable)"
"Emulated.HW/Motorola/MFP/MC68901/MfpTimer.cs:77:method:Tick","Emulated.HW/Motorola/MFP/MC68901/MfpTimer.cs",77,"method","MfpTimer","Tick","void ()"
"Emulated.HW/Motorola/MFP/MC68901/MfpTimer.cs:95:method:TickEventCount","Emulated.HW/Motorola/MFP/MC68901/MfpTimer.cs",95,"method","MfpTimer","TickEventCount","void ()"
"Emulated.HW/Motorola/MFP/MC68901/MfpTimer.cs:105:method:timer_count","Emulated.HW/Motorola/MFP/MC68901/MfpTimer.cs",105,"method","MfpTimer","timer_count","void ()"
"Emulated.HW/Motorola/MFP/MC68901/MfpTimer.cs:131:field:PRESCALER","Emulated.HW/Motorola/MFP/MC68901/MfpTimer.cs",131,"field","MfpTimer","PRESCALER","int[] { 0, 4, 10, 16, 50, 64, 100, 200 }"
"Emulated.HW/Motorola/MFP/MC68901/MfpTimer.cs:133:method:SetControlRegister","Emulated.HW/Motorola/MFP/MC68901/MfpTimer.cs",133,"method","MfpTimer","SetControlRegister","void (byte value)"
"Emulated.HW/Motorola/MFP/MC68901/MfpTimer.cs:161:case:0x00","Emulated.HW/Motorola/MFP/MC68901/MfpTimer.cs",161,"case","MfpTimer.SetControlRegister()","0x00",""
"Emulated.HW/Motorola/MFP/MC68901/MfpTimer.cs:166:case:0x01","Emulated.HW/Motorola/MFP/MC68901/MfpTimer.cs",166,"case","MfpTimer.SetControlRegister()","0x01",""
"Emulated.HW/Motorola/MFP/MC68901/MfpTimer.cs:167:case:0x02","Emulated.HW/Motorola/MFP/MC68901/MfpTimer.cs",167,"case","MfpTimer.SetControlRegister()","0x02",""
"Emulated.HW/Motorola/MFP/MC68901/MfpTimer.cs:168:case:0x03","Emulated.HW/Motorola/MFP/MC68901/MfpTimer.cs",168,"case","MfpTimer.SetControlRegister()","0x03",""
"Emulated.HW/Motorola/MFP/MC68901/MfpTimer.cs:169:case:0x04","Emulated.HW/Motorola/MFP/MC68901/MfpTimer.cs",169,"case","MfpTimer.SetControlRegister()","0x04",""
"Emulated.HW/Motorola/MFP/MC68901/MfpTimer.cs:170:case:0x05","Emulated.HW/Motorola/MFP/MC68901/MfpTimer.cs",170,"case","MfpTimer.SetControlRegister()","0x05",""
"Emulated.HW/Motorola/MFP/MC68901/MfpTimer.cs:171:case:0x06","Emulated.HW/Motorola/MFP/MC68901/MfpTimer.cs",171,"case","MfpTimer.SetControlRegister()","0x06",""
"Emulated.HW/Motorola/MFP/MC68901/MfpTimer.cs:172:case:0x07","Emulated.HW/Motorola/MFP/MC68901/MfpTimer.cs",172,"case","MfpTimer.SetControlRegister()","0x07",""
"Emulated.HW/Motorola/MFP/MC68901/MfpTimer.cs:178:case:0x08","Emulated.HW/Motorola/MFP/MC68901/MfpTimer.cs",178,"case","MfpTimer.SetControlRegister()","0x08",""
"Emulated.HW/Motorola/MFP/MC68901/MfpTimer.cs:185:case:0x09","Emulated.HW/Motorola/MFP/MC68901/MfpTimer.cs",185,"case","MfpTimer.SetControlRegister()","0x09",""
"Emulated.HW/Motorola/MFP/MC68901/MfpTimer.cs:186:case:0x0A","Emulated.HW/Motorola/MFP/MC68901/MfpTimer.cs",186,"case","MfpTimer.SetControlRegister()","0x0A",""
"Emulated.HW/Motorola/MFP/MC68901/MfpTimer.cs:187:case:0x0B","Emulated.HW/Motorola/MFP/MC68901/MfpTimer.cs",187,"case","MfpTimer.SetControlRegister()","0x0B",""
"Emulated.HW/Motorola/MFP/MC68901/MfpTimer.cs:188:case:0x0C","Emulated.HW/Motorola/MFP/MC68901/MfpTimer.cs",188,"case","MfpTimer.SetControlRegister()","0x0C",""
"Emulated.HW/Motorola/MFP/MC68901/MfpTimer.cs:189:case:0x0D","Emulated.HW/Motorola/MFP/MC68901/MfpTimer.cs",189,"case","MfpTimer.SetControlRegister()","0x0D",""
"Emulated.HW/Motorola/MFP/MC68901/MfpTimer.cs:190:case:0x0E","Emulated.HW/Motorola/MFP/MC68901/MfpTimer.cs",190,"case","MfpTimer.SetControlRegister()","0x0E",""
"Emulated.HW/Motorola/MFP/MC68901/MfpTimer.cs:191:case:0x0F","Emulated.HW/Motorola/MFP/MC68901/MfpTimer.cs",191,"case","MfpTimer.SetControlRegister()","0x0F",""
"Emulated.HW/Motorola/MFP/MC68901/MfpTimer.cs:198:case:default","Emulated.HW/Motorola/MFP/MC68901/MfpTimer.cs",198,"case","MfpTimer.SetControlRegister()","default",""
"Emulated.HW/Motorola/MFP/MC68901/MfpTimer.cs:203:method:SetDataRegister","Emulated.HW/Motorola/MFP/MC68901/MfpTimer.cs",203,"method","MfpTimer","SetDataRegister","void (byte data)"
"Emulated.HW/Motorola/MFP/MC68901/MfpTimer.cs:219:method:Clear","Emulated.HW/Motorola/MFP/MC68901/MfpTimer.cs",219,"method","MfpTimer","Clear","void ()"
"Emulated.HW/Motorola/MFP/MC68901/Registers.cs:13:class:Registers","Emulated.HW/Motorola/MFP/MC68901/Registers.cs",13,"class","","Registers",""
"Emulated.HW/Motorola/MFP/MC68901/Registers.cs:20:event:OnTimerOutput","Emulated.HW/Motorola/MFP/MC68901/Registers.cs",20,"event","Registers","OnTimerOutput","TimerOutput?"
"Emulated.HW/Motorola/MFP/MC68901/Registers.cs:25:event:OnTimerElapsed","Emulated.HW/Motorola/MFP/MC68901/Registers.cs",25,"event","Registers","OnTimerElapsed","TimerElapsed?"
"Emulated.HW/Motorola/MFP/MC68901/Registers.cs:30:event:OnTakeInterrupt","Emulated.HW/Motorola/MFP/MC68901/Registers.cs",30,"event","Registers","OnTakeInterrupt","TakeInterrupt?"
"Emulated.HW/Motorola/MFP/MC68901/Registers.cs:39:property:gpip","Emulated.HW/Motorola/MFP/MC68901/Registers.cs",39,"property","Registers","gpip","byte"
"Emulated.HW/Motorola/MFP/MC68901/Registers.cs:45:property:aer","Emulated.HW/Motorola/MFP/MC68901/Registers.cs",45,"property","Registers","aer","byte"
"Emulated.HW/Motorola/MFP/MC68901/Registers.cs:51:property:ddr","Emulated.HW/Motorola/MFP/MC68901/Registers.cs",51,"property","Registers","ddr","byte"
"Emulated.HW/Motorola/MFP/MC68901/Registers.cs:57:property:ier","Emulated.HW/Motorola/MFP/MC68901/Registers.cs",57,"property","Registers","ier","InterruptVectorNumber"
"Emulated.HW/Motorola/MFP/MC68901/Registers.cs:63:property:ierA","Emulated.HW/Motorola/MFP/MC68901/Registers.cs",63,"property","Registers","ierA","byte"
"Emulated.HW/Motorola/MFP/MC68901/Registers.cs:73:property:ierB","Emulated.HW/Motorola/MFP/MC68901/Registers.cs",73,"property","Registers","ierB","byte"
"Emulated.HW/Motorola/MFP/MC68901/Registers.cs:82:property:ipr","Emulated.HW/Motorola/MFP/MC68901/Registers.cs",82,"property","Registers","ipr","InterruptVectorNumber"
"Emulated.HW/Motorola/MFP/MC68901/Registers.cs:88:property:iprA","Emulated.HW/Motorola/MFP/MC68901/Registers.cs",88,"property","Registers","iprA","byte"
"Emulated.HW/Motorola/MFP/MC68901/Registers.cs:98:property:iprB","Emulated.HW/Motorola/MFP/MC68901/Registers.cs",98,"property","Registers","iprB","byte"
"Emulated.HW/Motorola/MFP/MC68901/Registers.cs:107:property:isr","Emulated.HW/Motorola/MFP/MC68901/Registers.cs",107,"property","Registers","isr","InterruptVectorNumber"
"Emulated.HW/Motorola/MFP/MC68901/Registers.cs:113:property:isrA","Emulated.HW/Motorola/MFP/MC68901/Registers.cs",113,"property","Registers","isrA","byte"
"Emulated.HW/Motorola/MFP/MC68901/Registers.cs:123:property:isrB","Emulated.HW/Motorola/MFP/MC68901/Registers.cs",123,"property","Registers","isrB","byte"
"Emulated.HW/Motorola/MFP/MC68901/Registers.cs:133:property:imr","Emulated.HW/Motorola/MFP/MC68901/Registers.cs",133,"property","Registers","imr","InterruptVectorNumber"
"Emulated.HW/Motorola/MFP/MC68901/Registers.cs:140:property:imrA","Emulated.HW/Motorola/MFP/MC68901/Registers.cs",140,"property","Registers","imrA","byte"
"Emulated.HW/Motorola/MFP/MC68901/Registers.cs:150:property:imrB","Emulated.HW/Motorola/MFP/MC68901/Registers.cs",150,"property","Registers","imrB","byte"
"Emulated.HW/Motorola/MFP/MC68901/Registers.cs:160:property:vr","Emulated.HW/Motorola/MFP/MC68901/Registers.cs",160,"property","Registers","vr","byte"
"Emulated.HW/Motorola/MFP/MC68901/Registers.cs:168:property:gpio_input","Emulated.HW/Motorola/MFP/MC68901/Registers.cs",168,"property","Registers","gpio_input","byte"
"Emulated.HW/Motorola/MFP/MC68901/Registers.cs:173:property:gpio_output","Emulated.HW/Motorola/MFP/MC68901/Registers.cs",173,"property","Registers","gpio_output","byte"
"Emulated.HW/Motorola/MFP/MC68901/Registers.cs:181:property:timerA","Emulated.HW/Motorola/MFP/MC68901/Registers.cs",181,"property","Registers","timerA","MfpTimer"
"Emulated.HW/Motorola/MFP/MC68901/Registers.cs:186:property:timerB","Emulated.HW/Motorola/MFP/MC68901/Registers.cs",186,"property","Registers","timerB","MfpTimer"
"Emulated.HW/Motorola/MFP/MC68901/Registers.cs:191:property:timerC","Emulated.HW/Motorola/MFP/MC68901/Registers.cs",191,"property","Registers","timerC","MfpTimer"
"Emulated.HW/Motorola/MFP/MC68901/Registers.cs:196:property:timerD","Emulated.HW/Motorola/MFP/MC68901/Registers.cs",196,"property","Registers","timerD","MfpTimer"
"Emulated.HW/Motorola/MFP/MC68901/Registers.cs:199:field:timers","Emulated.HW/Motorola/MFP/MC68901/Registers.cs",199,"field","Registers","timers","MfpTimer[] new MfpTimer[4]"
"Emulated.HW/Motorola/MFP/MC68901/Registers.cs:202:property:usart","Emulated.HW/Motorola/MFP/MC68901/Registers.cs",202,"property","Registers","usart","Usart"
"Emulated.HW/Motorola/MFP/MC68901/Registers.cs:204:field:_usart","Emulated.HW/Motorola/MFP/MC68901/Registers.cs",204,"field","Registers","_usart","Usart new Usart()"
"Emulated.HW/Motorola/MFP/MC68901/Registers.cs:206:method:Tick","Emulated.HW/Motorola/MFP/MC68901/Registers.cs",206,"method","Registers","Tick","void ()"
"Emulated.HW/Motorola/MFP/MC68901/Registers.cs:218:ctor:Registers","Emulated.HW/Motorola/MFP/MC68901/Registers.cs",218,"ctor","Registers","Registers","()"
"Emulated.HW/Motorola/MFP/MC68901/Registers.cs:243:method:Timer_OnTimerElapsed","Emulated.HW/Motorola/MFP/MC68901/Registers.cs",243,"method","Registers","Timer_OnTimerElapsed","void (MfpTimerName name)"
"Emulated.HW/Motorola/MFP/MC68901/Registers.cs:251:method:Clear","Emulated.HW/Motorola/MFP/MC68901/Registers.cs",251,"method","Registers","Clear","void ()"
"Emulated.HW/Motorola/MFP/MC68901/Registers.cs:274:method:Timers_OnTimerOutput","Emulated.HW/Motorola/MFP/MC68901/Registers.cs",274,"method","Registers","Timers_OnTimerOutput","void (MfpTimerName name, bool state)"
"Emulated.HW/Motorola/MFP/MC68901/Usart.cs:17:class:Usart","Emulated.HW/Motorola/MFP/MC68901/Usart.cs",17,"class","","Usart",""
"Emulated.HW/Motorola/MFP/MC68901/Usart.cs:24:event:OnSerialOutput","Emulated.HW/Motorola/MFP/MC68901/Usart.cs",24,"event","Usart","OnSerialOutput","BoolOutput?"
"Emulated.HW/Motorola/MFP/MC68901/Usart.cs:31:method:SetSerialOutput","Emulated.HW/Motorola/MFP/MC68901/Usart.cs",31,"method","Usart","SetSerialOutput","void (bool state)"
"Emulated.HW/Motorola/MFP/MC68901/Usart.cs:43:event:OnTakeInterrupt","Emulated.HW/Motorola/MFP/MC68901/Usart.cs",43,"event","Usart","OnTakeInterrupt","TakeInterrupt?"
"Emulated.HW/Motorola/MFP/MC68901/Usart.cs:45:method:tryTakeInterrupt","Emulated.HW/Motorola/MFP/MC68901/Usart.cs",45,"method","Usart","tryTakeInterrupt","void (InterruptVectorNumber ivn)"
"Emulated.HW/Motorola/MFP/MC68901/Usart.cs:58:property:ucr","Emulated.HW/Motorola/MFP/MC68901/Usart.cs",58,"property","Usart","ucr","UCR_FLAGS"
"Emulated.HW/Motorola/MFP/MC68901/Usart.cs:63:property:tsr","Emulated.HW/Motorola/MFP/MC68901/Usart.cs",63,"property","Usart","tsr","TSR_FLAGS"
"Emulated.HW/Motorola/MFP/MC68901/Usart.cs:68:property:rsr","Emulated.HW/Motorola/MFP/MC68901/Usart.cs",68,"property","Usart","rsr","RSR_FLAGS"
"Emulated.HW/Motorola/MFP/MC68901/Usart.cs:73:property:transmit_buffer","Emulated.HW/Motorola/MFP/MC68901/Usart.cs",73,"property","Usart","transmit_buffer","byte"
"Emulated.HW/Motorola/MFP/MC68901/Usart.cs:78:property:receive_buffer","Emulated.HW/Motorola/MFP/MC68901/Usart.cs",78,"property","Usart","receive_buffer","byte"
"Emulated.HW/Motorola/MFP/MC68901/Usart.cs:83:property:scr","Emulated.HW/Motorola/MFP/MC68901/Usart.cs",83,"property","Usart","scr","byte"
"Emulated.HW/Motorola/MFP/MC68901/Usart.cs:88:property:scr_parity","Emulated.HW/Motorola/MFP/MC68901/Usart.cs",88,"property","Usart","scr_parity","bool"
"Emulated.HW/Motorola/MFP/MC68901/Usart.cs:96:property:rframe","Emulated.HW/Motorola/MFP/MC68901/Usart.cs",96,"property","Usart","rframe","ushort"
"Emulated.HW/Motorola/MFP/MC68901/Usart.cs:101:property:rclk","Emulated.HW/Motorola/MFP/MC68901/Usart.cs",101,"property","Usart","rclk","byte"
"Emulated.HW/Motorola/MFP/MC68901/Usart.cs:106:property:rbits","Emulated.HW/Motorola/MFP/MC68901/Usart.cs",106,"property","Usart","rbits","byte"
"Emulated.HW/Motorola/MFP/MC68901/Usart.cs:111:property:si_scan","Emulated.HW/Motorola/MFP/MC68901/Usart.cs",111,"property","Usart","si_scan","byte"
"Emulated.HW/Motorola/MFP/MC68901/Usart.cs:116:property:next_rsr","Emulated.HW/Motorola/MFP/MC68901/Usart.cs",116,"property","Usart","next_rsr","RSR_FLAGS"
"Emulated.HW/Motorola/MFP/MC68901/Usart.cs:121:property:rc","Emulated.HW/Motorola/MFP/MC68901/Usart.cs",121,"property","Usart","rc","bool"
"Emulated.HW/Motorola/MFP/MC68901/Usart.cs:126:property:si","Emulated.HW/Motorola/MFP/MC68901/Usart.cs",126,"property","Usart","si","bool"
"Emulated.HW/Motorola/MFP/MC68901/Usart.cs:131:property:last_si","Emulated.HW/Motorola/MFP/MC68901/Usart.cs",131,"property","Usart","last_si","bool"
"Emulated.HW/Motorola/MFP/MC68901/Usart.cs:136:property:rparity","Emulated.HW/Motorola/MFP/MC68901/Usart.cs",136,"property","Usart","rparity","bool"
"Emulated.HW/Motorola/MFP/MC68901/Usart.cs:144:property:osr","Emulated.HW/Motorola/MFP/MC68901/Usart.cs",144,"property","Usart","osr","ushort"
"Emulated.HW/Motorola/MFP/MC68901/Usart.cs:149:property:tclk","Emulated.HW/Motorola/MFP/MC68901/Usart.cs",149,"property","Usart","tclk","byte"
"Emulated.HW/Motorola/MFP/MC68901/Usart.cs:154:property:tbits","Emulated.HW/Motorola/MFP/MC68901/Usart.cs",154,"property","Usart","tbits","byte"
"Emulated.HW/Motorola/MFP/MC68901/Usart.cs:159:property:tc","Emulated.HW/Motorola/MFP/MC68901/Usart.cs",159,"property","Usart","tc","bool"
"Emulated.HW/Motorola/MFP/MC68901/Usart.cs:164:property:so","Emulated.HW/Motorola/MFP/MC68901/Usart.cs",164,"property","Usart","so","bool"
"Emulated.HW/Motorola/MFP/MC68901/Usart.cs:169:property:tparity","Emulated.HW/Motorola/MFP/MC68901/Usart.cs",169,"property","Usart","tparity","bool"
"Emulated.HW/Motorola/MFP/MC68901/Usart.cs:174:property:underrun","Emulated.HW/Motorola/MFP/MC68901/Usart.cs",174,"property","Usart","underrun","bool"
"Emulated.HW/Motorola/MFP/MC68901/Usart.cs:182:ctor:Usart","Emulated.HW/Motorola/MFP/MC68901/Usart.cs",182,"ctor","Usart","Usart","()"
"Emulated.HW/Motorola/MFP/MC68901/Usart.cs:186:method:Clear","Emulated.HW/Motorola/MFP/MC68901/Usart.cs",186,"method","Usart","Clear","void ()"
"Emulated.HW/Motorola/MFP/MC68901/Usart.cs:220:method:ReadUDR","Emulated.HW/Motorola/MFP/MC68901/Usart.cs",220,"method","Usart","ReadUDR","byte ()"
"Emulated.HW/Motorola/MFP/MC68901/Usart.cs:244:method:tx_buffer_empty","Emulated.HW/Motorola/MFP/MC68901/Usart.cs",244,"method","Usart","tx_buffer_empty","void ()"
"Emulated.HW/Motorola/MFP/MC68901/Usart.cs:251:method:tx_error","Emulated.HW/Motorola/MFP/MC68901/Usart.cs",251,"method","Usart","tx_error","void ()"
"Emulated.HW/Motorola/MFP/MC68901/Usart.cs:256:method:rx_buffer_full","Emulated.HW/Motorola/MFP/MC68901/Usart.cs",256,"method","Usart","rx_buffer_full","void ()"
"Emulated.HW/Motorola/MFP/MC68901/Usart.cs:261:method:rx_error","Emulated.HW/Motorola/MFP/MC68901/Usart.cs",261,"method","Usart","rx_error","void ()"
"Emulated.HW/Motorola/MFP/MC68901/Usart.cs:274:method:set_receiver_clock","Emulated.HW/Motorola/MFP/MC68901/Usart.cs",274,"method","Usart","set_receiver_clock","void (bool state)"
"Emulated.HW/Motorola/MFP/MC68901/Usart.cs:297:method:set_serial_input","Emulated.HW/Motorola/MFP/MC68901/Usart.cs",297,"method","Usart","set_serial_input","void (bool state)"
"Emulated.HW/Motorola/MFP/MC68901/Usart.cs:307:method:set_transmitter_clock","Emulated.HW/Motorola/MFP/MC68901/Usart.cs",307,"method","Usart","set_transmitter_clock","void (bool state)"
"Emulated.HW/Motorola/MFP/MC68901/Usart.cs:331:method:rx_frame_start","Emulated.HW/Motorola/MFP/MC68901/Usart.cs",331,"method","Usart","rx_frame_start","void ()"
"Emulated.HW/Motorola/MFP/MC68901/Usart.cs:338:method:rx_sync_found","Emulated.HW/Motorola/MFP/MC68901/Usart.cs",338,"method","Usart","rx_sync_found","void ()"
"Emulated.HW/Motorola/MFP/MC68901/Usart.cs:350:method:rx_async_frame_complete","Emulated.HW/Motorola/MFP/MC68901/Usart.cs",350,"method","Usart","rx_async_frame_complete","void ()"
"Emulated.HW/Motorola/MFP/MC68901/Usart.cs:396:method:rx_sync_frame_complete","Emulated.HW/Motorola/MFP/MC68901/Usart.cs",396,"method","Usart","rx_sync_frame_complete","void ()"
"Emulated.HW/Motorola/MFP/MC68901/Usart.cs:405:method:rx_clock","Emulated.HW/Motorola/MFP/MC68901/Usart.cs",405,"method","Usart","rx_clock","void (bool si)"
"Emulated.HW/Motorola/MFP/MC68901/Usart.cs:495:method:tx_frame_load","Emulated.HW/Motorola/MFP/MC68901/Usart.cs",495,"method","Usart","tx_frame_load","void (byte data)"
"Emulated.HW/Motorola/MFP/MC68901/Usart.cs:511:method:tx_clock","Emulated.HW/Motorola/MFP/MC68901/Usart.cs",511,"method","Usart","tx_clock","void ()"
"Emulated.HW/Motorola/MFP/MC68901/HelperEnum.cs:24:delegate:TimerOutput","Emulated.HW/Motorola/MFP/MC68901/HelperEnum.cs",24,"delegate","","TimerOutput","(MfpTimerName name, bool state)"
"Emulated.HW/Motorola/MFP/MC68901/HelperEnum.cs:30:delegate:TimerElapsed","Emulated.HW/Motorola/MFP/MC68901/HelperEnum.cs",30,"delegate","","TimerElapsed","(MfpTimerName name)"
"Emulated.HW/Motorola/MFP/MC68901/HelperEnum.cs:36:delegate:TakeInterrupt","Emulated.HW/Motorola/MFP/MC68901/HelperEnum.cs",36,"delegate","","TakeInterrupt","(InterruptVectorNumber vector)"
"Emulated.HW/Motorola/MFP/MC68901/HelperEnum.cs:38:delegate:ByteOutput","Emulated.HW/Motorola/MFP/MC68901/HelperEnum.cs",38,"delegate","","ByteOutput","(byte data)"
"Emulated.HW/Motorola/MFP/MC68901/HelperEnum.cs:39:delegate:BoolOutput","Emulated.HW/Motorola/MFP/MC68901/HelperEnum.cs",39,"delegate","","BoolOutput","(bool state)"
"Emulated.HW/Motorola/MFP/MC68901/HelperEnum.cs:46:enum:MFPRegister","Emulated.HW/Motorola/MFP/MC68901/HelperEnum.cs",46,"enum","","MFPRegister",""
"Emulated.HW/Motorola/MFP/MC68901/HelperEnum.cs:52:enumvalue:GPDR","Emulated.HW/Motorola/MFP/MC68901/HelperEnum.cs",52,"enumvalue","MFPRegister","GPDR",""
"Emulated.HW/Motorola/MFP/MC68901/HelperEnum.cs:58:enumvalue:AER","Emulated.HW/Motorola/MFP/MC68901/HelperEnum.cs",58,"enumvalue","MFPRegister","AER",""
"Emulated.HW/Motorola/MFP/MC68901/HelperEnum.cs:64:enumvalue:DDR","Emulated.HW/Motorola/MFP/MC68901/HelperEnum.cs",64,"enumvalue","MFPRegister","DDR",""
"Emulated.HW/Motorola/MFP/MC68901/HelperEnum.cs:69:enumvalue:IERA","Emulated.HW/Motorola/MFP/MC68901/HelperEnum.cs",69,"enumvalue","MFPRegister","IERA",""
"Emulated.HW/Motorola/MFP/MC68901/HelperEnum.cs:74:enumvalue:IERB","Emulated.HW/Motorola/MFP/MC68901/HelperEnum.cs",74,"enumvalue","MFPRegister","IERB",""
"Emulated.HW/Motorola/MFP/MC68901/HelperEnum.cs:79:enumvalue:IPRA","Emulated.HW/Motorola/MFP/MC68901/HelperEnum.cs",79,"enumvalue","MFPRegister","IPRA",""
"Emulated.HW/Motorola/MFP/MC68901/HelperEnum.cs:84:enumvalue:IPRB","Emulated.HW/Motorola/MFP/MC68901/HelperEnum.cs",84,"enumvalue","MFPRegister","IPRB",""
"Emulated.HW/Motorola/MFP/MC68901/HelperEnum.cs:89:enumvalue:ISRA","Emulated.HW/Motorola/MFP/MC68901/HelperEnum.cs",89,"enumvalue","MFPRegister","ISRA",""
"Emulated.HW/Motorola/MFP/MC68901/HelperEnum.cs:94:enumvalue:ISRB","Emulated.HW/Motorola/MFP/MC68901/HelperEnum.cs",94,"enumvalue","MFPRegister","ISRB",""
"Emulated.HW/Motorola/MFP/MC68901/HelperEnum.cs:99:enumvalue:IMRA","Emulated.HW/Motorola/MFP/MC68901/HelperEnum.cs",99,"enumvalue","MFPRegister","IMRA",""
"Emulated.HW/Motorola/MFP/MC68901/HelperEnum.cs:104:enumvalue:IMRB","Emulated.HW/Motorola/MFP/MC68901/HelperEnum.cs",104,"enumvalue","MFPRegister","IMRB",""
"Emulated.HW/Motorola/MFP/MC68901/HelperEnum.cs:109:enumvalue:VR","Emulated.HW/Motorola/MFP/MC68901/HelperEnum.cs",109,"enumvalue","MFPRegister","VR",""
"Emulated.HW/Motorola/MFP/MC68901/HelperEnum.cs:114:enumvalue:TACR","Emulated.HW/Motorola/MFP/MC68901/HelperEnum.cs",114,"enumvalue","MFPRegister","TACR",""
"Emulated.HW/Motorola/MFP/MC68901/HelperEnum.cs:119:enumvalue:TBCR","Emulated.HW/Motorola/MFP/MC68901/HelperEnum.cs",119,"enumvalue","MFPRegister","TBCR",""
"Emulated.HW/Motorola/MFP/MC68901/HelperEnum.cs:124:enumvalue:TCDCR","Emulated.HW/Motorola/MFP/MC68901/HelperEnum.cs",124,"enumvalue","MFPRegister","TCDCR",""
"Emulated.HW/Motorola/MFP/MC68901/HelperEnum.cs:129:enumvalue:TADR","Emulated.HW/Motorola/MFP/MC68901/HelperEnum.cs",129,"enumvalue","MFPRegister","TADR",""
"Emulated.HW/Motorola/MFP/MC68901/HelperEnum.cs:134:enumvalue:TBDR","Emulated.HW/Motorola/MFP/MC68901/HelperEnum.cs",134,"enumvalue","MFPRegister","TBDR",""
"Emulated.HW/Motorola/MFP/MC68901/HelperEnum.cs:139:enumvalue:TCDR","Emulated.HW/Motorola/MFP/MC68901/HelperEnum.cs",139,"enumvalue","MFPRegister","TCDR",""
"Emulated.HW/Motorola/MFP/MC68901/HelperEnum.cs:144:enumvalue:TDDR","Emulated.HW/Motorola/MFP/MC68901/HelperEnum.cs",144,"enumvalue","MFPRegister","TDDR",""
"Emulated.HW/Motorola/MFP/MC68901/HelperEnum.cs:149:enumvalue:SCR","Emulated.HW/Motorola/MFP/MC68901/HelperEnum.cs",149,"enumvalue","MFPRegister","SCR",""
"Emulated.HW/Motorola/MFP/MC68901/HelperEnum.cs:154:enumvalue:UCR","Emulated.HW/Motorola/MFP/MC68901/HelperEnum.cs",154,"enumvalue","MFPRegister","UCR",""
"Emulated.HW/Motorola/MFP/MC68901/HelperEnum.cs:159:enumvalue:RSR","Emulated.HW/Motorola/MFP/MC68901/HelperEnum.cs",159,"enumvalue","MFPRegister","RSR",""
"Emulated.HW/Motorola/MFP/MC68901/HelperEnum.cs:164:enumvalue:TSR","Emulated.HW/Motorola/MFP/MC68901/HelperEnum.cs",164,"enumvalue","MFPRegister","TSR",""
"Emulated.HW/Motorola/MFP/MC68901/HelperEnum.cs:169:enumvalue:UDR","Emulated.HW/Motorola/MFP/MC68901/HelperEnum.cs",169,"enumvalue","MFPRegister","UDR",""
"Emulated.HW/Motorola/MFP/MC68901/HelperEnum.cs:173:enum:MfpTimerName","Emulated.HW/Motorola/MFP/MC68901/HelperEnum.cs",173,"enum","","MfpTimerName",""
"Emulated.HW/Motorola/MFP/MC68901/HelperEnum.cs:175:enumvalue:A","Emulated.HW/Motorola/MFP/MC68901/HelperEnum.cs",175,"enumvalue","MfpTimerName","A","0"
"Emulated.HW/Motorola/MFP/MC68901/HelperEnum.cs:176:enumvalue:B","Emulated.HW/Motorola/MFP/MC68901/HelperEnum.cs",176,"enumvalue","MfpTimerName","B",""
"Emulated.HW/Motorola/MFP/MC68901/HelperEnum.cs:177:enumvalue:C","Emulated.HW/Motorola/MFP/MC68901/HelperEnum.cs",177,"enumvalue","MfpTimerName","C",""
"Emulated.HW/Motorola/MFP/MC68901/HelperEnum.cs:178:enumvalue:D","Emulated.HW/Motorola/MFP/MC68901/HelperEnum.cs",178,"enumvalue","MfpTimerName","D",""
"Emulated.HW/Motorola/MFP/MC68901/HelperEnum.cs:187:enum:InterruptVectorNumber","Emulated.HW/Motorola/MFP/MC68901/HelperEnum.cs",187,"enum","","InterruptVectorNumber",""
"Emulated.HW/Motorola/MFP/MC68901/HelperEnum.cs:191:enumvalue:IR_GPIP_0","Emulated.HW/Motorola/MFP/MC68901/HelperEnum.cs",191,"enumvalue","InterruptVectorNumber","IR_GPIP_0","1 << 0"
"Emulated.HW/Motorola/MFP/MC68901/HelperEnum.cs:193:enumvalue:IR_GPIP_1","Emulated.HW/Motorola/MFP/MC68901/HelperEnum.cs",193,"enumvalue","InterruptVectorNumber","IR_GPIP_1","1 << 1"
"Emulated.HW/Motorola/MFP/MC68901/HelperEnum.cs:195:enumvalue:IR_GPIP_2","Emulated.HW/Motorola/MFP/MC68901/HelperEnum.cs",195,"enumvalue","InterruptVectorNumber","IR_GPIP_2","1 << 2"
"Emulated.HW/Motorola/MFP/MC68901/HelperEnum.cs:197:enumvalue:IR_GPIP_3","Emulated.HW/Motorola/MFP/MC68901/HelperEnum.cs",197,"enumvalue","InterruptVectorNumber","IR_GPIP_3","1 << 3"
"Emulated.HW/Motorola/MFP/MC68901/HelperEnum.cs:199:enumvalue:IR_TIMER_D","Emulated.HW/Motorola/MFP/MC68901/HelperEnum.cs",199,"enumvalue","InterruptVectorNumber","IR_TIMER_D","1 << 4"
"Emulated.HW/Motorola/MFP/MC68901/HelperEnum.cs:201:enumvalue:IR_TIMER_C","Emulated.HW/Motorola/MFP/MC68901/HelperEnum.cs",201,"enumvalue","InterruptVectorNumber","IR_TIMER_C","1 << 5"
"Emulated.HW/Motorola/MFP/MC68901/HelperEnum.cs:203:enumvalue:IR_GPIP_4","Emulated.HW/Motorola/MFP/MC68901/HelperEnum.cs",203,"enumvalue","InterruptVectorNumber","IR_GPIP_4","1 << 6"
"Emulated.HW/Motorola/MFP/MC68901/HelperEnum.cs:205:enumvalue:IR_GPIP_5","Emulated.HW/Motorola/MFP/MC68901/HelperEnum.cs",205,"enumvalue","InterruptVectorNumber","IR_GPIP_5","1 << 7"
"Emulated.HW/Motorola/MFP/MC68901/HelperEnum.cs:207:enumvalue:IR_TIMER_B","Emulated.HW/Motorola/MFP/MC68901/HelperEnum.cs",207,"enumvalue","InterruptVectorNumber","IR_TIMER_B","1 << 8"
"Emulated.HW/Motorola/MFP/MC68901/HelperEnum.cs:209:enumvalue:IR_XMIT_ERROR","Emulated.HW/Motorola/MFP/MC68901/HelperEnum.cs",209,"enumvalue","InterruptVectorNumber","IR_XMIT_ERROR","1 << 9"
"Emulated.HW/Motorola/MFP/MC68901/HelperEnum.cs:211:enumvalue:IR_XMIT_BUFFER_EMPTY","Emulated.HW/Motorola/MFP/MC68901/HelperEnum.cs",211,"enumvalue","InterruptVectorNumber","IR_XMIT_BUFFER_EMPTY","1 << 10"
"Emulated.HW/Motorola/MFP/MC68901/HelperEnum.cs:213:enumvalue:IR_RCV_ERROR","Emulated.HW/Motorola/MFP/MC68901/HelperEnum.cs",213,"enumvalue","InterruptVectorNumber","IR_RCV_ERROR","1 << 11"
"Emulated.HW/Motorola/MFP/MC68901/HelperEnum.cs:215:enumvalue:IR_RCV_BUFFER_FULL","Emulated.HW/Motorola/MFP/MC68901/HelperEnum.cs",215,"enumvalue","InterruptVectorNumber","IR_RCV_BUFFER_FULL","1 << 12"
"Emulated.HW/Motorola/MFP/MC68901/HelperEnum.cs:217:enumvalue:IR_TIMER_A","Emulated.HW/Motorola/MFP/MC68901/HelperEnum.cs",217,"enumvalue","InterruptVectorNumber","IR_TIMER_A","1 << 13"
"Emulated.HW/Motorola/MFP/MC68901/HelperEnum.cs:219:enumvalue:IR_GPIP_6","Emulated.HW/Motorola/MFP/MC68901/HelperEnum.cs",219,"enumvalue","InterruptVectorNumber","IR_GPIP_6","1 << 14"
"Emulated.HW/Motorola/MFP/MC68901/HelperEnum.cs:221:enumvalue:IR_GPIP_7","Emulated.HW/Motorola/MFP/MC68901/HelperEnum.cs",221,"enumvalue","InterruptVectorNumber","IR_GPIP_7","1 << 15"
"Emulated.HW/Motorola/MFP/MC68901/HelperEnum.cs:223:enum:GPIP","Emulated.HW/Motorola/MFP/MC68901/HelperEnum.cs",223,"enum","","GPIP",""
"Emulated.HW/Motorola/MFP/MC68901/HelperEnum.cs:225:enumvalue:GPIP_0","Emulated.HW/Motorola/MFP/MC68901/HelperEnum.cs",225,"enumvalue","GPIP","GPIP_0","0"
"Emulated.HW/Motorola/MFP/MC68901/HelperEnum.cs:226:enumvalue:GPIP_1","Emulated.HW/Motorola/MFP/MC68901/HelperEnum.cs",226,"enumvalue","GPIP","GPIP_1",""
"Emulated.HW/Motorola/MFP/MC68901/HelperEnum.cs:227:enumvalue:GPIP_2","Emulated.HW/Motorola/MFP/MC68901/HelperEnum.cs",227,"enumvalue","GPIP","GPIP_2",""
"Emulated.HW/Motorola/MFP/MC68901/HelperEnum.cs:228:enumvalue:GPIP_3","Emulated.HW/Motorola/MFP/MC68901/HelperEnum.cs",228,"enumvalue","GPIP","GPIP_3",""
"Emulated.HW/Motorola/MFP/MC68901/HelperEnum.cs:229:enumvalue:GPIP_4","Emulated.HW/Motorola/MFP/MC68901/HelperEnum.cs",229,"enumvalue","GPIP","GPIP_4",""
"Emulated.HW/Motorola/MFP/MC68901/HelperEnum.cs:230:enumvalue:GPIP_5","Emulated.HW/Motorola/MFP/MC68901/HelperEnum.cs",230,"enumvalue","GPIP","GPIP_5",""
"Emulated.HW/Motorola/MFP/MC68901/HelperEnum.cs:231:enumvalue:GPIP_6","Emulated.HW/Motorola/MFP/MC68901/HelperEnum.cs",231,"enumvalue","GPIP","GPIP_6",""
"Emulated.HW/Motorola/MFP/MC68901/HelperEnum.cs:232:enumvalue:GPIP_7","Emulated.HW/Motorola/MFP/MC68901/HelperEnum.cs",232,"enumvalue","GPIP","GPIP_7",""
"Emulated.HW/Motorola/MFP/MC68901/HelperEnum.cs:236:enum:TCR_STATE","Emulated.HW/Motorola/MFP/MC68901/HelperEnum.cs",236,"enum","","TCR_STATE",""
"Emulated.HW/Motorola/MFP/MC68901/HelperEnum.cs:238:enumvalue:TCR_TIMER_STOPPED","Emulated.HW/Motorola/MFP/MC68901/HelperEnum.cs",238,"enumvalue","TCR_STATE","TCR_TIMER_STOPPED","0x00"
"Emulated.HW/Motorola/MFP/MC68901/HelperEnum.cs:239:enumvalue:TCR_TIMER_DELAY_4","Emulated.HW/Motorola/MFP/MC68901/HelperEnum.cs",239,"enumvalue","TCR_STATE","TCR_TIMER_DELAY_4","0x01"
"Emulated.HW/Motorola/MFP/MC68901/HelperEnum.cs:240:enumvalue:TCR_TIMER_DELAY_10","Emulated.HW/Motorola/MFP/MC68901/HelperEnum.cs",240,"enumvalue","TCR_STATE","TCR_TIMER_DELAY_10","0x02"
"Emulated.HW/Motorola/MFP/MC68901/HelperEnum.cs:241:enumvalue:TCR_TIMER_DELAY_16","Emulated.HW/Motorola/MFP/MC68901/HelperEnum.cs",241,"enumvalue","TCR_STATE","TCR_TIMER_DELAY_16","0x03"
"Emulated.HW/Motorola/MFP/MC68901/HelperEnum.cs:242:enumvalue:TCR_TIMER_DELAY_50","Emulated.HW/Motorola/MFP/MC68901/HelperEnum.cs",242,"enumvalue","TCR_STATE","TCR_TIMER_DELAY_50","0x04"
"Emulated.HW/Motorola/MFP/MC68901/HelperEnum.cs:243:enumvalue:TCR_TIMER_DELAY_64","Emulated.HW/Motorola/MFP/MC68901/HelperEnum.cs",243,"enumvalue","TCR_STATE","TCR_TIMER_DELAY_64","0x05"
"Emulated.HW/Motorola/MFP/MC68901/HelperEnum.cs:244:enumvalue:TCR_TIMER_DELAY_100","Emulated.HW/Motorola/MFP/MC68901/HelperEnum.cs",244,"enumvalue","TCR_STATE","TCR_TIMER_DELAY_100","0x06"
"Emulated.HW/Motorola/MFP/MC68901/HelperEnum.cs:245:enumvalue:TCR_TIMER_DELAY_200","Emulated.HW/Motorola/MFP/MC68901/HelperEnum.cs",245,"enumvalue","TCR_STATE","TCR_TIMER_DELAY_200","0x07"
"Emulated.HW/Motorola/MFP/MC68901/HelperEnum.cs:246:enumvalue:TCR_TIMER_EVENT","Emulated.HW/Motorola/MFP/MC68901/HelperEnum.cs",246,"enumvalue","TCR_STATE","TCR_TIMER_EVENT","0x08"
"Emulated.HW/Motorola/MFP/MC68901/HelperEnum.cs:247:enumvalue:TCR_TIMER_PULSE_4","Emulated.HW/Motorola/MFP/MC68901/HelperEnum.cs",247,"enumvalue","TCR_STATE","TCR_TIMER_PULSE_4","0x09"
"Emulated.HW/Motorola/MFP/MC68901/HelperEnum.cs:248:enumvalue:TCR_TIMER_PULSE_10","Emulated.HW/Motorola/MFP/MC68901/HelperEnum.cs",248,"enumvalue","TCR_STATE","TCR_TIMER_PULSE_10","0x0a"
"Emulated.HW/Motorola/MFP/MC68901/HelperEnum.cs:249:enumvalue:TCR_TIMER_PULSE_16","Emulated.HW/Motorola/MFP/MC68901/HelperEnum.cs",249,"enumvalue","TCR_STATE","TCR_TIMER_PULSE_16","0x0b"
"Emulated.HW/Motorola/MFP/MC68901/HelperEnum.cs:250:enumvalue:TCR_TIMER_PULSE_50","Emulated.HW/Motorola/MFP/MC68901/HelperEnum.cs",250,"enumvalue","TCR_STATE","TCR_TIMER_PULSE_50","0x0c"
"Emulated.HW/Motorola/MFP/MC68901/HelperEnum.cs:251:enumvalue:TCR_TIMER_PULSE_64","Emulated.HW/Motorola/MFP/MC68901/HelperEnum.cs",251,"enumvalue","TCR_STATE","TCR_TIMER_PULSE_64","0x0d"
"Emulated.HW/Motorola/MFP/MC68901/HelperEnum.cs:252:enumvalue:TCR_TIMER_PULSE_100","Emulated.HW/Motorola/MFP/MC68901/HelperEnum.cs",252,"enumvalue","TCR_STATE","TCR_TIMER_PULSE_100","0x0e"
"Emulated.HW/Motorola/MFP/MC68901/HelperEnum.cs:253:enumvalue:TCR_TIMER_PULSE_200","Emulated.HW/Motorola/MFP/MC68901/HelperEnum.cs",253,"enumvalue","TCR_STATE","TCR_TIMER_PULSE_200","0x0f"
"Emulated.HW/Motorola/MFP/MC68901/HelperEnum.cs:254:enumvalue:TCR_TIMER_RESET","Emulated.HW/Motorola/MFP/MC68901/HelperEnum.cs",254,"enumvalue","TCR_STATE","TCR_TIMER_RESET","0x10"
"Emulated.HW/Motorola/MFP/MC68901/HelperEnum.cs:262:enum:UCR_FLAGS","Emulated.HW/Motorola/MFP/MC68901/HelperEnum.cs",262,"enum","","UCR_FLAGS",""
"Emulated.HW/Motorola/MFP/MC68901/HelperEnum.cs:266:enumvalue:UCR_PARITY_ENABLED","Emulated.HW/Motorola/MFP/MC68901/HelperEnum.cs",266,"enumvalue","UCR_FLAGS","UCR_PARITY_ENABLED","1 << 2"
"Emulated.HW/Motorola/MFP/MC68901/HelperEnum.cs:268:enumvalue:UCR_PARITY_EVEN","Emulated.HW/Motorola/MFP/MC68901/HelperEnum.cs",268,"enumvalue","UCR_FLAGS","UCR_PARITY_EVEN","1 << 1"
"Emulated.HW/Motorola/MFP/MC68901/HelperEnum.cs:270:enumvalue:UCR_PARITY_ODD","Emulated.HW/Motorola/MFP/MC68901/HelperEnum.cs",270,"enumvalue","UCR_FLAGS","UCR_PARITY_ODD","0"
"Emulated.HW/Motorola/MFP/MC68901/HelperEnum.cs:272:enumvalue:UCR_WORD_LENGTH_8","Emulated.HW/Motorola/MFP/MC68901/HelperEnum.cs",272,"enumvalue","UCR_FLAGS","UCR_WORD_LENGTH_8","0"
"Emulated.HW/Motorola/MFP/MC68901/HelperEnum.cs:274:enumvalue:UCR_WORD_LENGTH_7","Emulated.HW/Motorola/MFP/MC68901/HelperEnum.cs",274,"enumvalue","UCR_FLAGS","UCR_WORD_LENGTH_7","1 << 5"
"Emulated.HW/Motorola/MFP/MC68901/HelperEnum.cs:276:enumvalue:UCR_WORD_LENGTH_6","Emulated.HW/Motorola/MFP/MC68901/HelperEnum.cs",276,"enumvalue","UCR_FLAGS","UCR_WORD_LENGTH_6","1 << 6"
"Emulated.HW/Motorola/MFP/MC68901/HelperEnum.cs:278:enumvalue:UCR_WORD_LENGTH_5","Emulated.HW/Motorola/MFP/MC68901/HelperEnum.cs",278,"enumvalue","UCR_FLAGS","UCR_WORD_LENGTH_5","(1 << 6) | (1 << 5)"
"Emulated.HW/Motorola/MFP/MC68901/HelperEnum.cs:280:enumvalue:UCR_WORD_LENGTH_MASK","Emulated.HW/Motorola/MFP/MC68901/HelperEnum.cs",280,"enumvalue","UCR_FLAGS","UCR_WORD_LENGTH_MASK","(1 << 6) | (1 << 5)"
"Emulated.HW/Motorola/MFP/MC68901/HelperEnum.cs:282:enumvalue:UCR_START_STOP_0_0","Emulated.HW/Motorola/MFP/MC68901/HelperEnum.cs",282,"enumvalue","UCR_FLAGS","UCR_START_STOP_0_0","0"
"Emulated.HW/Motorola/MFP/MC68901/HelperEnum.cs:284:enumvalue:UCR_START_STOP_1_1","Emulated.HW/Motorola/MFP/MC68901/HelperEnum.cs",284,"enumvalue","UCR_FLAGS","UCR_START_STOP_1_1","1 << 3"
"Emulated.HW/Motorola/MFP/MC68901/HelperEnum.cs:286:enumvalue:UCR_START_STOP_1_15","Emulated.HW/Motorola/MFP/MC68901/HelperEnum.cs",286,"enumvalue","UCR_FLAGS","UCR_START_STOP_1_15","1 << 4"
"Emulated.HW/Motorola/MFP/MC68901/HelperEnum.cs:288:enumvalue:UCR_START_STOP_1_2","Emulated.HW/Motorola/MFP/MC68901/HelperEnum.cs",288,"enumvalue","UCR_FLAGS","UCR_START_STOP_1_2","(1 << 4) | (1 << 3)"
"Emulated.HW/Motorola/MFP/MC68901/HelperEnum.cs:290:enumvalue:UCR_CLOCK_DIVIDE_16","Emulated.HW/Motorola/MFP/MC68901/HelperEnum.cs",290,"enumvalue","UCR_FLAGS","UCR_CLOCK_DIVIDE_16","1 << 7"
"Emulated.HW/Motorola/MFP/MC68901/HelperEnum.cs:292:enumvalue:UCR_CLOCK_DIVIDE_1","Emulated.HW/Motorola/MFP/MC68901/HelperEnum.cs",292,"enumvalue","UCR_FLAGS","UCR_CLOCK_DIVIDE_1","0"
"Emulated.HW/Motorola/MFP/MC68901/HelperEnum.cs:299:enum:RSR_FLAGS","Emulated.HW/Motorola/MFP/MC68901/HelperEnum.cs",299,"enum","","RSR_FLAGS",""
"Emulated.HW/Motorola/MFP/MC68901/HelperEnum.cs:303:enumvalue:RSR_RCV_ENABLE","Emulated.HW/Motorola/MFP/MC68901/HelperEnum.cs",303,"enumvalue","RSR_FLAGS","RSR_RCV_ENABLE","1 << 0"
"Emulated.HW/Motorola/MFP/MC68901/HelperEnum.cs:305:enumvalue:RSR_SYNC_STRIP_ENABLE","Emulated.HW/Motorola/MFP/MC68901/HelperEnum.cs",305,"enumvalue","RSR_FLAGS","RSR_SYNC_STRIP_ENABLE","1 << 1"
"Emulated.HW/Motorola/MFP/MC68901/HelperEnum.cs:307:enumvalue:RSR_MATCH","Emulated.HW/Motorola/MFP/MC68901/HelperEnum.cs",307,"enumvalue","RSR_FLAGS","RSR_MATCH","1 << 2"
"Emulated.HW/Motorola/MFP/MC68901/HelperEnum.cs:309:enumvalue:RSR_CHAR_IN_PROGRESS","Emulated.HW/Motorola/MFP/MC68901/HelperEnum.cs",309,"enumvalue","RSR_FLAGS","RSR_CHAR_IN_PROGRESS","1 << 2"
"Emulated.HW/Motorola/MFP/MC68901/HelperEnum.cs:311:enumvalue:RSR_FOUND_SEARCH","Emulated.HW/Motorola/MFP/MC68901/HelperEnum.cs",311,"enumvalue","RSR_FLAGS","RSR_FOUND_SEARCH","1 << 3"
"Emulated.HW/Motorola/MFP/MC68901/HelperEnum.cs:313:enumvalue:RSR_BREAK","Emulated.HW/Motorola/MFP/MC68901/HelperEnum.cs",313,"enumvalue","RSR_FLAGS","RSR_BREAK","1 << 3"
"Emulated.HW/Motorola/MFP/MC68901/HelperEnum.cs:315:enumvalue:RSR_FRAME_ERROR","Emulated.HW/Motorola/MFP/MC68901/HelperEnum.cs",315,"enumvalue","RSR_FLAGS","RSR_FRAME_ERROR","1 << 4"
"Emulated.HW/Motorola/MFP/MC68901/HelperEnum.cs:317:enumvalue:RSR_PARITY_ERROR","Emulated.HW/Motorola/MFP/MC68901/HelperEnum.cs",317,"enumvalue","RSR_FLAGS","RSR_PARITY_ERROR","1 << 5"
"Emulated.HW/Motorola/MFP/MC68901/HelperEnum.cs:319:enumvalue:RSR_OVERRUN_ERROR","Emulated.HW/Motorola/MFP/MC68901/HelperEnum.cs",319,"enumvalue","RSR_FLAGS","RSR_OVERRUN_ERROR","1 << 6"
"Emulated.HW/Motorola/MFP/MC68901/HelperEnum.cs:321:enumvalue:RSR_BUFFER_FULL","Emulated.HW/Motorola/MFP/MC68901/HelperEnum.cs",321,"enumvalue","RSR_FLAGS","RSR_BUFFER_FULL","1 << 7"
"Emulated.HW/Motorola/MFP/MC68901/HelperEnum.cs:328:enum:TSR_FLAGS","Emulated.HW/Motorola/MFP/MC68901/HelperEnum.cs",328,"enum","","TSR_FLAGS",""
"Emulated.HW/Motorola/MFP/MC68901/HelperEnum.cs:332:enumvalue:TSR_OUTPUT_HI_Z","Emulated.HW/Motorola/MFP/MC68901/HelperEnum.cs",332,"enumvalue","TSR_FLAGS","TSR_OUTPUT_HI_Z","0"
"Emulated.HW/Motorola/MFP/MC68901/HelperEnum.cs:334:enumvalue:TSR_XMIT_ENABLE","Emulated.HW/Motorola/MFP/MC68901/HelperEnum.cs",334,"enumvalue","TSR_FLAGS","TSR_XMIT_ENABLE","1 << 0"
"Emulated.HW/Motorola/MFP/MC68901/HelperEnum.cs:336:enumvalue:TSR_OUTPUT_LOW","Emulated.HW/Motorola/MFP/MC68901/HelperEnum.cs",336,"enumvalue","TSR_FLAGS","TSR_OUTPUT_LOW","1 << 1"
"Emulated.HW/Motorola/MFP/MC68901/HelperEnum.cs:338:enumvalue:TSR_OUTPUT_HIGH","Emulated.HW/Motorola/MFP/MC68901/HelperEnum.cs",338,"enumvalue","TSR_FLAGS","TSR_OUTPUT_HIGH","1 << 2"
"Emulated.HW/Motorola/MFP/MC68901/HelperEnum.cs:340:enumvalue:TSR_OUTPUT_LOOP","Emulated.HW/Motorola/MFP/MC68901/HelperEnum.cs",340,"enumvalue","TSR_FLAGS","TSR_OUTPUT_LOOP","(1 << 2) | (1 << 1)"
"Emulated.HW/Motorola/MFP/MC68901/HelperEnum.cs:342:enumvalue:TSR_BREAK","Emulated.HW/Motorola/MFP/MC68901/HelperEnum.cs",342,"enumvalue","TSR_FLAGS","TSR_BREAK","1 << 3"
"Emulated.HW/Motorola/MFP/MC68901/HelperEnum.cs:344:enumvalue:TSR_END_OF_XMIT","Emulated.HW/Motorola/MFP/MC68901/HelperEnum.cs",344,"enumvalue","TSR_FLAGS","TSR_END_OF_XMIT","1 << 4"
"Emulated.HW/Motorola/MFP/MC68901/HelperEnum.cs:346:enumvalue:TSR_AUTO_TURNAROUND","Emulated.HW/Motorola/MFP/MC68901/HelperEnum.cs",346,"enumvalue","TSR_FLAGS","TSR_AUTO_TURNAROUND","1 << 5"
"Emulated.HW/Motorola/MFP/MC68901/HelperEnum.cs:348:enumvalue:TSR_UNDERRUN_ERROR","Emulated.HW/Motorola/MFP/MC68901/HelperEnum.cs",348,"enumvalue","TSR_FLAGS","TSR_UNDERRUN_ERROR","1 << 6"
"Emulated.HW/Motorola/MFP/MC68901/HelperEnum.cs:350:enumvalue:TSR_BUFFER_EMPTY","Emulated.HW/Motorola/MFP/MC68901/HelperEnum.cs",350,"enumvalue","TSR_FLAGS","TSR_BUFFER_EMPTY","1 << 7"
"Emulated.HW/Motorola/MFP/MC68901/HelperEnum.cs:352:enumvalue:TSR_OUTPUT_MASK","Emulated.HW/Motorola/MFP/MC68901/HelperEnum.cs",352,"enumvalue","TSR_FLAGS","TSR_OUTPUT_MASK","TSR_OUTPUT_LOW | TSR_OUTPUT_HIGH"
"Emulated.HW/Motorola/MFP/MC68901/HelperEnum.cs:355:enum:SERIAL_STATE","Emulated.HW/Motorola/MFP/MC68901/HelperEnum.cs",355,"enum","","SERIAL_STATE",""
"Emulated.HW/Motorola/MFP/MC68901/HelperEnum.cs:357:enumvalue:SERIAL_START","Emulated.HW/Motorola/MFP/MC68901/HelperEnum.cs",357,"enumvalue","SERIAL_STATE","SERIAL_START","0"
"Emulated.HW/Motorola/MFP/MC68901/HelperEnum.cs:358:enumvalue:SERIAL_DATA","Emulated.HW/Motorola/MFP/MC68901/HelperEnum.cs",358,"enumvalue","SERIAL_STATE","SERIAL_DATA",""
"Emulated.HW/Motorola/MFP/MC68901/HelperEnum.cs:359:enumvalue:SERIAL_PARITY","Emulated.HW/Motorola/MFP/MC68901/HelperEnum.cs",359,"enumvalue","SERIAL_STATE","SERIAL_PARITY",""
"Emulated.HW/Motorola/MFP/MC68901/HelperEnum.cs:360:enumvalue:SERIAL_STOP","Emulated.HW/Motorola/MFP/MC68901/HelperEnum.cs",360,"enumvalue","SERIAL_STATE","SERIAL_STOP",""
"Emulated.HW/Motorola/MFP/MC68901/HelperEnum.cs:363:enum:XMIT_STATE","Emulated.HW/Motorola/MFP/MC68901/HelperEnum.cs",363,"enum","","XMIT_STATE",""
"Emulated.HW/Motorola/MFP/MC68901/HelperEnum.cs:365:enumvalue:XMIT_OFF","Emulated.HW/Motorola/MFP/MC68901/HelperEnum.cs",365,"enumvalue","XMIT_STATE","XMIT_OFF","0"
"Emulated.HW/Motorola/MFP/MC68901/HelperEnum.cs:366:enumvalue:XMIT_STARTING","Emulated.HW/Motorola/MFP/MC68901/HelperEnum.cs",366,"enumvalue","XMIT_STATE","XMIT_STARTING",""
"Emulated.HW/Motorola/MFP/MC68901/HelperEnum.cs:367:enumvalue:XMIT_ON","Emulated.HW/Motorola/MFP/MC68901/HelperEnum.cs",367,"enumvalue","XMIT_STATE","XMIT_ON",""
"Emulated.HW/Motorola/MFP/MC68901/HelperEnum.cs:368:enumvalue:XMIT_BREAK","Emulated.HW/Motorola/MFP/MC68901/HelperEnum.cs",368,"enumvalue","XMIT_STATE","XMIT_BREAK",""
"Emulated.HW/Motorola/MFP/MC68901/HelperEnum.cs:369:enumvalue:XMIT_STOPPING","Emulated.HW/Motorola/MFP/MC68901/HelperEnum.cs",369,"enumvalue","XMIT_STATE","XMIT_STOPPING",""
"Emulated.HW/Motorola/MFP/MC68901/HelperEnum.cs:372:class:Mapper","Emulated.HW/Motorola/MFP/MC68901/HelperEnum.cs",372,"class","","Mapper",""
"Emulated.HW/Motorola/MFP/MC68901/HelperEnum.cs:376:field:INT_MASK_GPIO","Emulated.HW/Motorola/MFP/MC68901/HelperEnum.cs",376,"field","Mapper","INT_MASK_GPIO","InterruptVectorNumber[] { InterruptVectorNumber.IR_GPIP_0, InterruptVectorNumber.IR_GPIP_1, InterruptVectorNumber.IR_GPIP_2, InterruptVectorNumber.IR_GPIP_3, InterruptVectorNumber.IR_GPIP_4, InterruptVectorNumber.IR_GPIP_5, InterruptVectorNumber.IR_GPIP_6, InterruptVectorNumber.IR_GPIP_7 }"
"Emulated.HW/Motorola/MFP/MC68901/HelperEnum.cs:388:field:INT_MASK_TIMER","Emulated.HW/Motorola/MFP/MC68901/HelperEnum.cs",388,"field","Mapper","INT_MASK_TIMER","InterruptVectorNumber[] { InterruptVectorNumber.IR_TIMER_A, InterruptVectorNumber.IR_TIMER_B, InterruptVectorNumber.IR_TIMER_C, InterruptVectorNumber.IR_TIMER_D }"
"Emulated.HW/Motorola/MFP/MC68901/HelperEnum.cs:398:field:GPIO_TIMER","Emulated.HW/Motorola/MFP/MC68901/HelperEnum.cs",398,"field","Mapper","GPIO_TIMER","GPIP[] { GPIP.GPIP_4, GPIP.GPIP_3 }"
"Emulated.HW/Common/Network/IEthernetBackend.cs:15:interface:IEthernetBackend","Emulated.HW/Common/Network/IEthernetBackend.cs",15,"interface","","IEthernetBackend",""
"Emulated.HW/Common/Network/IEthernetBackend.cs:17:delegate:PacketReceivedDelegate","Emulated.HW/Common/Network/IEthernetBackend.cs",17,"delegate","IEthernetBackend","PacketReceivedDelegate","(byte[] data, int length)"
"Emulated.HW/Common/Network/IEthernetBackend.cs:19:event:OnPacketReceived","Emulated.HW/Common/Network/IEthernetBackend.cs",19,"event","IEthernetBackend","OnPacketReceived","PacketReceivedDelegate?"
"Emulated.HW/Common/Network/IEthernetBackend.cs:21:method:Start","Emulated.HW/Common/Network/IEthernetBackend.cs",21,"method","IEthernetBackend","Start","void ()"
"Emulated.HW/Common/Network/IEthernetBackend.cs:22:method:Stop","Emulated.HW/Common/Network/IEthernetBackend.cs",22,"method","IEthernetBackend","Stop","void ()"
"Emulated.HW/Common/Network/IEthernetBackend.cs:23:method:SendPacket","Emulated.HW/Common/Network/IEthernetBackend.cs",23,"method","IEthernetBackend","SendPacket","void (byte[] data, int offset, int length)"
"Emulated.HW/Common/Network/IEthernetBackend.cs:25:property:IsActive","Emulated.HW/Common/Network/IEthernetBackend.cs",25,"property","IEthernetBackend","IsActive","bool"
"Emulated.HW/Common/Network/IEthernetBackend.cs:26:property:Description","Emulated.HW/Common/Network/IEthernetBackend.cs",26,"property","IEthernetBackend","Description","string"
"Emulated.HW/Common/Network/EthernetBackendFactory.cs:29:class:EthernetBackendFactory","Emulated.HW/Common/Network/EthernetBackendFactory.cs",29,"class","","EthernetBackendFactory",""
"Emulated.HW/Common/Network/EthernetBackendFactory.cs:35:method:FromSpec","Emulated.HW/Common/Network/EthernetBackendFactory.cs",35,"method","EthernetBackendFactory","FromSpec","IEthernetBackend? (string? spec)"
"Emulated.HW/Common/Network/NullEthernetBackend.cs:16:class:NullEthernetBackend","Emulated.HW/Common/Network/NullEthernetBackend.cs",16,"class","","NullEthernetBackend",""
"Emulated.HW/Common/Network/NullEthernetBackend.cs:18:event:OnPacketReceived","Emulated.HW/Common/Network/NullEthernetBackend.cs",18,"event","NullEthernetBackend","OnPacketReceived","IEthernetBackend.PacketReceivedDelegate?"
"Emulated.HW/Common/Network/NullEthernetBackend.cs:20:property:IsActive","Emulated.HW/Common/Network/NullEthernetBackend.cs",20,"property","NullEthernetBackend","IsActive","bool"
"Emulated.HW/Common/Network/NullEthernetBackend.cs:21:property:Description","Emulated.HW/Common/Network/NullEthernetBackend.cs",21,"property","NullEthernetBackend","Description","string"
"Emulated.HW/Common/Network/NullEthernetBackend.cs:23:method:Start","Emulated.HW/Common/Network/NullEthernetBackend.cs",23,"method","NullEthernetBackend","Start","void ()"
"Emulated.HW/Common/Network/NullEthernetBackend.cs:29:method:Stop","Emulated.HW/Common/Network/NullEthernetBackend.cs",29,"method","NullEthernetBackend","Stop","void ()"
"Emulated.HW/Common/Network/NullEthernetBackend.cs:35:method:SendPacket","Emulated.HW/Common/Network/NullEthernetBackend.cs",35,"method","NullEthernetBackend","SendPacket","void (byte[] data, int offset, int length)"
"Emulated.HW/Common/Network/UdpEthernetBackend.cs:54:class:UdpEthernetBackend","Emulated.HW/Common/Network/UdpEthernetBackend.cs",54,"class","","UdpEthernetBackend",""
"Emulated.HW/Common/Network/UdpEthernetBackend.cs:57:const:DefaultPort","Emulated.HW/Common/Network/UdpEthernetBackend.cs",57,"const","UdpEthernetBackend","DefaultPort","int 3094"
"Emulated.HW/Common/Network/UdpEthernetBackend.cs:69:const:ReceiveRingSize","Emulated.HW/Common/Network/UdpEthernetBackend.cs",69,"const","UdpEthernetBackend","ReceiveRingSize","int 512"
"Emulated.HW/Common/Network/UdpEthernetBackend.cs:72:const:MaxFrameBytes","Emulated.HW/Common/Network/UdpEthernetBackend.cs",72,"const","UdpEthernetBackend","MaxFrameBytes","int 1600"
"Emulated.HW/Common/Network/UdpEthernetBackend.cs:75:const:SioUdpConnReset","Emulated.HW/Common/Network/UdpEthernetBackend.cs",75,"const","UdpEthernetBackend","SioUdpConnReset","int unchecked((int)0x9800000C)"
"Emulated.HW/Common/Network/UdpEthernetBackend.cs:78:field:DefaultGroup","Emulated.HW/Common/Network/UdpEthernetBackend.cs",78,"field","UdpEthernetBackend","DefaultGroup","IPAddress IPAddress.Parse(""239.3.9.4"")"
"Emulated.HW/Common/Network/UdpEthernetBackend.cs:80:field:_group","Emulated.HW/Common/Network/UdpEthernetBackend.cs",80,"field","UdpEthernetBackend","_group","IPAddress"
"Emulated.HW/Common/Network/UdpEthernetBackend.cs:81:field:_port","Emulated.HW/Common/Network/UdpEthernetBackend.cs",81,"field","UdpEthernetBackend","_port","int"
"Emulated.HW/Common/Network/UdpEthernetBackend.cs:85:field:_ring","Emulated.HW/Common/Network/UdpEthernetBackend.cs",85,"field","UdpEthernetBackend","_ring","byte[][]"
"Emulated.HW/Common/Network/UdpEthernetBackend.cs:86:field:_ringLength","Emulated.HW/Common/Network/UdpEthernetBackend.cs",86,"field","UdpEthernetBackend","_ringLength","int[]"
"Emulated.HW/Common/Network/UdpEthernetBackend.cs:87:field:_ringFilled","Emulated.HW/Common/Network/UdpEthernetBackend.cs",87,"field","UdpEthernetBackend","_ringFilled","SemaphoreSlim new SemaphoreSlim(0, ReceiveRingSize)"
"Emulated.HW/Common/Network/UdpEthernetBackend.cs:88:field:_ringLock","Emulated.HW/Common/Network/UdpEthernetBackend.cs",88,"field","UdpEthernetBackend","_ringLock","object new object()"
"Emulated.HW/Common/Network/UdpEthernetBackend.cs:90:field:_socket","Emulated.HW/Common/Network/UdpEthernetBackend.cs",90,"field","UdpEthernetBackend","_socket","Socket?"
"Emulated.HW/Common/Network/UdpEthernetBackend.cs:91:field:_sendEndpoint","Emulated.HW/Common/Network/UdpEthernetBackend.cs",91,"field","UdpEthernetBackend","_sendEndpoint","IPEndPoint?"
"Emulated.HW/Common/Network/UdpEthernetBackend.cs:92:field:_rxThread","Emulated.HW/Common/Network/UdpEthernetBackend.cs",92,"field","UdpEthernetBackend","_rxThread","Thread?"
"Emulated.HW/Common/Network/UdpEthernetBackend.cs:93:field:_dispatchThread","Emulated.HW/Common/Network/UdpEthernetBackend.cs",93,"field","UdpEthernetBackend","_dispatchThread","Thread?"
"Emulated.HW/Common/Network/UdpEthernetBackend.cs:94:field:_stopRequested","Emulated.HW/Common/Network/UdpEthernetBackend.cs",94,"field","UdpEthernetBackend","_stopRequested","bool"
"Emulated.HW/Common/Network/UdpEthernetBackend.cs:96:field:_ringWrite","Emulated.HW/Common/Network/UdpEthernetBackend.cs",96,"field","UdpEthernetBackend","_ringWrite","int"
"Emulated.HW/Common/Network/UdpEthernetBackend.cs:97:field:_ringRead","Emulated.HW/Common/Network/UdpEthernetBackend.cs",97,"field","UdpEthernetBackend","_ringRead","int"
"Emulated.HW/Common/Network/UdpEthernetBackend.cs:98:field:_ringCount","Emulated.HW/Common/Network/UdpEthernetBackend.cs",98,"field","UdpEthernetBackend","_ringCount","int"
"Emulated.HW/Common/Network/UdpEthernetBackend.cs:101:event:OnPacketReceived","Emulated.HW/Common/Network/UdpEthernetBackend.cs",101,"event","UdpEthernetBackend","OnPacketReceived","IEthernetBackend.PacketReceivedDelegate?"
"Emulated.HW/Common/Network/UdpEthernetBackend.cs:104:property:IsActive","Emulated.HW/Common/Network/UdpEthernetBackend.cs",104,"property","UdpEthernetBackend","IsActive","bool"
"Emulated.HW/Common/Network/UdpEthernetBackend.cs:107:property:Description","Emulated.HW/Common/Network/UdpEthernetBackend.cs",107,"property","UdpEthernetBackend","Description","string"
"Emulated.HW/Common/Network/UdpEthernetBackend.cs:112:ctor:UdpEthernetBackend","Emulated.HW/Common/Network/UdpEthernetBackend.cs",112,"ctor","UdpEthernetBackend","UdpEthernetBackend","(IPAddress group, int port)"
"Emulated.HW/Common/Network/UdpEthernetBackend.cs:127:property:FramesReceived","Emulated.HW/Common/Network/UdpEthernetBackend.cs",127,"property","UdpEthernetBackend","FramesReceived","long"
"Emulated.HW/Common/Network/UdpEthernetBackend.cs:130:property:FramesSent","Emulated.HW/Common/Network/UdpEthernetBackend.cs",130,"property","UdpEthernetBackend","FramesSent","long"
"Emulated.HW/Common/Network/UdpEthernetBackend.cs:136:property:FramesDroppedRingFull","Emulated.HW/Common/Network/UdpEthernetBackend.cs",136,"property","UdpEthernetBackend","FramesDroppedRingFull","long"
"Emulated.HW/Common/Network/UdpEthernetBackend.cs:139:property:SendFailures","Emulated.HW/Common/Network/UdpEthernetBackend.cs",139,"property","UdpEthernetBackend","SendFailures","long"
"Emulated.HW/Common/Network/UdpEthernetBackend.cs:142:property:ReceiveErrors","Emulated.HW/Common/Network/UdpEthernetBackend.cs",142,"property","UdpEthernetBackend","ReceiveErrors","long"
"Emulated.HW/Common/Network/UdpEthernetBackend.cs:152:method:FromSpec","Emulated.HW/Common/Network/UdpEthernetBackend.cs",152,"method","UdpEthernetBackend","FromSpec","UdpEthernetBackend? (string spec)"
"Emulated.HW/Common/Network/UdpEthernetBackend.cs:211:method:Start","Emulated.HW/Common/Network/UdpEthernetBackend.cs",211,"method","UdpEthernetBackend","Start","void ()"
"Emulated.HW/Common/Network/UdpEthernetBackend.cs:298:method:Stop","Emulated.HW/Common/Network/UdpEthernetBackend.cs",298,"method","UdpEthernetBackend","Stop","void ()"
"Emulated.HW/Common/Network/UdpEthernetBackend.cs:329:method:SendPacket","Emulated.HW/Common/Network/UdpEthernetBackend.cs",329,"method","UdpEthernetBackend","SendPacket","void (byte[] data, int offset, int length)"
"Emulated.HW/Common/Network/UdpEthernetBackend.cs:373:method:SelectMulticastInterface","Emulated.HW/Common/Network/UdpEthernetBackend.cs",373,"method","UdpEthernetBackend","SelectMulticastInterface","IPAddress ()"
"Emulated.HW/Common/Network/UdpEthernetBackend.cs:433:method:ReceiveLoop","Emulated.HW/Common/Network/UdpEthernetBackend.cs",433,"method","UdpEthernetBackend","ReceiveLoop","void ()"
"Emulated.HW/Common/Network/UdpEthernetBackend.cs:494:method:Enqueue","Emulated.HW/Common/Network/UdpEthernetBackend.cs",494,"method","UdpEthernetBackend","Enqueue","void (byte[] source, int length)"
"Emulated.HW/Common/Network/UdpEthernetBackend.cs:531:method:DispatchLoop","Emulated.HW/Common/Network/UdpEthernetBackend.cs",531,"method","UdpEthernetBackend","DispatchLoop","void ()"
"Emulated.HW/Common/Network/TcpEthernetBackend.cs:35:class:TcpEthernetBackend","Emulated.HW/Common/Network/TcpEthernetBackend.cs",35,"class","","TcpEthernetBackend",""
"Emulated.HW/Common/Network/TcpEthernetBackend.cs:41:field:Magic","Emulated.HW/Common/Network/TcpEthernetBackend.cs",41,"field","TcpEthernetBackend","Magic","byte[] { 0x52, 0x45, 0x54, 0x48 }"
"Emulated.HW/Common/Network/TcpEthernetBackend.cs:44:const:ProtocolVersion","Emulated.HW/Common/Network/TcpEthernetBackend.cs",44,"const","TcpEthernetBackend","ProtocolVersion","byte 1"
"Emulated.HW/Common/Network/TcpEthernetBackend.cs:48:const:MaxFrameBytes","Emulated.HW/Common/Network/TcpEthernetBackend.cs",48,"const","TcpEthernetBackend","MaxFrameBytes","int 2048"
"Emulated.HW/Common/Network/TcpEthernetBackend.cs:51:const:DefaultPort","Emulated.HW/Common/Network/TcpEthernetBackend.cs",51,"const","TcpEthernetBackend","DefaultPort","int 3094"
"Emulated.HW/Common/Network/TcpEthernetBackend.cs:55:field:_listen","Emulated.HW/Common/Network/TcpEthernetBackend.cs",55,"field","TcpEthernetBackend","_listen","bool"
"Emulated.HW/Common/Network/TcpEthernetBackend.cs:56:field:_host","Emulated.HW/Common/Network/TcpEthernetBackend.cs",56,"field","TcpEthernetBackend","_host","string"
"Emulated.HW/Common/Network/TcpEthernetBackend.cs:57:field:_port","Emulated.HW/Common/Network/TcpEthernetBackend.cs",57,"field","TcpEthernetBackend","_port","int"
"Emulated.HW/Common/Network/TcpEthernetBackend.cs:61:field:_listener","Emulated.HW/Common/Network/TcpEthernetBackend.cs",61,"field","TcpEthernetBackend","_listener","TcpListener?"
"Emulated.HW/Common/Network/TcpEthernetBackend.cs:62:field:_client","Emulated.HW/Common/Network/TcpEthernetBackend.cs",62,"field","TcpEthernetBackend","_client","TcpClient?"
"Emulated.HW/Common/Network/TcpEthernetBackend.cs:63:field:_stream","Emulated.HW/Common/Network/TcpEthernetBackend.cs",63,"field","TcpEthernetBackend","_stream","NetworkStream?"
"Emulated.HW/Common/Network/TcpEthernetBackend.cs:64:field:_connThread","Emulated.HW/Common/Network/TcpEthernetBackend.cs",64,"field","TcpEthernetBackend","_connThread","Thread?"
"Emulated.HW/Common/Network/TcpEthernetBackend.cs:65:field:_stopRequested","Emulated.HW/Common/Network/TcpEthernetBackend.cs",65,"field","TcpEthernetBackend","_stopRequested","bool"
"Emulated.HW/Common/Network/TcpEthernetBackend.cs:66:field:_sendLock","Emulated.HW/Common/Network/TcpEthernetBackend.cs",66,"field","TcpEthernetBackend","_sendLock","object new object()"
"Emulated.HW/Common/Network/TcpEthernetBackend.cs:71:event:OnPacketReceived","Emulated.HW/Common/Network/TcpEthernetBackend.cs",71,"event","TcpEthernetBackend","OnPacketReceived","IEthernetBackend.PacketReceivedDelegate?"
"Emulated.HW/Common/Network/TcpEthernetBackend.cs:74:property:IsActive","Emulated.HW/Common/Network/TcpEthernetBackend.cs",74,"property","TcpEthernetBackend","IsActive","bool"
"Emulated.HW/Common/Network/TcpEthernetBackend.cs:77:property:Description","Emulated.HW/Common/Network/TcpEthernetBackend.cs",77,"property","TcpEthernetBackend","Description","string"
"Emulated.HW/Common/Network/TcpEthernetBackend.cs:83:property:LocalPort","Emulated.HW/Common/Network/TcpEthernetBackend.cs",83,"property","TcpEthernetBackend","LocalPort","int"
"Emulated.HW/Common/Network/TcpEthernetBackend.cs:96:ctor:TcpEthernetBackend","Emulated.HW/Common/Network/TcpEthernetBackend.cs",96,"ctor","TcpEthernetBackend","TcpEthernetBackend","(bool listen, string host, int port)"
"Emulated.HW/Common/Network/TcpEthernetBackend.cs:111:method:FromSpec","Emulated.HW/Common/Network/TcpEthernetBackend.cs",111,"method","TcpEthernetBackend","FromSpec","TcpEthernetBackend? (string spec)"
"Emulated.HW/Common/Network/TcpEthernetBackend.cs:182:method:Start","Emulated.HW/Common/Network/TcpEthernetBackend.cs",182,"method","TcpEthernetBackend","Start","void ()"
"Emulated.HW/Common/Network/TcpEthernetBackend.cs:213:method:Stop","Emulated.HW/Common/Network/TcpEthernetBackend.cs",213,"method","TcpEthernetBackend","Stop","void ()"
"Emulated.HW/Common/Network/TcpEthernetBackend.cs:229:method:SendPacket","Emulated.HW/Common/Network/TcpEthernetBackend.cs",229,"method","TcpEthernetBackend","SendPacket","void (byte[] data, int offset, int length)"
"Emulated.HW/Common/Network/TcpEthernetBackend.cs:263:method:ListenLoop","Emulated.HW/Common/Network/TcpEthernetBackend.cs",263,"method","TcpEthernetBackend","ListenLoop","void ()"
"Emulated.HW/Common/Network/TcpEthernetBackend.cs:286:method:ConnectLoop","Emulated.HW/Common/Network/TcpEthernetBackend.cs",286,"method","TcpEthernetBackend","ConnectLoop","void ()"
"Emulated.HW/Common/Network/TcpEthernetBackend.cs:317:method:RunConnection","Emulated.HW/Common/Network/TcpEthernetBackend.cs",317,"method","TcpEthernetBackend","RunConnection","void (TcpClient client)"
"Emulated.HW/Common/Network/TcpEthernetBackend.cs:371:method:Handshake","Emulated.HW/Common/Network/TcpEthernetBackend.cs",371,"method","TcpEthernetBackend","Handshake","bool (NetworkStream stream)"
"Emulated.HW/Common/Network/TcpEthernetBackend.cs:381:method:WriteHandshake","Emulated.HW/Common/Network/TcpEthernetBackend.cs",381,"method","TcpEthernetBackend","WriteHandshake","void (NetworkStream stream)"
"Emulated.HW/Common/Network/TcpEthernetBackend.cs:395:method:WriteHandshake","Emulated.HW/Common/Network/TcpEthernetBackend.cs",395,"method","TcpEthernetBackend","WriteHandshake","void (NetworkStream stream, byte version)"
"Emulated.HW/Common/Network/TcpEthernetBackend.cs:405:method:ReadHandshake","Emulated.HW/Common/Network/TcpEthernetBackend.cs",405,"method","TcpEthernetBackend","ReadHandshake","bool (NetworkStream stream)"
"Emulated.HW/Common/Network/TcpEthernetBackend.cs:417:method:ReadHandshake","Emulated.HW/Common/Network/TcpEthernetBackend.cs",417,"method","TcpEthernetBackend","ReadHandshake","bool (NetworkStream stream, out byte peerVersion)"
"Emulated.HW/Common/Network/TcpEthernetBackend.cs:437:method:TryReadFrame","Emulated.HW/Common/Network/TcpEthernetBackend.cs",437,"method","TcpEthernetBackend","TryReadFrame","bool (NetworkStream stream, out byte[] frame)"
"Emulated.HW/Common/Network/TcpEthernetBackend.cs:460:method:WriteFrame","Emulated.HW/Common/Network/TcpEthernetBackend.cs",460,"method","TcpEthernetBackend","WriteFrame","void (NetworkStream stream, byte[] data, int offset, int length)"
"Emulated.HW/Common/Network/TcpEthernetBackend.cs:471:method:ReadFully","Emulated.HW/Common/Network/TcpEthernetBackend.cs",471,"method","TcpEthernetBackend","ReadFully","bool (NetworkStream stream, byte[] buffer, int offset, int count)"
"Emulated.HW/Common/Network/TcpEthernetBackend.cs:487:method:CloseConnection","Emulated.HW/Common/Network/TcpEthernetBackend.cs",487,"method","TcpEthernetBackend","CloseConnection","void ()"
"Emulated.HW/Common/Network/TcpEthernetRelay.cs:38:class:TcpEthernetRelay","Emulated.HW/Common/Network/TcpEthernetRelay.cs",38,"class","","TcpEthernetRelay",""
"Emulated.HW/Common/Network/TcpEthernetRelay.cs:40:field:_port","Emulated.HW/Common/Network/TcpEthernetRelay.cs",40,"field","TcpEthernetRelay","_port","int"
"Emulated.HW/Common/Network/TcpEthernetRelay.cs:41:field:_boundPort","Emulated.HW/Common/Network/TcpEthernetRelay.cs",41,"field","TcpEthernetRelay","_boundPort","int"
"Emulated.HW/Common/Network/TcpEthernetRelay.cs:43:field:_listener","Emulated.HW/Common/Network/TcpEthernetRelay.cs",43,"field","TcpEthernetRelay","_listener","TcpListener?"
"Emulated.HW/Common/Network/TcpEthernetRelay.cs:44:field:_acceptThread","Emulated.HW/Common/Network/TcpEthernetRelay.cs",44,"field","TcpEthernetRelay","_acceptThread","Thread?"
"Emulated.HW/Common/Network/TcpEthernetRelay.cs:45:field:_stopRequested","Emulated.HW/Common/Network/TcpEthernetRelay.cs",45,"field","TcpEthernetRelay","_stopRequested","bool"
"Emulated.HW/Common/Network/TcpEthernetRelay.cs:47:field:_clientsLock","Emulated.HW/Common/Network/TcpEthernetRelay.cs",47,"field","TcpEthernetRelay","_clientsLock","object new object()"
"Emulated.HW/Common/Network/TcpEthernetRelay.cs:48:field:_clients","Emulated.HW/Common/Network/TcpEthernetRelay.cs",48,"field","TcpEthernetRelay","_clients","List<RelayClient> new List<RelayClient>()"
"Emulated.HW/Common/Network/TcpEthernetRelay.cs:49:field:_framesRelayed","Emulated.HW/Common/Network/TcpEthernetRelay.cs",49,"field","TcpEthernetRelay","_framesRelayed","long"
"Emulated.HW/Common/Network/TcpEthernetRelay.cs:53:property:Port","Emulated.HW/Common/Network/TcpEthernetRelay.cs",53,"property","TcpEthernetRelay","Port","int"
"Emulated.HW/Common/Network/TcpEthernetRelay.cs:56:property:IsRunning","Emulated.HW/Common/Network/TcpEthernetRelay.cs",56,"property","TcpEthernetRelay","IsRunning","bool"
"Emulated.HW/Common/Network/TcpEthernetRelay.cs:59:property:ClientCount","Emulated.HW/Common/Network/TcpEthernetRelay.cs",59,"property","TcpEthernetRelay","ClientCount","int"
"Emulated.HW/Common/Network/TcpEthernetRelay.cs:65:property:FramesRelayed","Emulated.HW/Common/Network/TcpEthernetRelay.cs",65,"property","TcpEthernetRelay","FramesRelayed","long"
"Emulated.HW/Common/Network/TcpEthernetRelay.cs:68:ctor:TcpEthernetRelay","Emulated.HW/Common/Network/TcpEthernetRelay.cs",68,"ctor","TcpEthernetRelay","TcpEthernetRelay","(int port = TcpEthernetBackend.DefaultPort)"
"Emulated.HW/Common/Network/TcpEthernetRelay.cs:74:method:Start","Emulated.HW/Common/Network/TcpEthernetRelay.cs",74,"method","TcpEthernetRelay","Start","void ()"
"Emulated.HW/Common/Network/TcpEthernetRelay.cs:92:method:Stop","Emulated.HW/Common/Network/TcpEthernetRelay.cs",92,"method","TcpEthernetRelay","Stop","void ()"
"Emulated.HW/Common/Network/TcpEthernetRelay.cs:115:method:AcceptLoop","Emulated.HW/Common/Network/TcpEthernetRelay.cs",115,"method","TcpEthernetRelay","AcceptLoop","void ()"
"Emulated.HW/Common/Network/TcpEthernetRelay.cs:137:method:ClientLoop","Emulated.HW/Common/Network/TcpEthernetRelay.cs",137,"method","TcpEthernetRelay","ClientLoop","void (TcpClient tcp)"
"Emulated.HW/Common/Network/TcpEthernetRelay.cs:186:method:ForwardToOthers","Emulated.HW/Common/Network/TcpEthernetRelay.cs",186,"method","TcpEthernetRelay","ForwardToOthers","void (byte[] frame, RelayClient from)"
"Emulated.HW/Common/Network/TcpEthernetRelay.cs:214:class:RelayClient","Emulated.HW/Common/Network/TcpEthernetRelay.cs",214,"class","TcpEthernetRelay","RelayClient",""
"Emulated.HW/Common/Network/TcpEthernetRelay.cs:216:field:Tcp","Emulated.HW/Common/Network/TcpEthernetRelay.cs",216,"field","TcpEthernetRelay.RelayClient","Tcp","TcpClient"
"Emulated.HW/Common/Network/TcpEthernetRelay.cs:217:field:Stream","Emulated.HW/Common/Network/TcpEthernetRelay.cs",217,"field","TcpEthernetRelay.RelayClient","Stream","NetworkStream"
"Emulated.HW/Common/Network/TcpEthernetRelay.cs:218:field:SendLock","Emulated.HW/Common/Network/TcpEthernetRelay.cs",218,"field","TcpEthernetRelay.RelayClient","SendLock","object new object()"
"Emulated.HW/Common/Network/TcpEthernetRelay.cs:220:ctor:RelayClient","Emulated.HW/Common/Network/TcpEthernetRelay.cs",220,"ctor","TcpEthernetRelay.RelayClient","RelayClient","(TcpClient tcp, NetworkStream stream)"
"Emulated.HW/Common/Network/PcapEthernetBackend.cs:23:class:PcapEthernetBackend","Emulated.HW/Common/Network/PcapEthernetBackend.cs",23,"class","","PcapEthernetBackend",""
"Emulated.HW/Common/Network/PcapEthernetBackend.cs:25:event:OnPacketReceived","Emulated.HW/Common/Network/PcapEthernetBackend.cs",25,"event","PcapEthernetBackend","OnPacketReceived","IEthernetBackend.PacketReceivedDelegate?"
"Emulated.HW/Common/Network/PcapEthernetBackend.cs:27:property:IsActive","Emulated.HW/Common/Network/PcapEthernetBackend.cs",27,"property","PcapEthernetBackend","IsActive","bool"
"Emulated.HW/Common/Network/PcapEthernetBackend.cs:28:property:Description","Emulated.HW/Common/Network/PcapEthernetBackend.cs",28,"property","PcapEthernetBackend","Description","string"
"Emulated.HW/Common/Network/PcapEthernetBackend.cs:30:field:_interfaceName","Emulated.HW/Common/Network/PcapEthernetBackend.cs",30,"field","PcapEthernetBackend","_interfaceName","string"
"Emulated.HW/Common/Network/PcapEthernetBackend.cs:31:field:_filterMac","Emulated.HW/Common/Network/PcapEthernetBackend.cs",31,"field","PcapEthernetBackend","_filterMac","byte[]"
"Emulated.HW/Common/Network/PcapEthernetBackend.cs:32:field:_acceptAllFrames","Emulated.HW/Common/Network/PcapEthernetBackend.cs",32,"field","PcapEthernetBackend","_acceptAllFrames","bool"
"Emulated.HW/Common/Network/PcapEthernetBackend.cs:33:field:_captureThread","Emulated.HW/Common/Network/PcapEthernetBackend.cs",33,"field","PcapEthernetBackend","_captureThread","Thread?"
"Emulated.HW/Common/Network/PcapEthernetBackend.cs:34:field:_stopRequested","Emulated.HW/Common/Network/PcapEthernetBackend.cs",34,"field","PcapEthernetBackend","_stopRequested","bool"
"Emulated.HW/Common/Network/PcapEthernetBackend.cs:52:ctor:PcapEthernetBackend","Emulated.HW/Common/Network/PcapEthernetBackend.cs",52,"ctor","PcapEthernetBackend","PcapEthernetBackend","(string interfaceName, byte[] macAddress, bool acceptAllFrames = false)"
"Emulated.HW/Common/Network/PcapEthernetBackend.cs:62:method:Start","Emulated.HW/Common/Network/PcapEthernetBackend.cs",62,"method","PcapEthernetBackend","Start","void ()"
"Emulated.HW/Common/Network/PcapEthernetBackend.cs:110:method:Stop","Emulated.HW/Common/Network/PcapEthernetBackend.cs",110,"method","PcapEthernetBackend","Stop","void ()"
"Emulated.HW/Common/Network/PcapEthernetBackend.cs:127:method:SendPacket","Emulated.HW/Common/Network/PcapEthernetBackend.cs",127,"method","PcapEthernetBackend","SendPacket","void (byte[] data, int offset, int length)"
"Emulated.HW/Common/Network/PcapEthernetBackend.cs:197:method:ListInterfaces","Emulated.HW/Common/Network/PcapEthernetBackend.cs",197,"method","PcapEthernetBackend","ListInterfaces","string[] ()"
"Emulated.HW/Common/Network/PcapEthernetBackend.cs:251:method:ListInterfaceDetails","Emulated.HW/Common/Network/PcapEthernetBackend.cs",251,"method","PcapEthernetBackend","ListInterfaceDetails","System.Collections.Generic.IReadOnlyList<(int Index, string Description, string Ipv4)> ()"
"Emulated.HW/Common/Network/InProcessEthernetBridge.cs:29:class:InProcessEthernetWire","Emulated.HW/Common/Network/InProcessEthernetBridge.cs",29,"class","","InProcessEthernetWire",""
"Emulated.HW/Common/Network/InProcessEthernetBridge.cs:32:field:_endpoints","Emulated.HW/Common/Network/InProcessEthernetBridge.cs",32,"field","InProcessEthernetWire","_endpoints","List<InProcessEthernetBridge> new List<InProcessEthernetBridge>()"
"Emulated.HW/Common/Network/InProcessEthernetBridge.cs:33:field:_lock","Emulated.HW/Common/Network/InProcessEthernetBridge.cs",33,"field","InProcessEthernetWire","_lock","object new object()"
"Emulated.HW/Common/Network/InProcessEthernetBridge.cs:37:method:CreateEndpoint","Emulated.HW/Common/Network/InProcessEthernetBridge.cs",37,"method","InProcessEthernetWire","CreateEndpoint","InProcessEthernetBridge (string name)"
"Emulated.HW/Common/Network/InProcessEthernetBridge.cs:50:method:Broadcast","Emulated.HW/Common/Network/InProcessEthernetBridge.cs",50,"method","InProcessEthernetWire","Broadcast","void (byte[] data, int offset, int length, InProcessEthernetBridge sender)"
"Emulated.HW/Common/Network/InProcessEthernetBridge.cs:78:class:InProcessEthernetBridge","Emulated.HW/Common/Network/InProcessEthernetBridge.cs",78,"class","","InProcessEthernetBridge",""
"Emulated.HW/Common/Network/InProcessEthernetBridge.cs:80:field:_wire","Emulated.HW/Common/Network/InProcessEthernetBridge.cs",80,"field","InProcessEthernetBridge","_wire","InProcessEthernetWire"
"Emulated.HW/Common/Network/InProcessEthernetBridge.cs:81:field:_name","Emulated.HW/Common/Network/InProcessEthernetBridge.cs",81,"field","InProcessEthernetBridge","_name","string"
"Emulated.HW/Common/Network/InProcessEthernetBridge.cs:83:ctor:InProcessEthernetBridge","Emulated.HW/Common/Network/InProcessEthernetBridge.cs",83,"ctor","InProcessEthernetBridge","InProcessEthernetBridge","(InProcessEthernetWire wire, string name)"
"Emulated.HW/Common/Network/InProcessEthernetBridge.cs:90:event:OnPacketReceived","Emulated.HW/Common/Network/InProcessEthernetBridge.cs",90,"event","InProcessEthernetBridge","OnPacketReceived","IEthernetBackend.PacketReceivedDelegate?"
"Emulated.HW/Common/Network/InProcessEthernetBridge.cs:93:property:IsActive","Emulated.HW/Common/Network/InProcessEthernetBridge.cs",93,"property","InProcessEthernetBridge","IsActive","bool"
"Emulated.HW/Common/Network/InProcessEthernetBridge.cs:96:property:Description","Emulated.HW/Common/Network/InProcessEthernetBridge.cs",96,"property","InProcessEthernetBridge","Description","string"
"Emulated.HW/Common/Network/InProcessEthernetBridge.cs:99:method:Start","Emulated.HW/Common/Network/InProcessEthernetBridge.cs",99,"method","InProcessEthernetBridge","Start","void ()"
"Emulated.HW/Common/Network/InProcessEthernetBridge.cs:102:method:Stop","Emulated.HW/Common/Network/InProcessEthernetBridge.cs",102,"method","InProcessEthernetBridge","Stop","void ()"
"Emulated.HW/Common/Network/InProcessEthernetBridge.cs:105:method:SendPacket","Emulated.HW/Common/Network/InProcessEthernetBridge.cs",105,"method","InProcessEthernetBridge","SendPacket","void (byte[] data, int offset, int length)"
"Emulated.HW/Common/Network/InProcessEthernetBridge.cs:112:method:DeliverToCard","Emulated.HW/Common/Network/InProcessEthernetBridge.cs",112,"method","InProcessEthernetBridge","DeliverToCard","void (byte[] frame, int length)"
"Emulated.HW/Common/Network/IpChecksumRepair.cs:50:class:IpChecksumRepair","Emulated.HW/Common/Network/IpChecksumRepair.cs",50,"class","","IpChecksumRepair",""
"Emulated.HW/Common/Network/IpChecksumRepair.cs:52:const:EtherTypeIpv4","Emulated.HW/Common/Network/IpChecksumRepair.cs",52,"const","IpChecksumRepair","EtherTypeIpv4","ushort 0x0800"
"Emulated.HW/Common/Network/IpChecksumRepair.cs:53:const:EtherTypeVlan","Emulated.HW/Common/Network/IpChecksumRepair.cs",53,"const","IpChecksumRepair","EtherTypeVlan","ushort 0x8100"
"Emulated.HW/Common/Network/IpChecksumRepair.cs:55:const:ProtocolTcp","Emulated.HW/Common/Network/IpChecksumRepair.cs",55,"const","IpChecksumRepair","ProtocolTcp","byte 6"
"Emulated.HW/Common/Network/IpChecksumRepair.cs:56:const:ProtocolUdp","Emulated.HW/Common/Network/IpChecksumRepair.cs",56,"const","IpChecksumRepair","ProtocolUdp","byte 17"
"Emulated.HW/Common/Network/IpChecksumRepair.cs:59:enum:Repaired","Emulated.HW/Common/Network/IpChecksumRepair.cs",59,"enum","IpChecksumRepair","Repaired",""
"Emulated.HW/Common/Network/IpChecksumRepair.cs:62:enumvalue:None","Emulated.HW/Common/Network/IpChecksumRepair.cs",62,"enumvalue","IpChecksumRepair.Repaired","None","0"
"Emulated.HW/Common/Network/IpChecksumRepair.cs:63:enumvalue:IpHeader","Emulated.HW/Common/Network/IpChecksumRepair.cs",63,"enumvalue","IpChecksumRepair.Repaired","IpHeader","1"
"Emulated.HW/Common/Network/IpChecksumRepair.cs:64:enumvalue:Tcp","Emulated.HW/Common/Network/IpChecksumRepair.cs",64,"enumvalue","IpChecksumRepair.Repaired","Tcp","2"
"Emulated.HW/Common/Network/IpChecksumRepair.cs:65:enumvalue:Udp","Emulated.HW/Common/Network/IpChecksumRepair.cs",65,"enumvalue","IpChecksumRepair.Repaired","Udp","4"
"Emulated.HW/Common/Network/IpChecksumRepair.cs:77:method:RepairInPlace","Emulated.HW/Common/Network/IpChecksumRepair.cs",77,"method","IpChecksumRepair","RepairInPlace","Repaired (Span<byte> frame)"
"Emulated.HW/Common/Network/IpChecksumRepair.cs:220:method:PseudoHeaderSum","Emulated.HW/Common/Network/IpChecksumRepair.cs",220,"method","IpChecksumRepair","PseudoHeaderSum","uint (ReadOnlySpan<byte> ip, byte protocol, int transportLength)"
"Emulated.HW/Common/Network/IpChecksumRepair.cs:234:method:Sum16","Emulated.HW/Common/Network/IpChecksumRepair.cs",234,"method","IpChecksumRepair","Sum16","uint (ReadOnlySpan<byte> data)"
"Emulated.HW/Common/Network/IpChecksumRepair.cs:254:method:Fold","Emulated.HW/Common/Network/IpChecksumRepair.cs",254,"method","IpChecksumRepair","Fold","ushort (uint sum)"
"Emulated.HW/Common/Network/IpChecksumRepair.cs:264:method:Ones16","Emulated.HW/Common/Network/IpChecksumRepair.cs",264,"method","IpChecksumRepair","Ones16","ushort (ReadOnlySpan<byte> data)"
