id,status,c_file,c_symbol,c_line,reason,approved
Emulated.HW/ND/CPU/NDBUS/NDBusEthernetII.cs:483:class:NDBusEthernetII,PLANNED,src/devices/ethernet/device_ethernet.c,NDBusEthernetII,,,
Emulated.HW/ND/CPU/NDBUS/NDBusEthernetII.cs:485:field:_disposed,PLANNED,src/devices/ethernet/device_ethernet.c,disposed,,,
Emulated.HW/ND/CPU/NDBUS/NDBusEthernetII.cs:486:field:_deviceRam,PLANNED,src/devices/ethernet/device_ethernet.c,device_ram,,,
Emulated.HW/ND/CPU/NDBUS/NDBusEthernetII.cs:496:ctor:NDBusEthernetII,PLANNED,src/devices/ethernet/device_ethernet.c,eth_create,,,
Emulated.HW/ND/CPU/NDBUS/NDBusEthernetII.cs:500:case:0,PLANNED,src/devices/ethernet/device_ethernet.c,eth_nd_bus_ethernet_ii,,,
Emulated.HW/ND/CPU/NDBUS/NDBusEthernetII.cs:509:case:1,PLANNED,src/devices/ethernet/device_ethernet.c,eth_nd_bus_ethernet_ii,,,
Emulated.HW/ND/CPU/NDBUS/NDBusEthernetII.cs:518:case:2,PLANNED,src/devices/ethernet/device_ethernet.c,eth_nd_bus_ethernet_ii,,,
Emulated.HW/ND/CPU/NDBUS/NDBusEthernetII.cs:527:case:3,PLANNED,src/devices/ethernet/device_ethernet.c,eth_nd_bus_ethernet_ii,,,
Emulated.HW/ND/CPU/NDBUS/NDBusEthernetII.cs:537:case:default,PLANNED,src/devices/ethernet/device_ethernet.c,eth_nd_bus_ethernet_ii,,,
Emulated.HW/ND/CPU/NDBUS/NDBusEthernetII.cs:567:localconst:PagesPerCard,PLANNED,src/devices/ethernet/device_ethernet.c,ETH_PAGES_PER_CARD,,,
Emulated.HW/ND/CPU/NDBUS/NDBusEthernetII.cs:568:localconst:BankStepPerCard,PLANNED,src/devices/ethernet/device_ethernet.c,ETH_BANK_STEP_PER_CARD,,,
Emulated.HW/ND/CPU/NDBUS/NDBusEthernetII.cs:569:localconst:BaseBank,PLANNED,src/devices/ethernet/device_ethernet.c,ETH_BASE_BANK,,,
Emulated.HW/ND/CPU/NDBUS/NDBusEthernetII.cs:596:field:memoryMap,PLANNED,src/devices/ethernet/device_ethernet.c,memory_map,,,
Emulated.HW/ND/CPU/NDBUS/NDBusEthernetII.cs:607:field:cpu,PLANNED,src/devices/ethernet/device_ethernet.c,cpu,,,
Emulated.HW/ND/CPU/NDBUS/NDBusEthernetII.cs:612:property:MemoryMap,PLANNED,src/devices/ethernet/device_ethernet.c,memory_map,,,
Emulated.HW/ND/CPU/NDBUS/NDBusEthernetII.cs:619:property:Lance,PLANNED,src/devices/ethernet/device_ethernet.c,lance,,,
Emulated.HW/ND/CPU/NDBUS/NDBusEthernetII.cs:624:property:CPU,PLANNED,src/devices/ethernet/device_ethernet.c,cpu,,,
Emulated.HW/ND/CPU/NDBUS/NDBusEthernetII.cs:630:property:Is68KRunning,PLANNED,src/devices/ethernet/device_ethernet.c,is68_k_running,,,
Emulated.HW/ND/CPU/NDBUS/NDBusEthernetII.cs:636:property:IsMemoryProbed,PLANNED,src/devices/ethernet/device_ethernet.c,is_memory_probed,,,
Emulated.HW/ND/CPU/NDBUS/NDBusEthernetII.cs:638:method:InitializeCPU,PLANNED,src/devices/ethernet/device_ethernet.c,eth_initialize_cpu,,,
Emulated.HW/ND/CPU/NDBUS/NDBusEthernetII.cs:685:method:MemoryMap_OnTriggerInterrupt,PLANNED,src/devices/ethernet/device_ethernet.c,eth_memory_map_on_trigger_interrupt,,,
Emulated.HW/ND/CPU/NDBUS/NDBusEthernetII.cs:694:field:_firstBusErrorOccurred,PLANNED,src/devices/ethernet/device_ethernet.c,first_bus_error_occurred,,,
Emulated.HW/ND/CPU/NDBUS/NDBusEthernetII.cs:700:method:MemoryMap_OnBusError,PLANNED,src/devices/ethernet/device_ethernet.c,eth_memory_map_on_bus_error,,,
Emulated.HW/ND/CPU/NDBUS/NDBusEthernetII.cs:714:method:TriggerTestInterrupt,NOT_PORTED,,,,"logging/diagnostic only, used to compare with the HLE card (Ronny 10-OCT-2026: not ported)",Ronny
Emulated.HW/ND/CPU/NDBUS/NDBusEthernetII.cs:720:method:DumpCommunicationBlock,NOT_PORTED,,,,"logging/diagnostic only, used to compare with the HLE card (Ronny 10-OCT-2026: not ported)",Ronny
Emulated.HW/ND/CPU/NDBUS/NDBusEthernetII.cs:742:method:Cpu_OnInterruptAck,PLANNED,src/devices/ethernet/device_ethernet.c,eth_cpu_on_interrupt_ack,,,
Emulated.HW/ND/CPU/NDBUS/NDBusEthernetII.cs:748:case:2,PLANNED,src/devices/ethernet/device_ethernet.c,eth_cpu_on_interrupt_ack,,,
Emulated.HW/ND/CPU/NDBUS/NDBusEthernetII.cs:752:case:3,PLANNED,src/devices/ethernet/device_ethernet.c,eth_cpu_on_interrupt_ack,,,
Emulated.HW/ND/CPU/NDBUS/NDBusEthernetII.cs:756:case:4,PLANNED,src/devices/ethernet/device_ethernet.c,eth_cpu_on_interrupt_ack,,,
Emulated.HW/ND/CPU/NDBUS/NDBusEthernetII.cs:760:case:5,PLANNED,src/devices/ethernet/device_ethernet.c,eth_cpu_on_interrupt_ack,,,
Emulated.HW/ND/CPU/NDBUS/NDBusEthernetII.cs:764:case:6,PLANNED,src/devices/ethernet/device_ethernet.c,eth_cpu_on_interrupt_ack,,,
Emulated.HW/ND/CPU/NDBUS/NDBusEthernetII.cs:768:case:7,PLANNED,src/devices/ethernet/device_ethernet.c,eth_cpu_on_interrupt_ack,,,
Emulated.HW/ND/CPU/NDBUS/NDBusEthernetII.cs:772:case:default,PLANNED,src/devices/ethernet/device_ethernet.c,eth_cpu_on_interrupt_ack,,,
Emulated.HW/ND/CPU/NDBUS/NDBusEthernetII.cs:783:method:HandleMFPInterruptAck,PLANNED,src/devices/ethernet/device_ethernet.c,eth_handle_mfp_interrupt_ack,,,
Emulated.HW/ND/CPU/NDBUS/NDBusEthernetII.cs:813:method:LogMFPVectorType,NOT_PORTED,,,,"logging/diagnostic only, used to compare with the HLE card (Ronny 10-OCT-2026: not ported)",Ronny
Emulated.HW/ND/CPU/NDBUS/NDBusEthernetII.cs:817:case:117,NOT_PORTED,,,,"logging/diagnostic only, used to compare with the HLE card (Ronny 10-OCT-2026: not ported)",Ronny
Emulated.HW/ND/CPU/NDBUS/NDBusEthernetII.cs:818:case:116,NOT_PORTED,,,,"logging/diagnostic only, used to compare with the HLE card (Ronny 10-OCT-2026: not ported)",Ronny
Emulated.HW/ND/CPU/NDBUS/NDBusEthernetII.cs:819:case:114,NOT_PORTED,,,,"logging/diagnostic only, used to compare with the HLE card (Ronny 10-OCT-2026: not ported)",Ronny
Emulated.HW/ND/CPU/NDBUS/NDBusEthernetII.cs:820:case:113,NOT_PORTED,,,,"logging/diagnostic only, used to compare with the HLE card (Ronny 10-OCT-2026: not ported)",Ronny
Emulated.HW/ND/CPU/NDBUS/NDBusEthernetII.cs:821:case:112,NOT_PORTED,,,,"logging/diagnostic only, used to compare with the HLE card (Ronny 10-OCT-2026: not ported)",Ronny
Emulated.HW/ND/CPU/NDBUS/NDBusEthernetII.cs:822:case:111,NOT_PORTED,,,,"logging/diagnostic only, used to compare with the HLE card (Ronny 10-OCT-2026: not ported)",Ronny
Emulated.HW/ND/CPU/NDBUS/NDBusEthernetII.cs:823:case:107,NOT_PORTED,,,,"logging/diagnostic only, used to compare with the HLE card (Ronny 10-OCT-2026: not ported)",Ronny
Emulated.HW/ND/CPU/NDBUS/NDBusEthernetII.cs:824:case:105,NOT_PORTED,,,,"logging/diagnostic only, used to compare with the HLE card (Ronny 10-OCT-2026: not ported)",Ronny
Emulated.HW/ND/CPU/NDBUS/NDBusEthernetII.cs:825:case:default,NOT_PORTED,,,,"logging/diagnostic only, used to compare with the HLE card (Ronny 10-OCT-2026: not ported)",Ronny
Emulated.HW/ND/CPU/NDBUS/NDBusEthernetII.cs:838:method:HandleLANCEInterruptAck,PLANNED,src/devices/ethernet/device_ethernet.c,eth_handle_lance_interrupt_ack,,,
Emulated.HW/ND/CPU/NDBUS/NDBusEthernetII.cs:887:method:HandleConsoleInterruptAck,PLANNED,src/devices/ethernet/device_ethernet.c,eth_handle_console_interrupt_ack,,,
Emulated.HW/ND/CPU/NDBUS/NDBusEthernetII.cs:899:method:HandleParityErrorInterruptAck,PLANNED,src/devices/ethernet/device_ethernet.c,eth_handle_parity_error_interrupt_ack,,,
Emulated.HW/ND/CPU/NDBUS/NDBusEthernetII.cs:923:method:HandleOPCOMInterruptAck,PLANNED,src/devices/ethernet/device_ethernet.c,eth_handle_opcom_interrupt_ack,,,
Emulated.HW/ND/CPU/NDBUS/NDBusEthernetII.cs:946:method:HandlePowerFailureInterruptAck,PLANNED,src/devices/ethernet/device_ethernet.c,eth_handle_power_failure_interrupt_ack,,,
Emulated.HW/ND/CPU/NDBUS/NDBusEthernetII.cs:962:method:TriggerMFPVector,PLANNED,src/devices/ethernet/device_ethernet.c,eth_trigger_mfp_vector,,,
Emulated.HW/ND/CPU/NDBUS/NDBusEthernetII.cs:966:case:117,PLANNED,src/devices/ethernet/device_ethernet.c,eth_trigger_mfp_vector,,,
Emulated.HW/ND/CPU/NDBUS/NDBusEthernetII.cs:970:case:116,PLANNED,src/devices/ethernet/device_ethernet.c,eth_trigger_mfp_vector,,,
Emulated.HW/ND/CPU/NDBUS/NDBusEthernetII.cs:974:case:114,PLANNED,src/devices/ethernet/device_ethernet.c,eth_trigger_mfp_vector,,,
Emulated.HW/ND/CPU/NDBUS/NDBusEthernetII.cs:977:case:113,PLANNED,src/devices/ethernet/device_ethernet.c,eth_trigger_mfp_vector,,,
Emulated.HW/ND/CPU/NDBUS/NDBusEthernetII.cs:980:case:112,PLANNED,src/devices/ethernet/device_ethernet.c,eth_trigger_mfp_vector,,,
Emulated.HW/ND/CPU/NDBUS/NDBusEthernetII.cs:983:case:111,PLANNED,src/devices/ethernet/device_ethernet.c,eth_trigger_mfp_vector,,,
Emulated.HW/ND/CPU/NDBUS/NDBusEthernetII.cs:986:case:107,PLANNED,src/devices/ethernet/device_ethernet.c,eth_trigger_mfp_vector,,,
Emulated.HW/ND/CPU/NDBUS/NDBusEthernetII.cs:990:case:105,PLANNED,src/devices/ethernet/device_ethernet.c,eth_trigger_mfp_vector,,,
Emulated.HW/ND/CPU/NDBUS/NDBusEthernetII.cs:1000:method:MemoryMap_OnNDInterrupt,PLANNED,src/devices/ethernet/device_ethernet.c,eth_memory_map_on_nd_interrupt,,,
Emulated.HW/ND/CPU/NDBUS/NDBusEthernetII.cs:1030:field:_internalInterruptInfo,PLANNED,src/devices/ethernet/device_ethernet.c,internal_interrupt_info,,,
Emulated.HW/ND/CPU/NDBUS/NDBusEthernetII.cs:1044:const:CPU68K_CYCLES_PER_ND100_TICK,PLANNED,src/devices/ethernet/device_ethernet.c,ETH_CPU68_K_CYCLES_PER_ND100_TICK,,,
Emulated.HW/ND/CPU/NDBUS/NDBusEthernetII.cs:1046:method:Clock,PLANNED,src/devices/ethernet/device_ethernet.c,eth_clock,,,
Emulated.HW/ND/CPU/NDBUS/NDBusEthernetII.cs:1105:field:_rxInjected,NOT_PORTED,,,,"logging/diagnostic only, used to compare with the HLE card (Ronny 10-OCT-2026: not ported)",Ronny
Emulated.HW/ND/CPU/NDBUS/NDBusEthernetII.cs:1125:field:RxInjectEnabled,NOT_PORTED,,,,"logging/diagnostic only, used to compare with the HLE card (Ronny 10-OCT-2026: not ported)",Ronny
Emulated.HW/ND/CPU/NDBUS/NDBusEthernetII.cs:1132:property:RxInjectDiagnosticEnabled,NOT_PORTED,,,,"logging/diagnostic only, used to compare with the HLE card (Ronny 10-OCT-2026: not ported)",Ronny
Emulated.HW/ND/CPU/NDBUS/NDBusEthernetII.cs:1142:field:_lastWatchPc,NOT_PORTED,,,,"logging/diagnostic only, used to compare with the HLE card (Ronny 10-OCT-2026: not ported)",Ronny
Emulated.HW/ND/CPU/NDBUS/NDBusEthernetII.cs:1143:field:_pcWatch,NOT_PORTED,,,,"logging/diagnostic only, used to compare with the HLE card (Ronny 10-OCT-2026: not ported)",Ronny
Emulated.HW/ND/CPU/NDBUS/NDBusEthernetII.cs:1226:method:ResetPcLabel,NOT_PORTED,,,,"logging/diagnostic only, used to compare with the HLE card (Ronny 10-OCT-2026: not ported)",Ronny
Emulated.HW/ND/CPU/NDBUS/NDBusEthernetII.cs:1230:case:0x1CFE,NOT_PORTED,,,,"logging/diagnostic only, used to compare with the HLE card (Ronny 10-OCT-2026: not ported)",Ronny
Emulated.HW/ND/CPU/NDBUS/NDBusEthernetII.cs:1231:case:0x1D26,NOT_PORTED,,,,"logging/diagnostic only, used to compare with the HLE card (Ronny 10-OCT-2026: not ported)",Ronny
Emulated.HW/ND/CPU/NDBUS/NDBusEthernetII.cs:1232:case:0x1D58,NOT_PORTED,,,,"logging/diagnostic only, used to compare with the HLE card (Ronny 10-OCT-2026: not ported)",Ronny
Emulated.HW/ND/CPU/NDBUS/NDBusEthernetII.cs:1233:case:0x1D9C,NOT_PORTED,,,,"logging/diagnostic only, used to compare with the HLE card (Ronny 10-OCT-2026: not ported)",Ronny
Emulated.HW/ND/CPU/NDBUS/NDBusEthernetII.cs:1234:case:0x1DA0,NOT_PORTED,,,,"logging/diagnostic only, used to compare with the HLE card (Ronny 10-OCT-2026: not ported)",Ronny
Emulated.HW/ND/CPU/NDBUS/NDBusEthernetII.cs:1235:case:0x1DA6,NOT_PORTED,,,,"logging/diagnostic only, used to compare with the HLE card (Ronny 10-OCT-2026: not ported)",Ronny
Emulated.HW/ND/CPU/NDBUS/NDBusEthernetII.cs:1236:case:0x1C6A,NOT_PORTED,,,,"logging/diagnostic only, used to compare with the HLE card (Ronny 10-OCT-2026: not ported)",Ronny
Emulated.HW/ND/CPU/NDBUS/NDBusEthernetII.cs:1237:case:0x1CF4,NOT_PORTED,,,,"logging/diagnostic only, used to compare with the HLE card (Ronny 10-OCT-2026: not ported)",Ronny
Emulated.HW/ND/CPU/NDBUS/NDBusEthernetII.cs:1238:case:0x1DAA,NOT_PORTED,,,,"logging/diagnostic only, used to compare with the HLE card (Ronny 10-OCT-2026: not ported)",Ronny
Emulated.HW/ND/CPU/NDBUS/NDBusEthernetII.cs:1239:case:0x1DB0,NOT_PORTED,,,,"logging/diagnostic only, used to compare with the HLE card (Ronny 10-OCT-2026: not ported)",Ronny
Emulated.HW/ND/CPU/NDBUS/NDBusEthernetII.cs:1240:case:0x1DBC,NOT_PORTED,,,,"logging/diagnostic only, used to compare with the HLE card (Ronny 10-OCT-2026: not ported)",Ronny
Emulated.HW/ND/CPU/NDBUS/NDBusEthernetII.cs:1241:case:default,NOT_PORTED,,,,"logging/diagnostic only, used to compare with the HLE card (Ronny 10-OCT-2026: not ported)",Ronny
Emulated.HW/ND/CPU/NDBUS/NDBusEthernetII.cs:1247:field:_tick,NOT_PORTED,,,,"logging/diagnostic only, used to compare with the HLE card (Ronny 10-OCT-2026: not ported)",Ronny
Emulated.HW/ND/CPU/NDBUS/NDBusEthernetII.cs:1248:field:_lastSampledPc,NOT_PORTED,,,,"logging/diagnostic only, used to compare with the HLE card (Ronny 10-OCT-2026: not ported)",Ronny
Emulated.HW/ND/CPU/NDBUS/NDBusEthernetII.cs:1249:field:_sampleCount,NOT_PORTED,,,,"logging/diagnostic only, used to compare with the HLE card (Ronny 10-OCT-2026: not ported)",Ronny
Emulated.HW/ND/CPU/NDBUS/NDBusEthernetII.cs:1254:method:RawDramWord,NOT_PORTED,,,,"logging/diagnostic only, used to compare with the HLE card (Ronny 10-OCT-2026: not ported)",Ronny
Emulated.HW/ND/CPU/NDBUS/NDBusEthernetII.cs:1259:method:Watch68KPc,NOT_PORTED,,,,"logging/diagnostic only, used to compare with the HLE card (Ronny 10-OCT-2026: not ported)",Ronny
Emulated.HW/ND/CPU/NDBUS/NDBusEthernetII.cs:1385:field:_opcomRegionHits,NOT_PORTED,,,,"logging/diagnostic only, used to compare with the HLE card (Ronny 10-OCT-2026: not ported)",Ronny
Emulated.HW/ND/CPU/NDBUS/NDBusEthernetII.cs:1389:field:_postBufferCount,PLANNED,src/devices/ethernet/device_ethernet.c,post_buffer_count,,,
Emulated.HW/ND/CPU/NDBUS/NDBusEthernetII.cs:1391:method:DumpRamToFile,NOT_PORTED,,,,"logging/diagnostic only, used to compare with the HLE card (Ronny 10-OCT-2026: not ported)",Ronny
Emulated.HW/ND/CPU/NDBUS/NDBusEthernetII.cs:1430:method:LogResetVector,NOT_PORTED,,,,"logging/diagnostic only, used to compare with the HLE card (Ronny 10-OCT-2026: not ported)",Ronny
Emulated.HW/ND/CPU/NDBUS/NDBusEthernetII.cs:1467:method:Reset,PLANNED,src/devices/ethernet/device_ethernet.c,eth_reset,,,
Emulated.HW/ND/CPU/NDBUS/NDBusEthernetII.cs:1490:field:interruptEnabled,PLANNED,src/devices/ethernet/device_ethernet.c,interrupt_enabled,,,
Emulated.HW/ND/CPU/NDBUS/NDBusEthernetII.cs:1502:field:scipPending,PLANNED,src/devices/ethernet/device_ethernet.c,scip_pending,,,
Emulated.HW/ND/CPU/NDBUS/NDBusEthernetII.cs:1507:field:_lastStatusLogged,NOT_PORTED,,,,"logging/diagnostic only, used to compare with the HLE card (Ronny 10-OCT-2026: not ported)",Ronny
Emulated.HW/ND/CPU/NDBUS/NDBusEthernetII.cs:1508:field:_lastControlLogged,NOT_PORTED,,,,"logging/diagnostic only, used to compare with the HLE card (Ronny 10-OCT-2026: not ported)",Ronny
Emulated.HW/ND/CPU/NDBUS/NDBusEthernetII.cs:1518:field:_bit2Seq,NOT_PORTED,,,,"logging/diagnostic only, used to compare with the HLE card (Ronny 10-OCT-2026: not ported)",Ronny
Emulated.HW/ND/CPU/NDBUS/NDBusEthernetII.cs:1519:field:_bit2ZeroActive,NOT_PORTED,,,,"logging/diagnostic only, used to compare with the HLE card (Ronny 10-OCT-2026: not ported)",Ronny
Emulated.HW/ND/CPU/NDBUS/NDBusEthernetII.cs:1520:field:_bit2ZeroRun,NOT_PORTED,,,,"logging/diagnostic only, used to compare with the HLE card (Ronny 10-OCT-2026: not ported)",Ronny
Emulated.HW/ND/CPU/NDBUS/NDBusEthernetII.cs:1523:method:Bit2FlushZeroRun,NOT_PORTED,,,,"logging/diagnostic only, used to compare with the HLE card (Ronny 10-OCT-2026: not ported)",Ronny
Emulated.HW/ND/CPU/NDBUS/NDBusEthernetII.cs:1537:field:ND_interrupt,PLANNED,src/devices/ethernet/device_ethernet.c,nd_interrupt,,,
Emulated.HW/ND/CPU/NDBUS/NDBusEthernetII.cs:1538:field:previousND_interrupt,PLANNED,src/devices/ethernet/device_ethernet.c,previous_nd_interrupt,,,
Emulated.HW/ND/CPU/NDBUS/NDBusEthernetII.cs:1540:field:startOpcom,PLANNED,src/devices/ethernet/device_ethernet.c,start_opcom,,,
Emulated.HW/ND/CPU/NDBUS/NDBusEthernetII.cs:1541:field:previousStartOpcom,PLANNED,src/devices/ethernet/device_ethernet.c,previous_start_opcom,,,
Emulated.HW/ND/CPU/NDBUS/NDBusEthernetII.cs:1542:field:reset,PLANNED,src/devices/ethernet/device_ethernet.c,reset,,,
Emulated.HW/ND/CPU/NDBUS/NDBusEthernetII.cs:1543:field:previousReset,PLANNED,src/devices/ethernet/device_ethernet.c,previous_reset,,,
Emulated.HW/ND/CPU/NDBUS/NDBusEthernetII.cs:1544:field:halt,PLANNED,src/devices/ethernet/device_ethernet.c,halt,,,
Emulated.HW/ND/CPU/NDBUS/NDBusEthernetII.cs:1545:field:powerLow,PLANNED,src/devices/ethernet/device_ethernet.c,power_low,,,
Emulated.HW/ND/CPU/NDBUS/NDBusEthernetII.cs:1546:field:previousPowerLow,PLANNED,src/devices/ethernet/device_ethernet.c,previous_power_low,,,
Emulated.HW/ND/CPU/NDBUS/NDBusEthernetII.cs:1547:field:disableCheckBit,PLANNED,src/devices/ethernet/device_ethernet.c,disable_check_bit,,,
Emulated.HW/ND/CPU/NDBUS/NDBusEthernetII.cs:1550:field:memoryBank,PLANNED,src/devices/ethernet/device_ethernet.c,memory_bank,,,
Emulated.HW/ND/CPU/NDBUS/NDBusEthernetII.cs:1555:method:Read,PLANNED,src/devices/ethernet/device_ethernet.c,eth_read,,,
Emulated.HW/ND/CPU/NDBUS/NDBusEthernetII.cs:1562:case:Register.ReadDataRegister,PLANNED,src/devices/ethernet/device_ethernet.c,eth_read,,,
Emulated.HW/ND/CPU/NDBUS/NDBusEthernetII.cs:1572:case:Register.ReadStatusRegister,PLANNED,src/devices/ethernet/device_ethernet.c,eth_read,,,
Emulated.HW/ND/CPU/NDBUS/NDBusEthernetII.cs:1654:method:Write,PLANNED,src/devices/ethernet/device_ethernet.c,eth_write,,,
Emulated.HW/ND/CPU/NDBUS/NDBusEthernetII.cs:1663:case:Register.WriteDataBuffer,PLANNED,src/devices/ethernet/device_ethernet.c,eth_write,,,
Emulated.HW/ND/CPU/NDBUS/NDBusEthernetII.cs:1667:case:Register.WriteControlWord,PLANNED,src/devices/ethernet/device_ethernet.c,eth_write,,,
Emulated.HW/ND/CPU/NDBUS/NDBusEthernetII.cs:1881:field:_netBackend,PLANNED,src/devices/ethernet/device_ethernet.c,net_backend,,,
Emulated.HW/ND/CPU/NDBUS/NDBusEthernetII.cs:1891:property:RepairOffloadedChecksums,PLANNED,src/devices/ethernet/device_ethernet.c,repair_offloaded_checksums,,,
Emulated.HW/ND/CPU/NDBUS/NDBusEthernetII.cs:1897:field:_repairOffloadedChecksums,PLANNED,src/devices/ethernet/device_ethernet.c,repair_offloaded_checksums,,,
Emulated.HW/ND/CPU/NDBUS/NDBusEthernetII.cs:1902:const:MinEthernetFrameBytes,PLANNED,src/devices/ethernet/device_ethernet.c,ETH_MIN_ETHERNET_FRAME_BYTES,,,
Emulated.HW/ND/CPU/NDBUS/NDBusEthernetII.cs:1906:property:RuntFramesPadded,PLANNED,src/devices/ethernet/device_ethernet.c,runt_frames_padded,,,
Emulated.HW/ND/CPU/NDBUS/NDBusEthernetII.cs:1911:field:_runtPad,PLANNED,src/devices/ethernet/device_ethernet.c,runt_pad,,,
Emulated.HW/ND/CPU/NDBUS/NDBusEthernetII.cs:1916:field:_txPackets,PLANNED,src/devices/ethernet/device_ethernet.c,tx_packets,,,
Emulated.HW/ND/CPU/NDBUS/NDBusEthernetII.cs:1917:field:_txBytes,PLANNED,src/devices/ethernet/device_ethernet.c,tx_bytes,,,
Emulated.HW/ND/CPU/NDBUS/NDBusEthernetII.cs:1918:field:_rxPackets,PLANNED,src/devices/ethernet/device_ethernet.c,rx_packets,,,
Emulated.HW/ND/CPU/NDBUS/NDBusEthernetII.cs:1919:field:_rxBytes,PLANNED,src/devices/ethernet/device_ethernet.c,rx_bytes,,,
Emulated.HW/ND/CPU/NDBUS/NDBusEthernetII.cs:1922:property:TxPackets,PLANNED,src/devices/ethernet/device_ethernet.c,tx_packets,,,
Emulated.HW/ND/CPU/NDBUS/NDBusEthernetII.cs:1924:property:TxBytes,PLANNED,src/devices/ethernet/device_ethernet.c,tx_bytes,,,
Emulated.HW/ND/CPU/NDBUS/NDBusEthernetII.cs:1926:property:RxPackets,PLANNED,src/devices/ethernet/device_ethernet.c,rx_packets,,,
Emulated.HW/ND/CPU/NDBUS/NDBusEthernetII.cs:1928:property:RxBytes,PLANNED,src/devices/ethernet/device_ethernet.c,rx_bytes,,,
Emulated.HW/ND/CPU/NDBUS/NDBusEthernetII.cs:1933:field:_frameLogLock,PLANNED,src/devices/ethernet/device_ethernet.c,frame_log_lock,,,
Emulated.HW/ND/CPU/NDBUS/NDBusEthernetII.cs:1934:field:_frameLog,PLANNED,src/devices/ethernet/device_ethernet.c,frame_log,,,
Emulated.HW/ND/CPU/NDBUS/NDBusEthernetII.cs:1935:field:_frameLogPos,PLANNED,src/devices/ethernet/device_ethernet.c,frame_log_pos,,,
Emulated.HW/ND/CPU/NDBUS/NDBusEthernetII.cs:1936:field:_frameSeqCounter,PLANNED,src/devices/ethernet/device_ethernet.c,frame_seq_counter,,,
Emulated.HW/ND/CPU/NDBUS/NDBusEthernetII.cs:1938:struct:FrameLogEntry,PLANNED,src/devices/ethernet/device_ethernet.c,FrameLogEntry,,,
Emulated.HW/ND/CPU/NDBUS/NDBusEthernetII.cs:1940:field:IsTx,PLANNED,src/devices/ethernet/device_ethernet.c,is_tx,,,
Emulated.HW/ND/CPU/NDBUS/NDBusEthernetII.cs:1941:field:Seq,PLANNED,src/devices/ethernet/device_ethernet.c,seq,,,
Emulated.HW/ND/CPU/NDBUS/NDBusEthernetII.cs:1942:field:Bytes,PLANNED,src/devices/ethernet/device_ethernet.c,bytes,,,
Emulated.HW/ND/CPU/NDBUS/NDBusEthernetII.cs:1947:method:CaptureFrame,PLANNED,src/devices/ethernet/device_ethernet.c,eth_capture_frame,,,
Emulated.HW/ND/CPU/NDBUS/NDBusEthernetII.cs:1965:method:GetRecentFrames,PLANNED,src/devices/ethernet/device_ethernet.c,eth_get_recent_frames,,,
Emulated.HW/ND/CPU/NDBUS/NDBusEthernetII.cs:1994:method:AttachNetwork,PLANNED,src/devices/ethernet/device_ethernet.c,eth_attach_network,,,
Emulated.HW/ND/CPU/NDBUS/NDBusEthernetII.cs:2070:method:DetachNetwork,PLANNED,src/devices/ethernet/device_ethernet.c,eth_detach_network,,,
Emulated.HW/ND/CPU/NDBUS/NDBusEthernetII.cs:2081:property:NetworkDescription,PLANNED,src/devices/ethernet/device_ethernet.c,network_description,,,
Emulated.HW/ND/CPU/NDBUS/NDBusEthernetII.cs:2084:property:NetworkActive,PLANNED,src/devices/ethernet/device_ethernet.c,network_active,,,
Emulated.HW/ND/CPU/NDBUS/NDBusEthernetII.cs:2086:method:ResetComplete,PLANNED,src/devices/ethernet/device_ethernet.c,eth_reset_complete,,,
Emulated.HW/ND/CPU/NDBUS/NDBusEthernetII.cs:2100:method:IDENT,PLANNED,src/devices/ethernet/device_ethernet.c,eth_ident,,,
Emulated.HW/ND/CPU/NDBUS/NDBusEthernetII.cs:2125:method:Dispose,PLANNED,src/devices/ethernet/device_ethernet.c,eth_dispose,,,
Emulated.HW/ND/CPU/NDBUS/NDBusEthernetII.cs:2131:method:Dispose,PLANNED,src/devices/ethernet/device_ethernet.c,eth_dispose,,,
Emulated.HW/ND/CPU/NDBUS/NDBusEthernetII.cs:2171:class:InstrumentedRAM,NOT_PORTED,,,,"logging/diagnostic only, used to compare with the HLE card (Ronny 10-OCT-2026: not ported)",Ronny
Emulated.HW/ND/CPU/NDBUS/NDBusEthernetII.cs:2173:field:_mailboxNames,NOT_PORTED,,,,"logging/diagnostic only, used to compare with the HLE card (Ronny 10-OCT-2026: not ported)",Ronny
Emulated.HW/ND/CPU/NDBUS/NDBusEthernetII.cs:2179:field:Suppress68KLogging,NOT_PORTED,,,,"logging/diagnostic only, used to compare with the HLE card (Ronny 10-OCT-2026: not ported)",Ronny
Emulated.HW/ND/CPU/NDBUS/NDBusEthernetII.cs:2181:ctor:InstrumentedRAM,NOT_PORTED,,,,"logging/diagnostic only, used to compare with the HLE card (Ronny 10-OCT-2026: not ported)",Ronny
Emulated.HW/ND/CPU/NDBUS/NDBusEthernetII.cs:2207:method:TryGetMailboxName,NOT_PORTED,,,,"logging/diagnostic only, used to compare with the HLE card (Ronny 10-OCT-2026: not ported)",Ronny
Emulated.HW/ND/CPU/NDBUS/NDBusEthernetII.cs:2223:const:MAILBOX_LOG_LIMIT,NOT_PORTED,,,,"logging/diagnostic only, used to compare with the HLE card (Ronny 10-OCT-2026: not ported)",Ronny
Emulated.HW/ND/CPU/NDBUS/NDBusEthernetII.cs:2232:const:MBOXH_HEAD,NOT_PORTED,,,,"logging/diagnostic only, used to compare with the HLE card (Ronny 10-OCT-2026: not ported)",Ronny
Emulated.HW/ND/CPU/NDBUS/NDBusEthernetII.cs:2234:method:Write,NOT_PORTED,,,,"logging/diagnostic only, used to compare with the HLE card (Ronny 10-OCT-2026: not ported)",Ronny
Emulated.HW/ND/CPU/NDBUS/NDBusEthernetII.cs:2259:method:ReadBE32,NOT_PORTED,,,,"logging/diagnostic only, used to compare with the HLE card (Ronny 10-OCT-2026: not ported)",Ronny
Emulated.HW/ND/CPU/NDBUS/NDBusEthernetII.cs:2266:method:ReadBE16,NOT_PORTED,,,,"logging/diagnostic only, used to compare with the HLE card (Ronny 10-OCT-2026: not ported)",Ronny
Emulated.HW/ND/CPU/NDBUS/NDBusEthernetII.cs:2274:method:DumpBuffer,NOT_PORTED,,,,"logging/diagnostic only, used to compare with the HLE card (Ronny 10-OCT-2026: not ported)",Ronny
Emulated.HW/ND/CPU/NDBUS/NDBusEthernetII.cs:2293:method:DumpMboxhPost,NOT_PORTED,,,,"logging/diagnostic only, used to compare with the HLE card (Ronny 10-OCT-2026: not ported)",Ronny
Emulated.HW/ND/CPU/NDBUS/NDBusEthernetII.cs:2341:method:Read,NOT_PORTED,,,,"logging/diagnostic only, used to compare with the HLE card (Ronny 10-OCT-2026: not ported)",Ronny
Emulated.HW/ND/CPU/NDBUS/NDBusEthernetII.cs:2368:enum:Register,PLANNED,src/devices/ethernet/device_ethernet.c,Register,,,
Emulated.HW/ND/CPU/NDBUS/NDBusEthernetII.cs:2373:enumvalue:ReadDataRegister,PLANNED,src/devices/ethernet/device_ethernet.c,REGISTER_READ_DATA_REGISTER,,,
Emulated.HW/ND/CPU/NDBUS/NDBusEthernetII.cs:2378:enumvalue:WriteDataBuffer,PLANNED,src/devices/ethernet/device_ethernet.c,REGISTER_WRITE_DATA_BUFFER,,,
Emulated.HW/ND/CPU/NDBUS/NDBusEthernetII.cs:2383:enumvalue:ReadStatusRegister,PLANNED,src/devices/ethernet/device_ethernet.c,REGISTER_READ_STATUS_REGISTER,,,
Emulated.HW/ND/CPU/NDBUS/NDBusEthernetII.cs:2388:enumvalue:WriteControlWord,PLANNED,src/devices/ethernet/device_ethernet.c,REGISTER_WRITE_CONTROL_WORD,,,
Emulated.HW/ND/CPU/NDBUS/NDBusEthernetII.cs:2394:class:NDEthernetMemory,PLANNED,src/devices/ethernet/eth_memory.c,NDEthernetMemory,,,
Emulated.HW/ND/CPU/NDBUS/NDBusEthernetII.cs:2396:field:ram,PLANNED,src/devices/ethernet/eth_memory.c,ram,,,
Emulated.HW/ND/CPU/NDBUS/NDBusEthernetII.cs:2397:field:protect_table,PLANNED,src/devices/ethernet/eth_memory.c,protect_table,,,
Emulated.HW/ND/CPU/NDBUS/NDBusEthernetII.cs:2399:field:mfp,PLANNED,src/devices/ethernet/eth_memory.c,mfp,,,
Emulated.HW/ND/CPU/NDBUS/NDBusEthernetII.cs:2400:field:lance,PLANNED,src/devices/ethernet/eth_memory.c,lance,,,
Emulated.HW/ND/CPU/NDBUS/NDBusEthernetII.cs:2402:property:MFP,PLANNED,src/devices/ethernet/eth_memory.c,mfp,,,
Emulated.HW/ND/CPU/NDBUS/NDBusEthernetII.cs:2403:property:Lance,PLANNED,src/devices/ethernet/eth_memory.c,lance,,,
Emulated.HW/ND/CPU/NDBUS/NDBusEthernetII.cs:2405:field:ethIoMem,PLANNED,src/devices/ethernet/eth_memory.c,eth_io_mem,,,
Emulated.HW/ND/CPU/NDBUS/NDBusEthernetII.cs:2410:property:IsTimerInterruptPending,PLANNED,src/devices/ethernet/eth_memory.c,is_timer_interrupt_pending,,,
Emulated.HW/ND/CPU/NDBUS/NDBusEthernetII.cs:2415:method:ClearTimerInterrupt,PLANNED,src/devices/ethernet/eth_memory.c,ethmem_clear_timer_interrupt,,,
Emulated.HW/ND/CPU/NDBUS/NDBusEthernetII.cs:2417:delegate:NDInterrupt,PLANNED,src/devices/ethernet/eth_memory.c,NDInterrupt,,,
Emulated.HW/ND/CPU/NDBUS/NDBusEthernetII.cs:2418:event:OnNDInterrupt,PLANNED,src/devices/ethernet/eth_memory.c,on_nd_interrupt,,,
Emulated.HW/ND/CPU/NDBUS/NDBusEthernetII.cs:2420:delegate:InterruptTrigger,PLANNED,src/devices/ethernet/eth_memory.c,InterruptTrigger,,,
Emulated.HW/ND/CPU/NDBUS/NDBusEthernetII.cs:2421:event:OnTriggerInterrupt,PLANNED,src/devices/ethernet/eth_memory.c,on_trigger_interrupt,,,
Emulated.HW/ND/CPU/NDBUS/NDBusEthernetII.cs:2426:delegate:BusErrorTrigger,PLANNED,src/devices/ethernet/eth_memory.c,BusErrorTrigger,,,
Emulated.HW/ND/CPU/NDBUS/NDBusEthernetII.cs:2427:event:OnBusError,PLANNED,src/devices/ethernet/eth_memory.c,on_bus_error,,,
Emulated.HW/ND/CPU/NDBUS/NDBusEthernetII.cs:2429:field:_ramStart,PLANNED,src/devices/ethernet/eth_memory.c,ram_start,,,
Emulated.HW/ND/CPU/NDBUS/NDBusEthernetII.cs:2432:field:_lastErrorAddress,PLANNED,src/devices/ethernet/eth_memory.c,last_error_address,,,
Emulated.HW/ND/CPU/NDBUS/NDBusEthernetII.cs:2433:field:_lastErrorStatus,PLANNED,src/devices/ethernet/eth_memory.c,last_error_status,,,
Emulated.HW/ND/CPU/NDBUS/NDBusEthernetII.cs:2475:enum:MailboxField,NOT_PORTED,,,,"logging/diagnostic only, used to compare with the HLE card (Ronny 10-OCT-2026: not ported)",Ronny
Emulated.HW/ND/CPU/NDBUS/NDBusEthernetII.cs:2478:enumvalue:CMD_SEMAPHORE,NOT_PORTED,,,,"logging/diagnostic only, used to compare with the HLE card (Ronny 10-OCT-2026: not ported)",Ronny
Emulated.HW/ND/CPU/NDBUS/NDBusEthernetII.cs:2479:enumvalue:CMD_STATUS,NOT_PORTED,,,,"logging/diagnostic only, used to compare with the HLE card (Ronny 10-OCT-2026: not ported)",Ronny
Emulated.HW/ND/CPU/NDBUS/NDBusEthernetII.cs:2480:enumvalue:CMD_PARAM1,NOT_PORTED,,,,"logging/diagnostic only, used to compare with the HLE card (Ronny 10-OCT-2026: not ported)",Ronny
Emulated.HW/ND/CPU/NDBUS/NDBusEthernetII.cs:2481:enumvalue:CMD_TEST_NUM,NOT_PORTED,,,,"logging/diagnostic only, used to compare with the HLE card (Ronny 10-OCT-2026: not ported)",Ronny
Emulated.HW/ND/CPU/NDBUS/NDBusEthernetII.cs:2484:enumvalue:RESULT_SEMAPHORE,NOT_PORTED,,,,"logging/diagnostic only, used to compare with the HLE card (Ronny 10-OCT-2026: not ported)",Ronny
Emulated.HW/ND/CPU/NDBUS/NDBusEthernetII.cs:2485:enumvalue:RESULT_STAT_CODE,NOT_PORTED,,,,"logging/diagnostic only, used to compare with the HLE card (Ronny 10-OCT-2026: not ported)",Ronny
Emulated.HW/ND/CPU/NDBUS/NDBusEthernetII.cs:2486:enumvalue:RESULT_ERR_CODE,NOT_PORTED,,,,"logging/diagnostic only, used to compare with the HLE card (Ronny 10-OCT-2026: not ported)",Ronny
Emulated.HW/ND/CPU/NDBUS/NDBusEthernetII.cs:2487:enumvalue:RESULT_TEST_NO,NOT_PORTED,,,,"logging/diagnostic only, used to compare with the HLE card (Ronny 10-OCT-2026: not ported)",Ronny
Emulated.HW/ND/CPU/NDBUS/NDBusEthernetII.cs:2488:enumvalue:RESULT_LOOP_COUNT,NOT_PORTED,,,,"logging/diagnostic only, used to compare with the HLE card (Ronny 10-OCT-2026: not ported)",Ronny
Emulated.HW/ND/CPU/NDBUS/NDBusEthernetII.cs:2489:enumvalue:RESULT_ERR_COUNT,NOT_PORTED,,,,"logging/diagnostic only, used to compare with the HLE card (Ronny 10-OCT-2026: not ported)",Ronny
Emulated.HW/ND/CPU/NDBUS/NDBusEthernetII.cs:2490:enumvalue:RESULT_ERR_ADDR,NOT_PORTED,,,,"logging/diagnostic only, used to compare with the HLE card (Ronny 10-OCT-2026: not ported)",Ronny
Emulated.HW/ND/CPU/NDBUS/NDBusEthernetII.cs:2491:enumvalue:RESULT_ERR_ADDR_LO,NOT_PORTED,,,,"logging/diagnostic only, used to compare with the HLE card (Ronny 10-OCT-2026: not ported)",Ronny
Emulated.HW/ND/CPU/NDBUS/NDBusEthernetII.cs:2492:enumvalue:RESULT_EXP_DATA,NOT_PORTED,,,,"logging/diagnostic only, used to compare with the HLE card (Ronny 10-OCT-2026: not ported)",Ronny
Emulated.HW/ND/CPU/NDBUS/NDBusEthernetII.cs:2493:enumvalue:RESULT_EXP_DATA_LO,NOT_PORTED,,,,"logging/diagnostic only, used to compare with the HLE card (Ronny 10-OCT-2026: not ported)",Ronny
Emulated.HW/ND/CPU/NDBUS/NDBusEthernetII.cs:2494:enumvalue:RESULT_FOUND_DATA,NOT_PORTED,,,,"logging/diagnostic only, used to compare with the HLE card (Ronny 10-OCT-2026: not ported)",Ronny
Emulated.HW/ND/CPU/NDBUS/NDBusEthernetII.cs:2495:enumvalue:RESULT_INFO2_0,NOT_PORTED,,,,"logging/diagnostic only, used to compare with the HLE card (Ronny 10-OCT-2026: not ported)",Ronny
Emulated.HW/ND/CPU/NDBUS/NDBusEthernetII.cs:2496:enumvalue:RESULT_INFO2_1,NOT_PORTED,,,,"logging/diagnostic only, used to compare with the HLE card (Ronny 10-OCT-2026: not ported)",Ronny
Emulated.HW/ND/CPU/NDBUS/NDBusEthernetII.cs:2497:enumvalue:RESULT_INFO2_2,NOT_PORTED,,,,"logging/diagnostic only, used to compare with the HLE card (Ronny 10-OCT-2026: not ported)",Ronny
Emulated.HW/ND/CPU/NDBUS/NDBusEthernetII.cs:2498:enumvalue:RESULT_INFO2_3,NOT_PORTED,,,,"logging/diagnostic only, used to compare with the HLE card (Ronny 10-OCT-2026: not ported)",Ronny
Emulated.HW/ND/CPU/NDBUS/NDBusEthernetII.cs:2499:enumvalue:RESULT_INFO2_4,NOT_PORTED,,,,"logging/diagnostic only, used to compare with the HLE card (Ronny 10-OCT-2026: not ported)",Ronny
Emulated.HW/ND/CPU/NDBUS/NDBusEthernetII.cs:2500:enumvalue:RESULT_INFO2_5,NOT_PORTED,,,,"logging/diagnostic only, used to compare with the HLE card (Ronny 10-OCT-2026: not ported)",Ronny
Emulated.HW/ND/CPU/NDBUS/NDBusEthernetII.cs:2503:enumvalue:STAT_SEMAPHORE,NOT_PORTED,,,,"logging/diagnostic only, used to compare with the HLE card (Ronny 10-OCT-2026: not ported)",Ronny
Emulated.HW/ND/CPU/NDBUS/NDBusEthernetII.cs:2504:enumvalue:STAT_CODE,NOT_PORTED,,,,"logging/diagnostic only, used to compare with the HLE card (Ronny 10-OCT-2026: not ported)",Ronny
Emulated.HW/ND/CPU/NDBUS/NDBusEthernetII.cs:2505:enumvalue:FUNC_CODE,NOT_PORTED,,,,"logging/diagnostic only, used to compare with the HLE card (Ronny 10-OCT-2026: not ported)",Ronny
Emulated.HW/ND/CPU/NDBUS/NDBusEthernetII.cs:2506:enumvalue:ERR_CODE,NOT_PORTED,,,,"logging/diagnostic only, used to compare with the HLE card (Ronny 10-OCT-2026: not ported)",Ronny
Emulated.HW/ND/CPU/NDBUS/NDBusEthernetII.cs:2507:enumvalue:TEST_NO,NOT_PORTED,,,,"logging/diagnostic only, used to compare with the HLE card (Ronny 10-OCT-2026: not ported)",Ronny
Emulated.HW/ND/CPU/NDBUS/NDBusEthernetII.cs:2508:enumvalue:LOOP_COUNT,NOT_PORTED,,,,"logging/diagnostic only, used to compare with the HLE card (Ronny 10-OCT-2026: not ported)",Ronny
Emulated.HW/ND/CPU/NDBUS/NDBusEthernetII.cs:2509:enumvalue:ERR_COUNT,NOT_PORTED,,,,"logging/diagnostic only, used to compare with the HLE card (Ronny 10-OCT-2026: not ported)",Ronny
Emulated.HW/ND/CPU/NDBUS/NDBusEthernetII.cs:2510:enumvalue:ERR_ADDR,NOT_PORTED,,,,"logging/diagnostic only, used to compare with the HLE card (Ronny 10-OCT-2026: not ported)",Ronny
Emulated.HW/ND/CPU/NDBUS/NDBusEthernetII.cs:2511:enumvalue:EXP_DATA,NOT_PORTED,,,,"logging/diagnostic only, used to compare with the HLE card (Ronny 10-OCT-2026: not ported)",Ronny
Emulated.HW/ND/CPU/NDBUS/NDBusEthernetII.cs:2512:enumvalue:FOUND_DATA,NOT_PORTED,,,,"logging/diagnostic only, used to compare with the HLE card (Ronny 10-OCT-2026: not ported)",Ronny
Emulated.HW/ND/CPU/NDBUS/NDBusEthernetII.cs:2513:enumvalue:MAIN_LOOP_ADDR,NOT_PORTED,,,,"logging/diagnostic only, used to compare with the HLE card (Ronny 10-OCT-2026: not ported)",Ronny
Emulated.HW/ND/CPU/NDBUS/NDBusEthernetII.cs:2516:enumvalue:CMD_BUFFER,NOT_PORTED,,,,"logging/diagnostic only, used to compare with the HLE card (Ronny 10-OCT-2026: not ported)",Ronny
Emulated.HW/ND/CPU/NDBUS/NDBusEthernetII.cs:2517:enumvalue:CMD_TEST_NUM_68K,NOT_PORTED,,,,"logging/diagnostic only, used to compare with the HLE card (Ronny 10-OCT-2026: not ported)",Ronny
Emulated.HW/ND/CPU/NDBUS/NDBusEthernetII.cs:2521:field:_mailboxNames,NOT_PORTED,,,,"logging/diagnostic only, used to compare with the HLE card (Ronny 10-OCT-2026: not ported)",Ronny
Emulated.HW/ND/CPU/NDBUS/NDBusEthernetII.cs:2523:method:BuildMailboxLookup,NOT_PORTED,,,,"logging/diagnostic only, used to compare with the HLE card (Ronny 10-OCT-2026: not ported)",Ronny
Emulated.HW/ND/CPU/NDBUS/NDBusEthernetII.cs:2597:method:GetBlockName,NOT_PORTED,,,,"logging/diagnostic only, used to compare with the HLE card (Ronny 10-OCT-2026: not ported)",Ronny
Emulated.HW/ND/CPU/NDBUS/NDBusEthernetII.cs:2608:property:IsCpuRunning,PLANNED,src/devices/ethernet/eth_memory.c,is_cpu_running,,,
Emulated.HW/ND/CPU/NDBUS/NDBusEthernetII.cs:2614:property:IsMemoryProbeComplete,PLANNED,src/devices/ethernet/eth_memory.c,is_memory_probe_complete,,,
Emulated.HW/ND/CPU/NDBUS/NDBusEthernetII.cs:2624:property:VerboseMemoryLogging,PLANNED,src/devices/ethernet/eth_memory.c,verbose_memory_logging,,,
Emulated.HW/ND/CPU/NDBUS/NDBusEthernetII.cs:2632:field:_mailboxTracer,NOT_PORTED,,,,"logging/diagnostic only, used to compare with the HLE card (Ronny 10-OCT-2026: not ported)",Ronny
Emulated.HW/ND/CPU/NDBUS/NDBusEthernetII.cs:2633:property:MailboxTracer,NOT_PORTED,,,,"logging/diagnostic only, used to compare with the HLE card (Ronny 10-OCT-2026: not ported)",Ronny
Emulated.HW/ND/CPU/NDBUS/NDBusEthernetII.cs:2637:field:_prkeyAddrLogged,NOT_PORTED,,,,"logging/diagnostic only, used to compare with the HLE card (Ronny 10-OCT-2026: not ported)",Ronny
Emulated.HW/ND/CPU/NDBUS/NDBusEthernetII.cs:2644:method:LogBlockAccess,NOT_PORTED,,,,"logging/diagnostic only, used to compare with the HLE card (Ronny 10-OCT-2026: not ported)",Ronny
Emulated.HW/ND/CPU/NDBUS/NDBusEthernetII.cs:2700:class:EthMailboxTracer,NOT_PORTED,,,,"logging/diagnostic only, used to compare with the HLE card (Ronny 10-OCT-2026: not ported)",Ronny
Emulated.HW/ND/CPU/NDBUS/NDBusEthernetII.cs:2702:field:_readByte,NOT_PORTED,,,,"logging/diagnostic only, used to compare with the HLE card (Ronny 10-OCT-2026: not ported)",Ronny
Emulated.HW/ND/CPU/NDBUS/NDBusEthernetII.cs:2703:field:_log,NOT_PORTED,,,,"logging/diagnostic only, used to compare with the HLE card (Ronny 10-OCT-2026: not ported)",Ronny
Emulated.HW/ND/CPU/NDBUS/NDBusEthernetII.cs:2706:field:_fields,NOT_PORTED,,,,"logging/diagnostic only, used to compare with the HLE card (Ronny 10-OCT-2026: not ported)",Ronny
Emulated.HW/ND/CPU/NDBUS/NDBusEthernetII.cs:2709:field:_readCounts,NOT_PORTED,,,,"logging/diagnostic only, used to compare with the HLE card (Ronny 10-OCT-2026: not ported)",Ronny
Emulated.HW/ND/CPU/NDBUS/NDBusEthernetII.cs:2711:field:_lastWrite,NOT_PORTED,,,,"logging/diagnostic only, used to compare with the HLE card (Ronny 10-OCT-2026: not ported)",Ronny
Emulated.HW/ND/CPU/NDBUS/NDBusEthernetII.cs:2712:field:_writeRepeat,NOT_PORTED,,,,"logging/diagnostic only, used to compare with the HLE card (Ronny 10-OCT-2026: not ported)",Ronny
Emulated.HW/ND/CPU/NDBUS/NDBusEthernetII.cs:2715:field:_lastCardSig,NOT_PORTED,,,,"logging/diagnostic only, used to compare with the HLE card (Ronny 10-OCT-2026: not ported)",Ronny
Emulated.HW/ND/CPU/NDBUS/NDBusEthernetII.cs:2716:field:_cardRepeat,NOT_PORTED,,,,"logging/diagnostic only, used to compare with the HLE card (Ronny 10-OCT-2026: not ported)",Ronny
Emulated.HW/ND/CPU/NDBUS/NDBusEthernetII.cs:2719:property:Enabled,NOT_PORTED,,,,"logging/diagnostic only, used to compare with the HLE card (Ronny 10-OCT-2026: not ported)",Ronny
Emulated.HW/ND/CPU/NDBUS/NDBusEthernetII.cs:2721:ctor:EthMailboxTracer,NOT_PORTED,,,,"logging/diagnostic only, used to compare with the HLE card (Ronny 10-OCT-2026: not ported)",Ronny
Emulated.HW/ND/CPU/NDBUS/NDBusEthernetII.cs:2727:method:BuildFields,NOT_PORTED,,,,"logging/diagnostic only, used to compare with the HLE card (Ronny 10-OCT-2026: not ported)",Ronny
Emulated.HW/ND/CPU/NDBUS/NDBusEthernetII.cs:2757:method:W,NOT_PORTED,,,,"logging/diagnostic only, used to compare with the HLE card (Ronny 10-OCT-2026: not ported)",Ronny
Emulated.HW/ND/CPU/NDBUS/NDBusEthernetII.cs:2759:method:MonCodeName,NOT_PORTED,,,,"logging/diagnostic only, used to compare with the HLE card (Ronny 10-OCT-2026: not ported)",Ronny
Emulated.HW/ND/CPU/NDBUS/NDBusEthernetII.cs:2763:case:2,NOT_PORTED,,,,"logging/diagnostic only, used to compare with the HLE card (Ronny 10-OCT-2026: not ported)",Ronny
Emulated.HW/ND/CPU/NDBUS/NDBusEthernetII.cs:2764:case:3,NOT_PORTED,,,,"logging/diagnostic only, used to compare with the HLE card (Ronny 10-OCT-2026: not ported)",Ronny
Emulated.HW/ND/CPU/NDBUS/NDBusEthernetII.cs:2765:case:4,NOT_PORTED,,,,"logging/diagnostic only, used to compare with the HLE card (Ronny 10-OCT-2026: not ported)",Ronny
Emulated.HW/ND/CPU/NDBUS/NDBusEthernetII.cs:2766:case:default,NOT_PORTED,,,,"logging/diagnostic only, used to compare with the HLE card (Ronny 10-OCT-2026: not ported)",Ronny
Emulated.HW/ND/CPU/NDBUS/NDBusEthernetII.cs:2774:method:Record,NOT_PORTED,,,,"logging/diagnostic only, used to compare with the HLE card (Ronny 10-OCT-2026: not ported)",Ronny
Emulated.HW/ND/CPU/NDBUS/NDBusEthernetII.cs:2810:method:FlushCardToHost,NOT_PORTED,,,,"logging/diagnostic only, used to compare with the HLE card (Ronny 10-OCT-2026: not ported)",Ronny
Emulated.HW/ND/CPU/NDBUS/NDBusEthernetII.cs:2844:method:FlushHostToCard,NOT_PORTED,,,,"logging/diagnostic only, used to compare with the HLE card (Ronny 10-OCT-2026: not ported)",Ronny
Emulated.HW/ND/CPU/NDBUS/NDBusEthernetII.cs:2854:method:TakeReads,NOT_PORTED,,,,"logging/diagnostic only, used to compare with the HLE card (Ronny 10-OCT-2026: not ported)",Ronny
Emulated.HW/ND/CPU/NDBUS/NDBusEthernetII.cs:2861:method:DumpReadSummary,NOT_PORTED,,,,"logging/diagnostic only, used to compare with the HLE card (Ronny 10-OCT-2026: not ported)",Ronny
Emulated.HW/ND/CPU/NDBUS/NDBusEthernetII.cs:2953:field:_instrumentedRam,NOT_PORTED,,,,"logging/diagnostic only, used to compare with the HLE card (Ronny 10-OCT-2026: not ported)",Ronny
Emulated.HW/ND/CPU/NDBUS/NDBusEthernetII.cs:2955:ctor:NDEthernetMemory,PLANNED,src/devices/ethernet/eth_memory.c,ethmem_create,,,
Emulated.HW/ND/CPU/NDBUS/NDBusEthernetII.cs:3172:field:_lastWriteWasMirrored,PLANNED,src/devices/ethernet/eth_memory.c,last_write_was_mirrored,,,
Emulated.HW/ND/CPU/NDBUS/NDBusEthernetII.cs:3175:field:_am9519ResetPending,PLANNED,src/devices/ethernet/eth_memory.c,am9519_reset_pending,,,
Emulated.HW/ND/CPU/NDBUS/NDBusEthernetII.cs:3176:field:_isrbWriteCount,PLANNED,src/devices/ethernet/eth_memory.c,isrb_write_count,,,
Emulated.HW/ND/CPU/NDBUS/NDBusEthernetII.cs:3177:field:_softwareInterruptTestActive,PLANNED,src/devices/ethernet/eth_memory.c,software_interrupt_test_active,,,
Emulated.HW/ND/CPU/NDBUS/NDBusEthernetII.cs:3182:field:_currentSCIPChannel,PLANNED,src/devices/ethernet/eth_memory.c,current_scip_channel,,,
Emulated.HW/ND/CPU/NDBUS/NDBusEthernetII.cs:3189:method:TriggerSCIPChannel,PLANNED,src/devices/ethernet/eth_memory.c,ethmem_trigger_scip_channel,,,
Emulated.HW/ND/CPU/NDBUS/NDBusEthernetII.cs:3215:method:RaiseLanceMemoryError,NOT_PORTED,,,,dead code: Am7990Lance never raises the IOMemoryBase DMA events (only DmaIn/DmaOut) - Ronny 10-OCT-2026,Ronny
Emulated.HW/ND/CPU/NDBUS/NDBusEthernetII.cs:3222:method:Lance_OnWriteDMA,NOT_PORTED,,,,dead code: Am7990Lance never raises the IOMemoryBase DMA events (only DmaIn/DmaOut) - Ronny 10-OCT-2026,Ronny
Emulated.HW/ND/CPU/NDBUS/NDBusEthernetII.cs:3235:case:IOMemoryBase.DMA_SIZE.BYTE,NOT_PORTED,,,,dead code: Am7990Lance never raises the IOMemoryBase DMA events (only DmaIn/DmaOut) - Ronny 10-OCT-2026,Ronny
Emulated.HW/ND/CPU/NDBUS/NDBusEthernetII.cs:3238:case:IOMemoryBase.DMA_SIZE.WORD,NOT_PORTED,,,,dead code: Am7990Lance never raises the IOMemoryBase DMA events (only DmaIn/DmaOut) - Ronny 10-OCT-2026,Ronny
Emulated.HW/ND/CPU/NDBUS/NDBusEthernetII.cs:3243:case:IOMemoryBase.DMA_SIZE.LONG,NOT_PORTED,,,,dead code: Am7990Lance never raises the IOMemoryBase DMA events (only DmaIn/DmaOut) - Ronny 10-OCT-2026,Ronny
Emulated.HW/ND/CPU/NDBUS/NDBusEthernetII.cs:3254:method:Lance_OnReadDMA,NOT_PORTED,,,,dead code: Am7990Lance never raises the IOMemoryBase DMA events (only DmaIn/DmaOut) - Ronny 10-OCT-2026,Ronny
Emulated.HW/ND/CPU/NDBUS/NDBusEthernetII.cs:3269:case:IOMemoryBase.DMA_SIZE.BYTE,NOT_PORTED,,,,dead code: Am7990Lance never raises the IOMemoryBase DMA events (only DmaIn/DmaOut) - Ronny 10-OCT-2026,Ronny
Emulated.HW/ND/CPU/NDBUS/NDBusEthernetII.cs:3272:case:IOMemoryBase.DMA_SIZE.WORD,NOT_PORTED,,,,dead code: Am7990Lance never raises the IOMemoryBase DMA events (only DmaIn/DmaOut) - Ronny 10-OCT-2026,Ronny
Emulated.HW/ND/CPU/NDBUS/NDBusEthernetII.cs:3276:case:IOMemoryBase.DMA_SIZE.LONG,NOT_PORTED,,,,dead code: Am7990Lance never raises the IOMemoryBase DMA events (only DmaIn/DmaOut) - Ronny 10-OCT-2026,Ronny
Emulated.HW/ND/CPU/NDBUS/NDBusEthernetII.cs:3289:method:Mfp_OnIRQ,PLANNED,src/devices/ethernet/eth_memory.c,ethmem_mfp_on_irq,,,
Emulated.HW/ND/CPU/NDBUS/NDBusEthernetII.cs:3305:method:Lance_OnIRQ,PLANNED,src/devices/ethernet/eth_memory.c,ethmem_lance_on_irq,,,
Emulated.HW/ND/CPU/NDBUS/NDBusEthernetII.cs:3319:method:InterruptControllerSetInterrupt,PLANNED,src/devices/ethernet/eth_memory.c,ethmem_interrupt_controller_set_interrupt,,,
Emulated.HW/ND/CPU/NDBUS/NDBusEthernetII.cs:3336:method:Mfp_OnTimerInterrupt,NOT_PORTED,,,,"logging/diagnostic only, used to compare with the HLE card (Ronny 10-OCT-2026: not ported)",Ronny
Emulated.HW/ND/CPU/NDBUS/NDBusEthernetII.cs:3343:method:Mfp_OnGPIO,NOT_PORTED,,,,"logging/diagnostic only, used to compare with the HLE card (Ronny 10-OCT-2026: not ported)",Ronny
Emulated.HW/ND/CPU/NDBUS/NDBusEthernetII.cs:3353:method:Mfp_OnSerialByteTransmit,NOT_PORTED,,,,"logging/diagnostic only, used to compare with the HLE card (Ronny 10-OCT-2026: not ported)",Ronny
Emulated.HW/ND/CPU/NDBUS/NDBusEthernetII.cs:3360:method:Clock,PLANNED,src/devices/ethernet/eth_memory.c,ethmem_clock,,,
Emulated.HW/ND/CPU/NDBUS/NDBusEthernetII.cs:3367:method:LoadRom,PLANNED,src/devices/ethernet/eth_memory.c,ethmem_load_rom,,,
Emulated.HW/ND/CPU/NDBUS/NDBusEthernetII.cs:3380:method:LoadRAM,PLANNED,src/devices/ethernet/eth_memory.c,ethmem_load_ram,,,
Emulated.HW/ND/CPU/NDBUS/NDBusEthernetII.cs:3386:method:Reset,PLANNED,src/devices/ethernet/eth_memory.c,ethmem_reset,,,
Emulated.HW/ND/CPU/NDBUS/NDBusEthernetII.cs:3421:method:ResetPeripherals,PLANNED,src/devices/ethernet/eth_memory.c,ethmem_reset_peripherals,,,
Emulated.HW/ND/CPU/NDBUS/NDBusEthernetII.cs:3452:method:OnCpuResetInstruction,PLANNED,src/devices/ethernet/eth_memory.c,ethmem_on_cpu_reset_instruction,,,
Emulated.HW/ND/CPU/NDBUS/NDBusEthernetII.cs:3495:method:InitializeMFPFromFirmware,PLANNED,src/devices/ethernet/eth_memory.c,ethmem_initialize_mfp_from_firmware,,,
Emulated.HW/ND/CPU/NDBUS/NDBusEthernetII.cs:3544:method:SetMFPInterrupt,PLANNED,src/devices/ethernet/eth_memory.c,ethmem_set_mfp_interrupt,,,
Emulated.HW/ND/CPU/NDBUS/NDBusEthernetII.cs:3556:method:ClearMFPInterrupt,PLANNED,src/devices/ethernet/eth_memory.c,ethmem_clear_mfp_interrupt,,,
Emulated.HW/ND/CPU/NDBUS/NDBusEthernetII.cs:3567:method:ResolveAddressMirror,PLANNED,src/devices/ethernet/eth_memory.c,ethmem_resolve_address_mirror,,,
Emulated.HW/ND/CPU/NDBUS/NDBusEthernetII.cs:3579:method:FindMemoryBank,PLANNED,src/devices/ethernet/eth_memory.c,ethmem_find_memory_bank,,,
Emulated.HW/ND/CPU/NDBUS/NDBusEthernetII.cs:3623:method:ReadMemory,PLANNED,src/devices/ethernet/eth_memory.c,ethmem_read_memory,,,
Emulated.HW/ND/CPU/NDBUS/NDBusEthernetII.cs:3696:method:WriteMemory,PLANNED,src/devices/ethernet/eth_memory.c,ethmem_write_memory,,,
Emulated.HW/ND/CPU/NDBUS/NDBusEthernetII.cs:3794:method:CaptureErrorInfo,PLANNED,src/devices/ethernet/eth_memory.c,ethmem_capture_error_info,,,
Emulated.HW/ND/CPU/NDBUS/NDBusEthernetII.cs:3818:method:GetEAREN,PLANNED,src/devices/ethernet/eth_memory.c,ethmem_get_earen,,,
Emulated.HW/ND/CPU/NDBUS/NDBusEthernetII.cs:3827:method:ClearErrorRegisters,PLANNED,src/devices/ethernet/eth_memory.c,ethmem_clear_error_registers,,,
Emulated.HW/ND/CPU/NDBUS/NDBusEthernetII.cs:3833:method:GetMemoryName,PLANNED,src/devices/ethernet/eth_memory.c,ethmem_get_memory_name,,,
Emulated.HW/ND/CPU/NDBUS/NDBusEthernetII.cs:3841:method:IsROM,PLANNED,src/devices/ethernet/eth_memory.c,ethmem_is_rom,,,
Emulated.HW/ND/CPU/NDBUS/NDBusEthernetII.cs:3852:method:ReadWord,PLANNED,src/devices/ethernet/eth_memory.c,ethmem_read_word,,,
Emulated.HW/ND/CPU/NDBUS/NDBusEthernetII.cs:3871:class:ETH_IOMem,PLANNED,src/devices/ethernet/eth_iospace.c,ETH_IOMem,,,
Emulated.HW/ND/CPU/NDBUS/NDBusEthernetII.cs:3876:delegate:NDInterrupt,PLANNED,src/devices/ethernet/eth_iospace.c,NDInterrupt,,,
Emulated.HW/ND/CPU/NDBUS/NDBusEthernetII.cs:3877:event:OnNDInterrupt,PLANNED,src/devices/ethernet/eth_iospace.c,on_nd_interrupt,,,
Emulated.HW/ND/CPU/NDBUS/NDBusEthernetII.cs:3885:field:OnScipDoorbell,PLANNED,src/devices/ethernet/eth_iospace.c,on_scip_doorbell,,,
Emulated.HW/ND/CPU/NDBUS/NDBusEthernetII.cs:3890:delegate:QueryLANCEInterrupt,PLANNED,src/devices/ethernet/eth_iospace.c,QueryLANCEInterrupt,,,
Emulated.HW/ND/CPU/NDBUS/NDBusEthernetII.cs:3891:field:GetLANCEInterruptState,PLANNED,src/devices/ethernet/eth_iospace.c,get_lance_interrupt_state,,,
Emulated.HW/ND/CPU/NDBUS/NDBusEthernetII.cs:3896:field:GetEARENValue,PLANNED,src/devices/ethernet/eth_iospace.c,get_earen_value,,,
Emulated.HW/ND/CPU/NDBUS/NDBusEthernetII.cs:3901:field:GetMERRSTATValue,PLANNED,src/devices/ethernet/eth_iospace.c,get_merrstat_value,,,
Emulated.HW/ND/CPU/NDBUS/NDBusEthernetII.cs:3907:event:OnAM9519Reset,PLANNED,src/devices/ethernet/eth_iospace.c,on_am9519_reset,,,
Emulated.HW/ND/CPU/NDBUS/NDBusEthernetII.cs:3913:field:OnLANReset,PLANNED,src/devices/ethernet/eth_iospace.c,on_lan_reset,,,
Emulated.HW/ND/CPU/NDBUS/NDBusEthernetII.cs:3918:field:MfpChip,PLANNED,src/devices/ethernet/eth_iospace.c,mfp_chip,,,
Emulated.HW/ND/CPU/NDBUS/NDBusEthernetII.cs:3924:field:WasMirroredAccess,PLANNED,src/devices/ethernet/eth_iospace.c,was_mirrored_access,,,
Emulated.HW/ND/CPU/NDBUS/NDBusEthernetII.cs:3929:event:OnTimerInterrupt,PLANNED,src/devices/ethernet/eth_iospace.c,on_timer_interrupt,,,
Emulated.HW/ND/CPU/NDBUS/NDBusEthernetII.cs:3934:field:transceiverPowerEnabled,PLANNED,src/devices/ethernet/eth_iospace.c,transceiver_power_enabled,,,
Emulated.HW/ND/CPU/NDBUS/NDBusEthernetII.cs:3941:field:timerData,PLANNED,src/devices/ethernet/eth_iospace.c,timer_data,,,
Emulated.HW/ND/CPU/NDBUS/NDBusEthernetII.cs:3946:field:timerDataIndex,PLANNED,src/devices/ethernet/eth_iospace.c,timer_data_index,,,
Emulated.HW/ND/CPU/NDBUS/NDBusEthernetII.cs:3951:field:timerCounter1,PLANNED,src/devices/ethernet/eth_iospace.c,timer_counter1,,,
Emulated.HW/ND/CPU/NDBUS/NDBusEthernetII.cs:3956:field:timerLoadReg1,PLANNED,src/devices/ethernet/eth_iospace.c,timer_load_reg1,,,
Emulated.HW/ND/CPU/NDBUS/NDBusEthernetII.cs:3961:field:timerArmed1,PLANNED,src/devices/ethernet/eth_iospace.c,timer_armed1,,,
Emulated.HW/ND/CPU/NDBUS/NDBusEthernetII.cs:3966:field:timerInterruptPending,PLANNED,src/devices/ethernet/eth_iospace.c,timer_interrupt_pending,,,
Emulated.HW/ND/CPU/NDBUS/NDBusEthernetII.cs:3972:field:timerStatus,PLANNED,src/devices/ethernet/eth_iospace.c,timer_status,,,
Emulated.HW/ND/CPU/NDBUS/NDBusEthernetII.cs:3977:field:pendingTimerDataWord,PLANNED,src/devices/ethernet/eth_iospace.c,pending_timer_data_word,,,
Emulated.HW/ND/CPU/NDBUS/NDBusEthernetII.cs:3982:field:timerDataHighByteWritten,PLANNED,src/devices/ethernet/eth_iospace.c,timer_data_high_byte_written,,,
Emulated.HW/ND/CPU/NDBUS/NDBusEthernetII.cs:3987:field:lastTimerCommand,PLANNED,src/devices/ethernet/eth_iospace.c,last_timer_command,,,
Emulated.HW/ND/CPU/NDBUS/NDBusEthernetII.cs:3992:field:timerModeReg1,PLANNED,src/devices/ethernet/eth_iospace.c,timer_mode_reg1,,,
Emulated.HW/ND/CPU/NDBUS/NDBusEthernetII.cs:3998:field:timerTick32,PLANNED,src/devices/ethernet/eth_iospace.c,timer_tick32,,,
Emulated.HW/ND/CPU/NDBUS/NDBusEthernetII.cs:4008:field:stcArmed,PLANNED,src/devices/ethernet/eth_iospace.c,stc_armed,,,
Emulated.HW/ND/CPU/NDBUS/NDBusEthernetII.cs:4019:field:stcCountdown,PLANNED,src/devices/ethernet/eth_iospace.c,stc_countdown,,,
Emulated.HW/ND/CPU/NDBUS/NDBusEthernetII.cs:4024:const:STC_PERIOD_TICKS,PLANNED,src/devices/ethernet/eth_iospace.c,ETHIO_STC_PERIOD_TICKS,,,
Emulated.HW/ND/CPU/NDBUS/NDBusEthernetII.cs:4030:field:timerConfigReg,PLANNED,src/devices/ethernet/eth_iospace.c,timer_config_reg,,,
Emulated.HW/ND/CPU/NDBUS/NDBusEthernetII.cs:4036:field:timerPrescaler,PLANNED,src/devices/ethernet/eth_iospace.c,timer_prescaler,,,
Emulated.HW/ND/CPU/NDBUS/NDBusEthernetII.cs:4042:const:TIMER_PRESCALER_DIVISOR,PLANNED,src/devices/ethernet/eth_iospace.c,ETHIO_TIMER_PRESCALER_DIVISOR,,,
Emulated.HW/ND/CPU/NDBUS/NDBusEthernetII.cs:4048:field:resetSequenceState,PLANNED,src/devices/ethernet/eth_iospace.c,reset_sequence_state,,,
Emulated.HW/ND/CPU/NDBUS/NDBusEthernetII.cs:4055:method:ResetTimerController,PLANNED,src/devices/ethernet/eth_iospace.c,ethio_reset_timer_controller,,,
Emulated.HW/ND/CPU/NDBUS/NDBusEthernetII.cs:4084:property:IsTimerInterruptPending,PLANNED,src/devices/ethernet/eth_iospace.c,is_timer_interrupt_pending,,,
Emulated.HW/ND/CPU/NDBUS/NDBusEthernetII.cs:4090:method:ClearTimerInterrupt,PLANNED,src/devices/ethernet/eth_iospace.c,ethio_clear_timer_interrupt,,,
Emulated.HW/ND/CPU/NDBUS/NDBusEthernetII.cs:4117:const:SCIP_SIDE_COUNT,PLANNED,src/devices/ethernet/eth_iospace.c,ETHIO_SCIP_SIDE_COUNT,,,
Emulated.HW/ND/CPU/NDBUS/NDBusEthernetII.cs:4118:field:_scipStatus,PLANNED,src/devices/ethernet/eth_iospace.c,scip_status,,,
Emulated.HW/ND/CPU/NDBUS/NDBusEthernetII.cs:4119:field:_scipRxData,PLANNED,src/devices/ethernet/eth_iospace.c,scip_rx_data,,,
Emulated.HW/ND/CPU/NDBUS/NDBusEthernetII.cs:4120:field:_scipRxReady,PLANNED,src/devices/ethernet/eth_iospace.c,scip_rx_ready,,,
Emulated.HW/ND/CPU/NDBUS/NDBusEthernetII.cs:4121:field:_scipCmdCount,PLANNED,src/devices/ethernet/eth_iospace.c,scip_cmd_count,,,
Emulated.HW/ND/CPU/NDBUS/NDBusEthernetII.cs:4127:event:OnSCIPChannelTx,PLANNED,src/devices/ethernet/eth_iospace.c,on_scip_channel_tx,,,
Emulated.HW/ND/CPU/NDBUS/NDBusEthernetII.cs:4129:method:ResetSCIPChannels,PLANNED,src/devices/ethernet/eth_iospace.c,ethio_reset_scip_channels,,,
Emulated.HW/ND/CPU/NDBUS/NDBusEthernetII.cs:4145:method:GetSCIPSide,PLANNED,src/devices/ethernet/eth_iospace.c,ethio_get_scip_side,,,
Emulated.HW/ND/CPU/NDBUS/NDBusEthernetII.cs:4163:method:HandleSCIPChannelAccess,PLANNED,src/devices/ethernet/eth_iospace.c,ethio_handle_scip_channel_access,,,
Emulated.HW/ND/CPU/NDBUS/NDBusEthernetII.cs:4246:ctor:ETH_IOMem,PLANNED,src/devices/ethernet/eth_iospace.c,ethio_create,,,
Emulated.HW/ND/CPU/NDBUS/NDBusEthernetII.cs:4253:method:Clock,PLANNED,src/devices/ethernet/eth_iospace.c,ethio_clock,,,
Emulated.HW/ND/CPU/NDBUS/NDBusEthernetII.cs:4298:method:Read,PLANNED,src/devices/ethernet/eth_iospace.c,ethio_read,,,
Emulated.HW/ND/CPU/NDBUS/NDBusEthernetII.cs:4303:method:Reset,PLANNED,src/devices/ethernet/eth_iospace.c,ethio_reset,,,
Emulated.HW/ND/CPU/NDBUS/NDBusEthernetII.cs:4310:method:Write,PLANNED,src/devices/ethernet/eth_iospace.c,ethio_write,,,
Emulated.HW/ND/CPU/NDBUS/NDBusEthernetII.cs:4315:method:handleIoRw,PLANNED,src/devices/ethernet/eth_iospace.c,ethio_handle_io_rw,,,
Emulated.HW/ND/CPU/NDBUS/NDBusEthernetIIDecode.cs:30:enum:EthStatusReg,NOT_PORTED,,,,"logging/diagnostic only, used to compare with the HLE card (Ronny 10-OCT-2026: not ported)",Ronny
Emulated.HW/ND/CPU/NDBUS/NDBusEthernetIIDecode.cs:33:enumvalue:None,NOT_PORTED,,,,"logging/diagnostic only, used to compare with the HLE card (Ronny 10-OCT-2026: not ported)",Ronny
Emulated.HW/ND/CPU/NDBUS/NDBusEthernetIIDecode.cs:35:enumvalue:IntEnabledOntoBus,NOT_PORTED,,,,"logging/diagnostic only, used to compare with the HLE card (Ronny 10-OCT-2026: not ported)",Ronny
Emulated.HW/ND/CPU/NDBUS/NDBusEthernetIIDecode.cs:37:enumvalue:Int12Set,NOT_PORTED,,,,"logging/diagnostic only, used to compare with the HLE card (Ronny 10-OCT-2026: not ported)",Ronny
Emulated.HW/ND/CPU/NDBUS/NDBusEthernetIIDecode.cs:39:enumvalue:ResetActive,NOT_PORTED,,,,"logging/diagnostic only, used to compare with the HLE card (Ronny 10-OCT-2026: not ported)",Ronny
Emulated.HW/ND/CPU/NDBUS/NDBusEthernetIIDecode.cs:41:enumvalue:Halt,NOT_PORTED,,,,"logging/diagnostic only, used to compare with the HLE card (Ronny 10-OCT-2026: not ported)",Ronny
Emulated.HW/ND/CPU/NDBUS/NDBusEthernetIIDecode.cs:43:enumvalue:Mem512K,NOT_PORTED,,,,"logging/diagnostic only, used to compare with the HLE card (Ronny 10-OCT-2026: not ported)",Ronny
Emulated.HW/ND/CPU/NDBUS/NDBusEthernetIIDecode.cs:50:enum:EthControlWord,NOT_PORTED,,,,"logging/diagnostic only, used to compare with the HLE card (Ronny 10-OCT-2026: not ported)",Ronny
Emulated.HW/ND/CPU/NDBUS/NDBusEthernetIIDecode.cs:53:enumvalue:None,NOT_PORTED,,,,"logging/diagnostic only, used to compare with the HLE card (Ronny 10-OCT-2026: not ported)",Ronny
Emulated.HW/ND/CPU/NDBUS/NDBusEthernetIIDecode.cs:55:enumvalue:EnableScipInt,NOT_PORTED,,,,"logging/diagnostic only, used to compare with the HLE card (Ronny 10-OCT-2026: not ported)",Ronny
Emulated.HW/ND/CPU/NDBUS/NDBusEthernetIIDecode.cs:57:enumvalue:NdInterrupt,NOT_PORTED,,,,"logging/diagnostic only, used to compare with the HLE card (Ronny 10-OCT-2026: not ported)",Ronny
Emulated.HW/ND/CPU/NDBUS/NDBusEthernetIIDecode.cs:59:enumvalue:StartOpcom,NOT_PORTED,,,,"logging/diagnostic only, used to compare with the HLE card (Ronny 10-OCT-2026: not ported)",Ronny
Emulated.HW/ND/CPU/NDBUS/NDBusEthernetIIDecode.cs:61:enumvalue:Reset,NOT_PORTED,,,,"logging/diagnostic only, used to compare with the HLE card (Ronny 10-OCT-2026: not ported)",Ronny
Emulated.HW/ND/CPU/NDBUS/NDBusEthernetIIDecode.cs:63:enumvalue:Halt,NOT_PORTED,,,,"logging/diagnostic only, used to compare with the HLE card (Ronny 10-OCT-2026: not ported)",Ronny
Emulated.HW/ND/CPU/NDBUS/NDBusEthernetIIDecode.cs:65:enumvalue:PowerLow,NOT_PORTED,,,,"logging/diagnostic only, used to compare with the HLE card (Ronny 10-OCT-2026: not ported)",Ronny
Emulated.HW/ND/CPU/NDBUS/NDBusEthernetIIDecode.cs:67:enumvalue:DisableCheckBit,NOT_PORTED,,,,"logging/diagnostic only, used to compare with the HLE card (Ronny 10-OCT-2026: not ported)",Ronny
Emulated.HW/ND/CPU/NDBUS/NDBusEthernetIIDecode.cs:75:enum:EthHwStat,NOT_PORTED,,,,"logging/diagnostic only, used to compare with the HLE card (Ronny 10-OCT-2026: not ported)",Ronny
Emulated.HW/ND/CPU/NDBUS/NDBusEthernetIIDecode.cs:78:enumvalue:None,NOT_PORTED,,,,"logging/diagnostic only, used to compare with the HLE card (Ronny 10-OCT-2026: not ported)",Ronny
Emulated.HW/ND/CPU/NDBUS/NDBusEthernetIIDecode.cs:80:enumvalue:LanInterrupt,NOT_PORTED,,,,"logging/diagnostic only, used to compare with the HLE card (Ronny 10-OCT-2026: not ported)",Ronny
Emulated.HW/ND/CPU/NDBUS/NDBusEthernetIIDecode.cs:82:enumvalue:PowerEnable,NOT_PORTED,,,,"logging/diagnostic only, used to compare with the HLE card (Ronny 10-OCT-2026: not ported)",Ronny
Emulated.HW/ND/CPU/NDBUS/NDBusEthernetIIDecode.cs:89:enum:LanceCsr0,NOT_PORTED,,,,"logging/diagnostic only, used to compare with the HLE card (Ronny 10-OCT-2026: not ported)",Ronny
Emulated.HW/ND/CPU/NDBUS/NDBusEthernetIIDecode.cs:92:enumvalue:None,NOT_PORTED,,,,"logging/diagnostic only, used to compare with the HLE card (Ronny 10-OCT-2026: not ported)",Ronny
Emulated.HW/ND/CPU/NDBUS/NDBusEthernetIIDecode.cs:94:enumvalue:Init,NOT_PORTED,,,,"logging/diagnostic only, used to compare with the HLE card (Ronny 10-OCT-2026: not ported)",Ronny
Emulated.HW/ND/CPU/NDBUS/NDBusEthernetIIDecode.cs:96:enumvalue:Strt,NOT_PORTED,,,,"logging/diagnostic only, used to compare with the HLE card (Ronny 10-OCT-2026: not ported)",Ronny
Emulated.HW/ND/CPU/NDBUS/NDBusEthernetIIDecode.cs:98:enumvalue:Stop,NOT_PORTED,,,,"logging/diagnostic only, used to compare with the HLE card (Ronny 10-OCT-2026: not ported)",Ronny
Emulated.HW/ND/CPU/NDBUS/NDBusEthernetIIDecode.cs:100:enumvalue:Tdmd,NOT_PORTED,,,,"logging/diagnostic only, used to compare with the HLE card (Ronny 10-OCT-2026: not ported)",Ronny
Emulated.HW/ND/CPU/NDBUS/NDBusEthernetIIDecode.cs:102:enumvalue:Txon,NOT_PORTED,,,,"logging/diagnostic only, used to compare with the HLE card (Ronny 10-OCT-2026: not ported)",Ronny
Emulated.HW/ND/CPU/NDBUS/NDBusEthernetIIDecode.cs:104:enumvalue:Rxon,NOT_PORTED,,,,"logging/diagnostic only, used to compare with the HLE card (Ronny 10-OCT-2026: not ported)",Ronny
Emulated.HW/ND/CPU/NDBUS/NDBusEthernetIIDecode.cs:106:enumvalue:Inea,NOT_PORTED,,,,"logging/diagnostic only, used to compare with the HLE card (Ronny 10-OCT-2026: not ported)",Ronny
Emulated.HW/ND/CPU/NDBUS/NDBusEthernetIIDecode.cs:108:enumvalue:Intr,NOT_PORTED,,,,"logging/diagnostic only, used to compare with the HLE card (Ronny 10-OCT-2026: not ported)",Ronny
Emulated.HW/ND/CPU/NDBUS/NDBusEthernetIIDecode.cs:110:enumvalue:Idon,NOT_PORTED,,,,"logging/diagnostic only, used to compare with the HLE card (Ronny 10-OCT-2026: not ported)",Ronny
Emulated.HW/ND/CPU/NDBUS/NDBusEthernetIIDecode.cs:112:enumvalue:Tint,NOT_PORTED,,,,"logging/diagnostic only, used to compare with the HLE card (Ronny 10-OCT-2026: not ported)",Ronny
Emulated.HW/ND/CPU/NDBUS/NDBusEthernetIIDecode.cs:114:enumvalue:Rint,NOT_PORTED,,,,"logging/diagnostic only, used to compare with the HLE card (Ronny 10-OCT-2026: not ported)",Ronny
Emulated.HW/ND/CPU/NDBUS/NDBusEthernetIIDecode.cs:116:enumvalue:Merr,NOT_PORTED,,,,"logging/diagnostic only, used to compare with the HLE card (Ronny 10-OCT-2026: not ported)",Ronny
Emulated.HW/ND/CPU/NDBUS/NDBusEthernetIIDecode.cs:118:enumvalue:Miss,NOT_PORTED,,,,"logging/diagnostic only, used to compare with the HLE card (Ronny 10-OCT-2026: not ported)",Ronny
Emulated.HW/ND/CPU/NDBUS/NDBusEthernetIIDecode.cs:120:enumvalue:Cerr,NOT_PORTED,,,,"logging/diagnostic only, used to compare with the HLE card (Ronny 10-OCT-2026: not ported)",Ronny
Emulated.HW/ND/CPU/NDBUS/NDBusEthernetIIDecode.cs:122:enumvalue:Babl,NOT_PORTED,,,,"logging/diagnostic only, used to compare with the HLE card (Ronny 10-OCT-2026: not ported)",Ronny
Emulated.HW/ND/CPU/NDBUS/NDBusEthernetIIDecode.cs:124:enumvalue:Err,NOT_PORTED,,,,"logging/diagnostic only, used to compare with the HLE card (Ronny 10-OCT-2026: not ported)",Ronny
Emulated.HW/ND/CPU/NDBUS/NDBusEthernetIIDecode.cs:131:enum:LanceDescFlags,NOT_PORTED,,,,"logging/diagnostic only, used to compare with the HLE card (Ronny 10-OCT-2026: not ported)",Ronny
Emulated.HW/ND/CPU/NDBUS/NDBusEthernetIIDecode.cs:134:enumvalue:None,NOT_PORTED,,,,"logging/diagnostic only, used to compare with the HLE card (Ronny 10-OCT-2026: not ported)",Ronny
Emulated.HW/ND/CPU/NDBUS/NDBusEthernetIIDecode.cs:136:enumvalue:Enp,NOT_PORTED,,,,"logging/diagnostic only, used to compare with the HLE card (Ronny 10-OCT-2026: not ported)",Ronny
Emulated.HW/ND/CPU/NDBUS/NDBusEthernetIIDecode.cs:138:enumvalue:Stp,NOT_PORTED,,,,"logging/diagnostic only, used to compare with the HLE card (Ronny 10-OCT-2026: not ported)",Ronny
Emulated.HW/ND/CPU/NDBUS/NDBusEthernetIIDecode.cs:140:enumvalue:Buff,NOT_PORTED,,,,"logging/diagnostic only, used to compare with the HLE card (Ronny 10-OCT-2026: not ported)",Ronny
Emulated.HW/ND/CPU/NDBUS/NDBusEthernetIIDecode.cs:142:enumvalue:Crc,NOT_PORTED,,,,"logging/diagnostic only, used to compare with the HLE card (Ronny 10-OCT-2026: not ported)",Ronny
Emulated.HW/ND/CPU/NDBUS/NDBusEthernetIIDecode.cs:144:enumvalue:Oflo,NOT_PORTED,,,,"logging/diagnostic only, used to compare with the HLE card (Ronny 10-OCT-2026: not ported)",Ronny
Emulated.HW/ND/CPU/NDBUS/NDBusEthernetIIDecode.cs:146:enumvalue:Fram,NOT_PORTED,,,,"logging/diagnostic only, used to compare with the HLE card (Ronny 10-OCT-2026: not ported)",Ronny
Emulated.HW/ND/CPU/NDBUS/NDBusEthernetIIDecode.cs:148:enumvalue:Err,NOT_PORTED,,,,"logging/diagnostic only, used to compare with the HLE card (Ronny 10-OCT-2026: not ported)",Ronny
Emulated.HW/ND/CPU/NDBUS/NDBusEthernetIIDecode.cs:150:enumvalue:Own,NOT_PORTED,,,,"logging/diagnostic only, used to compare with the HLE card (Ronny 10-OCT-2026: not ported)",Ronny
Emulated.HW/ND/CPU/NDBUS/NDBusEthernetIIDecode.cs:157:enum:MonitorCode,NOT_PORTED,,,,"logging/diagnostic only, used to compare with the HLE card (Ronny 10-OCT-2026: not ported)",Ronny
Emulated.HW/ND/CPU/NDBUS/NDBusEthernetIIDecode.cs:160:enumvalue:SyncWait,NOT_PORTED,,,,"logging/diagnostic only, used to compare with the HLE card (Ronny 10-OCT-2026: not ported)",Ronny
Emulated.HW/ND/CPU/NDBUS/NDBusEthernetIIDecode.cs:162:enumvalue:Ready,NOT_PORTED,,,,"logging/diagnostic only, used to compare with the HLE card (Ronny 10-OCT-2026: not ported)",Ronny
Emulated.HW/ND/CPU/NDBUS/NDBusEthernetIIDecode.cs:164:enumvalue:WarmBoot,NOT_PORTED,,,,"logging/diagnostic only, used to compare with the HLE card (Ronny 10-OCT-2026: not ported)",Ronny
Emulated.HW/ND/CPU/NDBUS/NDBusEthernetIIDecode.cs:171:class:EthDecode,NOT_PORTED,,,,"logging/diagnostic only, used to compare with the HLE card (Ronny 10-OCT-2026: not ported)",Ronny
Emulated.HW/ND/CPU/NDBUS/NDBusEthernetIIDecode.cs:180:method:DescribeStatus,NOT_PORTED,,,,"logging/diagnostic only, used to compare with the HLE card (Ronny 10-OCT-2026: not ported)",Ronny
Emulated.HW/ND/CPU/NDBUS/NDBusEthernetIIDecode.cs:189:method:DescribeControl,NOT_PORTED,,,,"logging/diagnostic only, used to compare with the HLE card (Ronny 10-OCT-2026: not ported)",Ronny
Emulated.HW/ND/CPU/NDBUS/NDBusEthernetIIDecode.cs:196:method:DescribeHwStat,NOT_PORTED,,,,"logging/diagnostic only, used to compare with the HLE card (Ronny 10-OCT-2026: not ported)",Ronny
Emulated.HW/ND/CPU/NDBUS/NDBusEthernetIIDecode.cs:205:method:DescribeCsr0,NOT_PORTED,,,,"logging/diagnostic only, used to compare with the HLE card (Ronny 10-OCT-2026: not ported)",Ronny
Emulated.HW/ND/CPU/NDBUS/NDBusEthernetIIDecode.cs:209:method:DescribeDescFlags,NOT_PORTED,,,,"logging/diagnostic only, used to compare with the HLE card (Ronny 10-OCT-2026: not ported)",Ronny
Emulated.HW/ND/CPU/NDBUS/NDBusEthernetIIDecode.cs:216:method:DescribeMonitorCode,NOT_PORTED,,,,"logging/diagnostic only, used to compare with the HLE card (Ronny 10-OCT-2026: not ported)",Ronny
Emulated.HW/ND/CPU/NDBUS/NDBusEthernetIIDecode.cs:220:case:2,NOT_PORTED,,,,"logging/diagnostic only, used to compare with the HLE card (Ronny 10-OCT-2026: not ported)",Ronny
Emulated.HW/ND/CPU/NDBUS/NDBusEthernetIIDecode.cs:221:case:3,NOT_PORTED,,,,"logging/diagnostic only, used to compare with the HLE card (Ronny 10-OCT-2026: not ported)",Ronny
Emulated.HW/ND/CPU/NDBUS/NDBusEthernetIIDecode.cs:222:case:4,NOT_PORTED,,,,"logging/diagnostic only, used to compare with the HLE card (Ronny 10-OCT-2026: not ported)",Ronny
Emulated.HW/ND/CPU/NDBUS/NDBusEthernetIIDecode.cs:223:case:default,NOT_PORTED,,,,"logging/diagnostic only, used to compare with the HLE card (Ronny 10-OCT-2026: not ported)",Ronny
Emulated.HW/ND/CPU/NDBUS/NDBusEthernetIIDecode.cs:234:method:DescribeEthernetFrame,NOT_PORTED,,,,"logging/diagnostic only, used to compare with the HLE card (Ronny 10-OCT-2026: not ported)",Ronny
Emulated.HW/ND/CPU/NDBUS/NDBusEthernetIIDecode.cs:249:method:FormatMac,NOT_PORTED,,,,"logging/diagnostic only, used to compare with the HLE card (Ronny 10-OCT-2026: not ported)",Ronny
Emulated.HW/ND/CPU/NDBUS/NDBusEthernetIIDecode.cs:265:method:EtherTypeName,NOT_PORTED,,,,"logging/diagnostic only, used to compare with the HLE card (Ronny 10-OCT-2026: not ported)",Ronny
Emulated.HW/ND/CPU/NDBUS/NDBusEthernetIIDecode.cs:269:case:0x0800,NOT_PORTED,,,,"logging/diagnostic only, used to compare with the HLE card (Ronny 10-OCT-2026: not ported)",Ronny
Emulated.HW/ND/CPU/NDBUS/NDBusEthernetIIDecode.cs:270:case:0x0806,NOT_PORTED,,,,"logging/diagnostic only, used to compare with the HLE card (Ronny 10-OCT-2026: not ported)",Ronny
Emulated.HW/ND/CPU/NDBUS/NDBusEthernetIIDecode.cs:271:case:0x8035,NOT_PORTED,,,,"logging/diagnostic only, used to compare with the HLE card (Ronny 10-OCT-2026: not ported)",Ronny
Emulated.HW/ND/CPU/NDBUS/NDBusEthernetIIDecode.cs:272:case:0x809B,NOT_PORTED,,,,"logging/diagnostic only, used to compare with the HLE card (Ronny 10-OCT-2026: not ported)",Ronny
Emulated.HW/ND/CPU/NDBUS/NDBusEthernetIIDecode.cs:273:case:0x8137,NOT_PORTED,,,,"logging/diagnostic only, used to compare with the HLE card (Ronny 10-OCT-2026: not ported)",Ronny
Emulated.HW/ND/CPU/NDBUS/NDBusEthernetIIDecode.cs:274:case:0x86DD,NOT_PORTED,,,,"logging/diagnostic only, used to compare with the HLE card (Ronny 10-OCT-2026: not ported)",Ronny
Emulated.HW/ND/CPU/NDBUS/NDBusEthernetIIDecode.cs:275:case:0x88CC,NOT_PORTED,,,,"logging/diagnostic only, used to compare with the HLE card (Ronny 10-OCT-2026: not ported)",Ronny
Emulated.HW/ND/CPU/NDBUS/NDBusEthernetIIDecode.cs:276:case:default,NOT_PORTED,,,,"logging/diagnostic only, used to compare with the HLE card (Ronny 10-OCT-2026: not ported)",Ronny
Emulated.HW/ND/CPU/NDBUS/NDBusEthernetIIDecode.cs:284:method:HexNibble,NOT_PORTED,,,,"logging/diagnostic only, used to compare with the HLE card (Ronny 10-OCT-2026: not ported)",Ronny
Emulated.HW/ND/CPU/NDBUS/NDBusEthernetIIDecode.cs:291:method:NameFlags,NOT_PORTED,,,,"logging/diagnostic only, used to compare with the HLE card (Ronny 10-OCT-2026: not ported)",Ronny
Emulated.HW/AMD/LANCE/Am7990/Am2990Lance.cs:135:enum:LANCERegisters,PLANNED,src/devices/ethernet/eth_lance.h,LANCERegisters,,,
Emulated.HW/AMD/LANCE/Am7990/Am2990Lance.cs:137:enumvalue:RegisterDataPort,PLANNED,src/devices/ethernet/eth_lance.h,LANCE_REGISTERS_REGISTER_DATA_PORT,,,
Emulated.HW/AMD/LANCE/Am7990/Am2990Lance.cs:138:enumvalue:RegisterAddressPort,PLANNED,src/devices/ethernet/eth_lance.h,LANCE_REGISTERS_REGISTER_ADDRESS_PORT,,,
Emulated.HW/AMD/LANCE/Am7990/Am2990Lance.cs:142:enum:CSRAddress,PLANNED,src/devices/ethernet/eth_lance.h,CSRAddress,,,
Emulated.HW/AMD/LANCE/Am7990/Am2990Lance.cs:144:enumvalue:CSR0,PLANNED,src/devices/ethernet/eth_lance.h,CSR_ADDRESS_CSR0,,,
Emulated.HW/AMD/LANCE/Am7990/Am2990Lance.cs:145:enumvalue:CSR1,PLANNED,src/devices/ethernet/eth_lance.h,CSR_ADDRESS_CSR1,,,
Emulated.HW/AMD/LANCE/Am7990/Am2990Lance.cs:146:enumvalue:CSR2,PLANNED,src/devices/ethernet/eth_lance.h,CSR_ADDRESS_CSR2,,,
Emulated.HW/AMD/LANCE/Am7990/Am2990Lance.cs:147:enumvalue:CSR3,PLANNED,src/devices/ethernet/eth_lance.h,CSR_ADDRESS_CSR3,,,
Emulated.HW/AMD/LANCE/Am7990/Am2990Lance.cs:154:enum:CSR0Flags,PLANNED,src/devices/ethernet/eth_lance.h,CSR0Flags,,,
Emulated.HW/AMD/LANCE/Am7990/Am2990Lance.cs:160:enumvalue:INIT,PLANNED,src/devices/ethernet/eth_lance.h,CSR0_FLAGS_INIT,,,
Emulated.HW/AMD/LANCE/Am7990/Am2990Lance.cs:165:enumvalue:STRT,PLANNED,src/devices/ethernet/eth_lance.h,CSR0_FLAGS_STRT,,,
Emulated.HW/AMD/LANCE/Am7990/Am2990Lance.cs:170:enumvalue:STOP,PLANNED,src/devices/ethernet/eth_lance.h,CSR0_FLAGS_STOP,,,
Emulated.HW/AMD/LANCE/Am7990/Am2990Lance.cs:175:enumvalue:TDMD,PLANNED,src/devices/ethernet/eth_lance.h,CSR0_FLAGS_TDMD,,,
Emulated.HW/AMD/LANCE/Am7990/Am2990Lance.cs:180:enumvalue:TXON,PLANNED,src/devices/ethernet/eth_lance.h,CSR0_FLAGS_TXON,,,
Emulated.HW/AMD/LANCE/Am7990/Am2990Lance.cs:185:enumvalue:RXON,PLANNED,src/devices/ethernet/eth_lance.h,CSR0_FLAGS_RXON,,,
Emulated.HW/AMD/LANCE/Am7990/Am2990Lance.cs:190:enumvalue:INEA,PLANNED,src/devices/ethernet/eth_lance.h,CSR0_FLAGS_INEA,,,
Emulated.HW/AMD/LANCE/Am7990/Am2990Lance.cs:195:enumvalue:INTR,PLANNED,src/devices/ethernet/eth_lance.h,CSR0_FLAGS_INTR,,,
Emulated.HW/AMD/LANCE/Am7990/Am2990Lance.cs:200:enumvalue:IDON,PLANNED,src/devices/ethernet/eth_lance.h,CSR0_FLAGS_IDON,,,
Emulated.HW/AMD/LANCE/Am7990/Am2990Lance.cs:205:enumvalue:TINT,PLANNED,src/devices/ethernet/eth_lance.h,CSR0_FLAGS_TINT,,,
Emulated.HW/AMD/LANCE/Am7990/Am2990Lance.cs:210:enumvalue:RINT,PLANNED,src/devices/ethernet/eth_lance.h,CSR0_FLAGS_RINT,,,
Emulated.HW/AMD/LANCE/Am7990/Am2990Lance.cs:215:enumvalue:MERR,PLANNED,src/devices/ethernet/eth_lance.h,CSR0_FLAGS_MERR,,,
Emulated.HW/AMD/LANCE/Am7990/Am2990Lance.cs:220:enumvalue:MISS,PLANNED,src/devices/ethernet/eth_lance.h,CSR0_FLAGS_MISS,,,
Emulated.HW/AMD/LANCE/Am7990/Am2990Lance.cs:225:enumvalue:CERR,PLANNED,src/devices/ethernet/eth_lance.h,CSR0_FLAGS_CERR,,,
Emulated.HW/AMD/LANCE/Am7990/Am2990Lance.cs:230:enumvalue:BABL,PLANNED,src/devices/ethernet/eth_lance.h,CSR0_FLAGS_BABL,,,
Emulated.HW/AMD/LANCE/Am7990/Am2990Lance.cs:235:enumvalue:ERR,PLANNED,src/devices/ethernet/eth_lance.h,CSR0_FLAGS_ERR,,,
Emulated.HW/AMD/LANCE/Am7990/Am2990Lance.cs:240:enumvalue:ANY_INTR,PLANNED,src/devices/ethernet/eth_lance.h,CSR0_FLAGS_ANY_INTR,,,
Emulated.HW/AMD/LANCE/Am7990/Am2990Lance.cs:245:enumvalue:ANY_ERR,PLANNED,src/devices/ethernet/eth_lance.h,CSR0_FLAGS_ANY_ERR,,,
Emulated.HW/AMD/LANCE/Am7990/Am2990Lance.cs:252:enum:CSR3Flags,PLANNED,src/devices/ethernet/eth_lance.h,CSR3Flags,,,
Emulated.HW/AMD/LANCE/Am7990/Am2990Lance.cs:258:enumvalue:BCON,PLANNED,src/devices/ethernet/eth_lance.h,CSR3_FLAGS_BCON,,,
Emulated.HW/AMD/LANCE/Am7990/Am2990Lance.cs:263:enumvalue:ACON,PLANNED,src/devices/ethernet/eth_lance.h,CSR3_FLAGS_ACON,,,
Emulated.HW/AMD/LANCE/Am7990/Am2990Lance.cs:268:enumvalue:BSWP,PLANNED,src/devices/ethernet/eth_lance.h,CSR3_FLAGS_BSWP,,,
Emulated.HW/AMD/LANCE/Am7990/Am2990Lance.cs:273:enumvalue:IDONM,PLANNED,src/devices/ethernet/eth_lance.h,CSR3_FLAGS_IDONM,,,
Emulated.HW/AMD/LANCE/Am7990/Am2990Lance.cs:278:enumvalue:TINTM,PLANNED,src/devices/ethernet/eth_lance.h,CSR3_FLAGS_TINTM,,,
Emulated.HW/AMD/LANCE/Am7990/Am2990Lance.cs:283:enumvalue:RINTM,PLANNED,src/devices/ethernet/eth_lance.h,CSR3_FLAGS_RINTM,,,
Emulated.HW/AMD/LANCE/Am7990/Am2990Lance.cs:288:enumvalue:MERRM,PLANNED,src/devices/ethernet/eth_lance.h,CSR3_FLAGS_MERRM,,,
Emulated.HW/AMD/LANCE/Am7990/Am2990Lance.cs:293:enumvalue:MISSM,PLANNED,src/devices/ethernet/eth_lance.h,CSR3_FLAGS_MISSM,,,
Emulated.HW/AMD/LANCE/Am7990/Am2990Lance.cs:298:enumvalue:CERRM,PLANNED,src/devices/ethernet/eth_lance.h,CSR3_FLAGS_CERRM,,,
Emulated.HW/AMD/LANCE/Am7990/Am2990Lance.cs:303:enumvalue:BABLM,PLANNED,src/devices/ethernet/eth_lance.h,CSR3_FLAGS_BABLM,,,
Emulated.HW/AMD/LANCE/Am7990/Am2990Lance.cs:308:enumvalue:MASK,PLANNED,src/devices/ethernet/eth_lance.h,CSR3_FLAGS_MASK,,,
Emulated.HW/AMD/LANCE/Am7990/Am2990Lance.cs:315:enum:ModeFlags,PLANNED,src/devices/ethernet/eth_lance.h,ModeFlags,,,
Emulated.HW/AMD/LANCE/Am7990/Am2990Lance.cs:321:enumvalue:DRX,PLANNED,src/devices/ethernet/eth_lance.h,MODE_FLAGS_DRX,,,
Emulated.HW/AMD/LANCE/Am7990/Am2990Lance.cs:326:enumvalue:DTX,PLANNED,src/devices/ethernet/eth_lance.h,MODE_FLAGS_DTX,,,
Emulated.HW/AMD/LANCE/Am7990/Am2990Lance.cs:331:enumvalue:LOOP,PLANNED,src/devices/ethernet/eth_lance.h,MODE_FLAGS_LOOP,,,
Emulated.HW/AMD/LANCE/Am7990/Am2990Lance.cs:336:enumvalue:DTCR,PLANNED,src/devices/ethernet/eth_lance.h,MODE_FLAGS_DTCR,,,
Emulated.HW/AMD/LANCE/Am7990/Am2990Lance.cs:341:enumvalue:COLL,PLANNED,src/devices/ethernet/eth_lance.h,MODE_FLAGS_COLL,,,
Emulated.HW/AMD/LANCE/Am7990/Am2990Lance.cs:346:enumvalue:DRTY,PLANNED,src/devices/ethernet/eth_lance.h,MODE_FLAGS_DRTY,,,
Emulated.HW/AMD/LANCE/Am7990/Am2990Lance.cs:351:enumvalue:INTL,PLANNED,src/devices/ethernet/eth_lance.h,MODE_FLAGS_INTL,,,
Emulated.HW/AMD/LANCE/Am7990/Am2990Lance.cs:356:enumvalue:EMBA,PLANNED,src/devices/ethernet/eth_lance.h,MODE_FLAGS_EMBA,,,
Emulated.HW/AMD/LANCE/Am7990/Am2990Lance.cs:361:enumvalue:PROM,PLANNED,src/devices/ethernet/eth_lance.h,MODE_FLAGS_PROM,,,
Emulated.HW/AMD/LANCE/Am7990/Am2990Lance.cs:368:enum:TMD1Flags,PLANNED,src/devices/ethernet/eth_lance.h,TMD1Flags,,,
Emulated.HW/AMD/LANCE/Am7990/Am2990Lance.cs:374:enumvalue:HADR,PLANNED,src/devices/ethernet/eth_lance.h,TMD1_FLAGS_HADR,,,
Emulated.HW/AMD/LANCE/Am7990/Am2990Lance.cs:379:enumvalue:ENP,PLANNED,src/devices/ethernet/eth_lance.h,TMD1_FLAGS_ENP,,,
Emulated.HW/AMD/LANCE/Am7990/Am2990Lance.cs:384:enumvalue:STP,PLANNED,src/devices/ethernet/eth_lance.h,TMD1_FLAGS_STP,,,
Emulated.HW/AMD/LANCE/Am7990/Am2990Lance.cs:389:enumvalue:DEF,PLANNED,src/devices/ethernet/eth_lance.h,TMD1_FLAGS_DEF,,,
Emulated.HW/AMD/LANCE/Am7990/Am2990Lance.cs:394:enumvalue:ONE,PLANNED,src/devices/ethernet/eth_lance.h,TMD1_FLAGS_ONE,,,
Emulated.HW/AMD/LANCE/Am7990/Am2990Lance.cs:399:enumvalue:MORE,PLANNED,src/devices/ethernet/eth_lance.h,TMD1_FLAGS_MORE,,,
Emulated.HW/AMD/LANCE/Am7990/Am2990Lance.cs:404:enumvalue:ADD_FCS,PLANNED,src/devices/ethernet/eth_lance.h,TMD1_FLAGS_ADD_FCS,,,
Emulated.HW/AMD/LANCE/Am7990/Am2990Lance.cs:409:enumvalue:ERR,PLANNED,src/devices/ethernet/eth_lance.h,TMD1_FLAGS_ERR,,,
Emulated.HW/AMD/LANCE/Am7990/Am2990Lance.cs:414:enumvalue:OWN,PLANNED,src/devices/ethernet/eth_lance.h,TMD1_FLAGS_OWN,,,
Emulated.HW/AMD/LANCE/Am7990/Am2990Lance.cs:421:enum:TMD3Flags,PLANNED,src/devices/ethernet/eth_lance.h,TMD3Flags,,,
Emulated.HW/AMD/LANCE/Am7990/Am2990Lance.cs:427:enumvalue:TDR,PLANNED,src/devices/ethernet/eth_lance.h,TMD3_FLAGS_TDR,,,
Emulated.HW/AMD/LANCE/Am7990/Am2990Lance.cs:432:enumvalue:RTRY,PLANNED,src/devices/ethernet/eth_lance.h,TMD3_FLAGS_RTRY,,,
Emulated.HW/AMD/LANCE/Am7990/Am2990Lance.cs:437:enumvalue:LCAR,PLANNED,src/devices/ethernet/eth_lance.h,TMD3_FLAGS_LCAR,,,
Emulated.HW/AMD/LANCE/Am7990/Am2990Lance.cs:442:enumvalue:LCOL,PLANNED,src/devices/ethernet/eth_lance.h,TMD3_FLAGS_LCOL,,,
Emulated.HW/AMD/LANCE/Am7990/Am2990Lance.cs:447:enumvalue:UFLO,PLANNED,src/devices/ethernet/eth_lance.h,TMD3_FLAGS_UFLO,,,
Emulated.HW/AMD/LANCE/Am7990/Am2990Lance.cs:452:enumvalue:BUFF,PLANNED,src/devices/ethernet/eth_lance.h,TMD3_FLAGS_BUFF,,,
Emulated.HW/AMD/LANCE/Am7990/Am2990Lance.cs:459:enum:RMD1Flags,PLANNED,src/devices/ethernet/eth_lance.h,RMD1Flags,,,
Emulated.HW/AMD/LANCE/Am7990/Am2990Lance.cs:465:enumvalue:HADR,PLANNED,src/devices/ethernet/eth_lance.h,RMD1_FLAGS_HADR,,,
Emulated.HW/AMD/LANCE/Am7990/Am2990Lance.cs:470:enumvalue:ENP,PLANNED,src/devices/ethernet/eth_lance.h,RMD1_FLAGS_ENP,,,
Emulated.HW/AMD/LANCE/Am7990/Am2990Lance.cs:475:enumvalue:STP,PLANNED,src/devices/ethernet/eth_lance.h,RMD1_FLAGS_STP,,,
Emulated.HW/AMD/LANCE/Am7990/Am2990Lance.cs:480:enumvalue:BUFF,PLANNED,src/devices/ethernet/eth_lance.h,RMD1_FLAGS_BUFF,,,
Emulated.HW/AMD/LANCE/Am7990/Am2990Lance.cs:485:enumvalue:CRC,PLANNED,src/devices/ethernet/eth_lance.h,RMD1_FLAGS_CRC,,,
Emulated.HW/AMD/LANCE/Am7990/Am2990Lance.cs:490:enumvalue:OFLO,PLANNED,src/devices/ethernet/eth_lance.h,RMD1_FLAGS_OFLO,,,
Emulated.HW/AMD/LANCE/Am7990/Am2990Lance.cs:495:enumvalue:FRAM,PLANNED,src/devices/ethernet/eth_lance.h,RMD1_FLAGS_FRAM,,,
Emulated.HW/AMD/LANCE/Am7990/Am2990Lance.cs:500:enumvalue:ERR,PLANNED,src/devices/ethernet/eth_lance.h,RMD1_FLAGS_ERR,,,
Emulated.HW/AMD/LANCE/Am7990/Am2990Lance.cs:505:enumvalue:OWN,PLANNED,src/devices/ethernet/eth_lance.h,RMD1_FLAGS_OWN,,,
Emulated.HW/AMD/LANCE/Am7990/Am2990Lance.cs:511:enum:RMD3Flags,PLANNED,src/devices/ethernet/eth_lance.h,RMD3Flags,,,
Emulated.HW/AMD/LANCE/Am7990/Am2990Lance.cs:516:enumvalue:MCNT,PLANNED,src/devices/ethernet/eth_lance.h,RMD3_FLAGS_MCNT,,,
Emulated.HW/AMD/LANCE/Am7990/Am2990Lance.cs:519:class:Am7990Lance,PLANNED,src/devices/ethernet/eth_lance.c,Am7990Lance,,,
Emulated.HW/AMD/LANCE/Am7990/Am2990Lance.cs:533:property:SwapByteLanes,PLANNED,src/devices/ethernet/eth_lance.c,swap_byte_lanes,,,
Emulated.HW/AMD/LANCE/Am7990/Am2990Lance.cs:536:field:rap,PLANNED,src/devices/ethernet/eth_lance.c,rap,,,
Emulated.HW/AMD/LANCE/Am7990/Am2990Lance.cs:537:field:csr,PLANNED,src/devices/ethernet/eth_lance.c,csr,,,
Emulated.HW/AMD/LANCE/Am7990/Am2990Lance.cs:540:field:rdpLatchLo,PLANNED,src/devices/ethernet/eth_lance.c,rdp_latch_lo,,,
Emulated.HW/AMD/LANCE/Am7990/Am2990Lance.cs:541:field:rapLatchLo,PLANNED,src/devices/ethernet/eth_lance.c,rap_latch_lo,,,
Emulated.HW/AMD/LANCE/Am7990/Am2990Lance.cs:542:field:rdpLatchValid,PLANNED,src/devices/ethernet/eth_lance.c,rdp_latch_valid,,,
Emulated.HW/AMD/LANCE/Am7990/Am2990Lance.cs:543:field:rapLatchValid,PLANNED,src/devices/ethernet/eth_lance.c,rap_latch_valid,,,
Emulated.HW/AMD/LANCE/Am7990/Am2990Lance.cs:546:property:RegisterDataPort,PLANNED,src/devices/ethernet/eth_lance.c,register_data_port,,,
Emulated.HW/AMD/LANCE/Am7990/Am2990Lance.cs:549:property:RegisterAddressPointer,PLANNED,src/devices/ethernet/eth_lance.c,register_address_pointer,,,
Emulated.HW/AMD/LANCE/Am7990/Am2990Lance.cs:552:property:CSR0,PLANNED,src/devices/ethernet/eth_lance.c,csr0,,,
Emulated.HW/AMD/LANCE/Am7990/Am2990Lance.cs:571:property:CSR1,PLANNED,src/devices/ethernet/eth_lance.c,csr1,,,
Emulated.HW/AMD/LANCE/Am7990/Am2990Lance.cs:574:property:CSR2,PLANNED,src/devices/ethernet/eth_lance.c,csr2,,,
Emulated.HW/AMD/LANCE/Am7990/Am2990Lance.cs:577:property:CSR3,PLANNED,src/devices/ethernet/eth_lance.c,csr3,,,
Emulated.HW/AMD/LANCE/Am7990/Am2990Lance.cs:590:field:initBlockAddress,PLANNED,src/devices/ethernet/eth_lance.c,init_block_address,,,
Emulated.HW/AMD/LANCE/Am7990/Am2990Lance.cs:591:field:initialized,PLANNED,src/devices/ethernet/eth_lance.c,initialized,,,
Emulated.HW/AMD/LANCE/Am7990/Am2990Lance.cs:594:field:mode,PLANNED,src/devices/ethernet/eth_lance.c,mode,,,
Emulated.HW/AMD/LANCE/Am7990/Am2990Lance.cs:595:field:logicalAddressFilter,PLANNED,src/devices/ethernet/eth_lance.c,logical_address_filter,,,
Emulated.HW/AMD/LANCE/Am7990/Am2990Lance.cs:596:field:physicalAddress,PLANNED,src/devices/ethernet/eth_lance.c,physical_address,,,
Emulated.HW/AMD/LANCE/Am7990/Am2990Lance.cs:599:field:rxRingBase,PLANNED,src/devices/ethernet/eth_lance.c,rx_ring_base,,,
Emulated.HW/AMD/LANCE/Am7990/Am2990Lance.cs:600:field:rxRingMask,PLANNED,src/devices/ethernet/eth_lance.c,rx_ring_mask,,,
Emulated.HW/AMD/LANCE/Am7990/Am2990Lance.cs:601:field:rxRingPos,PLANNED,src/devices/ethernet/eth_lance.c,rx_ring_pos,,,
Emulated.HW/AMD/LANCE/Am7990/Am2990Lance.cs:602:field:rxMd,PLANNED,src/devices/ethernet/eth_lance.c,rx_md,,,
Emulated.HW/AMD/LANCE/Am7990/Am2990Lance.cs:605:field:txRingBase,PLANNED,src/devices/ethernet/eth_lance.c,tx_ring_base,,,
Emulated.HW/AMD/LANCE/Am7990/Am2990Lance.cs:606:field:txRingMask,PLANNED,src/devices/ethernet/eth_lance.c,tx_ring_mask,,,
Emulated.HW/AMD/LANCE/Am7990/Am2990Lance.cs:607:field:txRingPos,PLANNED,src/devices/ethernet/eth_lance.c,tx_ring_pos,,,
Emulated.HW/AMD/LANCE/Am7990/Am2990Lance.cs:608:field:txMd,PLANNED,src/devices/ethernet/eth_lance.c,tx_md,,,
Emulated.HW/AMD/LANCE/Am7990/Am2990Lance.cs:611:field:loopbackBuffer,PLANNED,src/devices/ethernet/eth_lance.c,loopback_buffer,,,
Emulated.HW/AMD/LANCE/Am7990/Am2990Lance.cs:612:field:loopbackLength,PLANNED,src/devices/ethernet/eth_lance.c,loopback_length,,,
Emulated.HW/AMD/LANCE/Am7990/Am2990Lance.cs:613:field:_inLoopbackReceive,PLANNED,src/devices/ethernet/eth_lance.c,in_loopback_receive,,,
Emulated.HW/AMD/LANCE/Am7990/Am2990Lance.cs:616:field:packetBuffer,PLANNED,src/devices/ethernet/eth_lance.c,packet_buffer,,,
Emulated.HW/AMD/LANCE/Am7990/Am2990Lance.cs:619:field:receiverEnabled,PLANNED,src/devices/ethernet/eth_lance.c,receiver_enabled,,,
Emulated.HW/AMD/LANCE/Am7990/Am2990Lance.cs:620:field:transmitterEnabled,PLANNED,src/devices/ethernet/eth_lance.c,transmitter_enabled,,,
Emulated.HW/AMD/LANCE/Am7990/Am2990Lance.cs:621:field:_txPollPending,PLANNED,src/devices/ethernet/eth_lance.c,tx_poll_pending,,,
Emulated.HW/AMD/LANCE/Am7990/Am2990Lance.cs:625:field:_rxQueueLock,PLANNED,src/devices/ethernet/eth_lance.c,rx_queue_lock,,,
Emulated.HW/AMD/LANCE/Am7990/Am2990Lance.cs:626:field:_rxQueue,PLANNED,src/devices/ethernet/eth_lance.c,rx_queue,,,
Emulated.HW/AMD/LANCE/Am7990/Am2990Lance.cs:627:field:_rxQueueLengths,PLANNED,src/devices/ethernet/eth_lance.c,rx_queue_lengths,,,
Emulated.HW/AMD/LANCE/Am7990/Am2990Lance.cs:628:field:_rxQueueHead,PLANNED,src/devices/ethernet/eth_lance.c,rx_queue_head,,,
Emulated.HW/AMD/LANCE/Am7990/Am2990Lance.cs:629:field:_rxQueueTail,PLANNED,src/devices/ethernet/eth_lance.c,rx_queue_tail,,,
Emulated.HW/AMD/LANCE/Am7990/Am2990Lance.cs:630:field:_rxQueueCount,PLANNED,src/devices/ethernet/eth_lance.c,rx_queue_count,,,
Emulated.HW/AMD/LANCE/Am7990/Am2990Lance.cs:633:field:_irqAsserted,PLANNED,src/devices/ethernet/eth_lance.c,irq_asserted,,,
Emulated.HW/AMD/LANCE/Am7990/Am2990Lance.cs:634:delegate:LANCEInterrupt,PLANNED,src/devices/ethernet/eth_lance.c,LANCEInterrupt,,,
Emulated.HW/AMD/LANCE/Am7990/Am2990Lance.cs:635:event:OnLANCEIRQ,PLANNED,src/devices/ethernet/eth_lance.c,on_lanceirq,,,
Emulated.HW/AMD/LANCE/Am7990/Am2990Lance.cs:641:property:IsInterruptActive,PLANNED,src/devices/ethernet/eth_lance.c,is_interrupt_active,,,
Emulated.HW/AMD/LANCE/Am7990/Am2990Lance.cs:650:method:GetPhysicalAddress,PLANNED,src/devices/ethernet/eth_lance.c,lance_get_physical_address,,,
Emulated.HW/AMD/LANCE/Am7990/Am2990Lance.cs:658:delegate:PacketTransmitDelegate,PLANNED,src/devices/ethernet/eth_lance.c,PacketTransmitDelegate,,,
Emulated.HW/AMD/LANCE/Am7990/Am2990Lance.cs:659:event:OnPacketTransmit,PLANNED,src/devices/ethernet/eth_lance.c,on_packet_transmit,,,
Emulated.HW/AMD/LANCE/Am7990/Am2990Lance.cs:664:delegate:PacketReceiveDelegate,PLANNED,src/devices/ethernet/eth_lance.c,PacketReceiveDelegate,,,
Emulated.HW/AMD/LANCE/Am7990/Am2990Lance.cs:665:event:OnPacketReceive,PLANNED,src/devices/ethernet/eth_lance.c,on_packet_receive,,,
Emulated.HW/AMD/LANCE/Am7990/Am2990Lance.cs:668:delegate:DmaReadCallback,PLANNED,src/devices/ethernet/eth_lance.c,DmaReadCallback,,,
Emulated.HW/AMD/LANCE/Am7990/Am2990Lance.cs:669:delegate:DmaWriteCallback,PLANNED,src/devices/ethernet/eth_lance.c,DmaWriteCallback,,,
Emulated.HW/AMD/LANCE/Am7990/Am2990Lance.cs:670:property:DmaIn,PLANNED,src/devices/ethernet/eth_lance.c,dma_in,,,
Emulated.HW/AMD/LANCE/Am7990/Am2990Lance.cs:671:property:DmaOut,PLANNED,src/devices/ethernet/eth_lance.c,dma_out,,,
Emulated.HW/AMD/LANCE/Am7990/Am2990Lance.cs:674:delegate:ReadMemoryDelegate,PLANNED,src/devices/ethernet/eth_lance.c,ReadMemoryDelegate,,,
Emulated.HW/AMD/LANCE/Am7990/Am2990Lance.cs:675:delegate:WriteMemoryDelegate,PLANNED,src/devices/ethernet/eth_lance.c,WriteMemoryDelegate,,,
Emulated.HW/AMD/LANCE/Am7990/Am2990Lance.cs:676:field:ReadMemory,PLANNED,src/devices/ethernet/eth_lance.c,read_memory,,,
Emulated.HW/AMD/LANCE/Am7990/Am2990Lance.cs:677:field:WriteMemory,PLANNED,src/devices/ethernet/eth_lance.c,write_memory,,,
Emulated.HW/AMD/LANCE/Am7990/Am2990Lance.cs:679:ctor:Am7990Lance,PLANNED,src/devices/ethernet/eth_lance.c,lance_create,,,
Emulated.HW/AMD/LANCE/Am7990/Am2990Lance.cs:684:method:Reset,PLANNED,src/devices/ethernet/eth_lance.c,lance_reset,,,
Emulated.HW/AMD/LANCE/Am7990/Am2990Lance.cs:741:method:Read,PLANNED,src/devices/ethernet/eth_lance.c,lance_read,,,
Emulated.HW/AMD/LANCE/Am7990/Am2990Lance.cs:755:case:LANCERegisters.RegisterDataPort,PLANNED,src/devices/ethernet/eth_lance.c,lance_read,,,
Emulated.HW/AMD/LANCE/Am7990/Am2990Lance.cs:760:case:LANCERegisters.RegisterAddressPort,PLANNED,src/devices/ethernet/eth_lance.c,lance_read,,,
Emulated.HW/AMD/LANCE/Am7990/Am2990Lance.cs:765:case:default,PLANNED,src/devices/ethernet/eth_lance.c,lance_read,,,
Emulated.HW/AMD/LANCE/Am7990/Am2990Lance.cs:780:method:Write,PLANNED,src/devices/ethernet/eth_lance.c,lance_write,,,
Emulated.HW/AMD/LANCE/Am7990/Am2990Lance.cs:797:case:LANCERegisters.RegisterDataPort,PLANNED,src/devices/ethernet/eth_lance.c,lance_write,,,
Emulated.HW/AMD/LANCE/Am7990/Am2990Lance.cs:802:case:LANCERegisters.RegisterAddressPort,PLANNED,src/devices/ethernet/eth_lance.c,lance_write,,,
Emulated.HW/AMD/LANCE/Am7990/Am2990Lance.cs:814:case:LANCERegisters.RegisterDataPort,PLANNED,src/devices/ethernet/eth_lance.c,lance_write,,,
Emulated.HW/AMD/LANCE/Am7990/Am2990Lance.cs:826:case:LANCERegisters.RegisterAddressPort,PLANNED,src/devices/ethernet/eth_lance.c,lance_write,,,
Emulated.HW/AMD/LANCE/Am7990/Am2990Lance.cs:835:case:default,PLANNED,src/devices/ethernet/eth_lance.c,lance_write,,,
Emulated.HW/AMD/LANCE/Am7990/Am2990Lance.cs:849:method:ReadDebug,PLANNED,src/devices/ethernet/eth_lance.c,lance_read_debug,,,
Emulated.HW/AMD/LANCE/Am7990/Am2990Lance.cs:864:case:LANCERegisters.RegisterDataPort,PLANNED,src/devices/ethernet/eth_lance.c,lance_read_debug,,,
Emulated.HW/AMD/LANCE/Am7990/Am2990Lance.cs:870:case:LANCERegisters.RegisterAddressPort,PLANNED,src/devices/ethernet/eth_lance.c,lance_read_debug,,,
Emulated.HW/AMD/LANCE/Am7990/Am2990Lance.cs:893:method:ReadCSR,PLANNED,src/devices/ethernet/eth_lance.c,lance_read_csr,,,
Emulated.HW/AMD/LANCE/Am7990/Am2990Lance.cs:902:method:WriteCSR,PLANNED,src/devices/ethernet/eth_lance.c,lance_write_csr,,,
Emulated.HW/AMD/LANCE/Am7990/Am2990Lance.cs:909:case:0,PLANNED,src/devices/ethernet/eth_lance.c,lance_write_csr,,,
Emulated.HW/AMD/LANCE/Am7990/Am2990Lance.cs:913:case:1,PLANNED,src/devices/ethernet/eth_lance.c,lance_write_csr,,,
Emulated.HW/AMD/LANCE/Am7990/Am2990Lance.cs:923:case:2,PLANNED,src/devices/ethernet/eth_lance.c,lance_write_csr,,,
Emulated.HW/AMD/LANCE/Am7990/Am2990Lance.cs:933:case:3,PLANNED,src/devices/ethernet/eth_lance.c,lance_write_csr,,,
Emulated.HW/AMD/LANCE/Am7990/Am2990Lance.cs:945:method:WriteCSR0,PLANNED,src/devices/ethernet/eth_lance.c,lance_write_csr0,,,
Emulated.HW/AMD/LANCE/Am7990/Am2990Lance.cs:1018:method:ExecuteInitialize,PLANNED,src/devices/ethernet/eth_lance.c,lance_execute_initialize,,,
Emulated.HW/AMD/LANCE/Am7990/Am2990Lance.cs:1083:method:ExecuteStart,PLANNED,src/devices/ethernet/eth_lance.c,lance_execute_start,,,
Emulated.HW/AMD/LANCE/Am7990/Am2990Lance.cs:1123:method:ExecuteStop,PLANNED,src/devices/ethernet/eth_lance.c,lance_execute_stop,,,
Emulated.HW/AMD/LANCE/Am7990/Am2990Lance.cs:1134:method:ExecuteTransmitDemand,PLANNED,src/devices/ethernet/eth_lance.c,lance_execute_transmit_demand,,,
Emulated.HW/AMD/LANCE/Am7990/Am2990Lance.cs:1143:method:TransmitPoll,PLANNED,src/devices/ethernet/eth_lance.c,lance_transmit_poll,,,
Emulated.HW/AMD/LANCE/Am7990/Am2990Lance.cs:1200:method:Transmit,PLANNED,src/devices/ethernet/eth_lance.c,lance_transmit,,,
Emulated.HW/AMD/LANCE/Am7990/Am2990Lance.cs:1345:method:TransmitComplete,PLANNED,src/devices/ethernet/eth_lance.c,lance_transmit_complete,,,
Emulated.HW/AMD/LANCE/Am7990/Am2990Lance.cs:1355:case:-2,PLANNED,src/devices/ethernet/eth_lance.c,lance_transmit_complete,,,
Emulated.HW/AMD/LANCE/Am7990/Am2990Lance.cs:1359:case:-1,PLANNED,src/devices/ethernet/eth_lance.c,lance_transmit_complete,,,
Emulated.HW/AMD/LANCE/Am7990/Am2990Lance.cs:1365:case:0,PLANNED,src/devices/ethernet/eth_lance.c,lance_transmit_complete,,,
Emulated.HW/AMD/LANCE/Am7990/Am2990Lance.cs:1393:method:ReceivePacket,PLANNED,src/devices/ethernet/eth_lance.c,lance_receive_packet,,,
Emulated.HW/AMD/LANCE/Am7990/Am2990Lance.cs:1515:property:RxAccepted,PLANNED,src/devices/ethernet/eth_lance.c,rx_accepted,,,
Emulated.HW/AMD/LANCE/Am7990/Am2990Lance.cs:1517:property:RxFiltered,PLANNED,src/devices/ethernet/eth_lance.c,rx_filtered,,,
Emulated.HW/AMD/LANCE/Am7990/Am2990Lance.cs:1519:property:RxMissed,PLANNED,src/devices/ethernet/eth_lance.c,rx_missed,,,
Emulated.HW/AMD/LANCE/Am7990/Am2990Lance.cs:1521:property:RxDroppedRxOff,PLANNED,src/devices/ethernet/eth_lance.c,rx_dropped_rx_off,,,
Emulated.HW/AMD/LANCE/Am7990/Am2990Lance.cs:1526:method:ReceiveComplete,PLANNED,src/devices/ethernet/eth_lance.c,lance_receive_complete,,,
Emulated.HW/AMD/LANCE/Am7990/Am2990Lance.cs:1567:method:AddressFilter,PLANNED,src/devices/ethernet/eth_lance.c,lance_address_filter,,,
Emulated.HW/AMD/LANCE/Am7990/Am2990Lance.cs:1601:method:SetReceiveInterrupt,PLANNED,src/devices/ethernet/eth_lance.c,lance_set_receive_interrupt,,,
Emulated.HW/AMD/LANCE/Am7990/Am2990Lance.cs:1607:method:SetTransmitInterrupt,PLANNED,src/devices/ethernet/eth_lance.c,lance_set_transmit_interrupt,,,
Emulated.HW/AMD/LANCE/Am7990/Am2990Lance.cs:1613:method:SetMemoryError,PLANNED,src/devices/ethernet/eth_lance.c,lance_set_memory_error,,,
Emulated.HW/AMD/LANCE/Am7990/Am2990Lance.cs:1619:method:CheckInterrupts,PLANNED,src/devices/ethernet/eth_lance.c,lance_check_interrupts,,,
Emulated.HW/AMD/LANCE/Am7990/Am2990Lance.cs:1668:method:SimulatePacketReceived,PLANNED,src/devices/ethernet/eth_lance.c,lance_simulate_packet_received,,,
Emulated.HW/AMD/LANCE/Am7990/Am2990Lance.cs:1677:method:SimulateMemoryError,PLANNED,src/devices/ethernet/eth_lance.c,lance_simulate_memory_error,,,
Emulated.HW/AMD/LANCE/Am7990/Am2990Lance.cs:1684:method:ProcessNetworkTest,PLANNED,src/devices/ethernet/eth_lance.c,lance_process_network_test,,,
Emulated.HW/AMD/LANCE/Am7990/Am2990Lance.cs:1690:case:1,PLANNED,src/devices/ethernet/eth_lance.c,lance_process_network_test,,,
Emulated.HW/AMD/LANCE/Am7990/Am2990Lance.cs:1693:case:5,PLANNED,src/devices/ethernet/eth_lance.c,lance_process_network_test,,,
Emulated.HW/AMD/LANCE/Am7990/Am2990Lance.cs:1696:case:6,PLANNED,src/devices/ethernet/eth_lance.c,lance_process_network_test,,,
Emulated.HW/AMD/LANCE/Am7990/Am2990Lance.cs:1699:case:7,PLANNED,src/devices/ethernet/eth_lance.c,lance_process_network_test,,,
Emulated.HW/AMD/LANCE/Am7990/Am2990Lance.cs:1705:method:ExecuteLoopbackTest,PLANNED,src/devices/ethernet/eth_lance.c,lance_execute_loopback_test,,,
Emulated.HW/AMD/LANCE/Am7990/Am2990Lance.cs:1712:method:ExecuteReceiveTest,PLANNED,src/devices/ethernet/eth_lance.c,lance_execute_receive_test,,,
Emulated.HW/AMD/LANCE/Am7990/Am2990Lance.cs:1718:method:ExecuteTransmitTest,PLANNED,src/devices/ethernet/eth_lance.c,lance_execute_transmit_test,,,
Emulated.HW/AMD/LANCE/Am7990/Am2990Lance.cs:1724:method:ExecuteFullDuplexTest,PLANNED,src/devices/ethernet/eth_lance.c,lance_execute_full_duplex_test,,,
Emulated.HW/AMD/LANCE/Am7990/Am2990Lance.cs:1736:method:EnqueueReceivedPacket,PLANNED,src/devices/ethernet/eth_lance.c,lance_enqueue_received_packet,,,
Emulated.HW/AMD/LANCE/Am7990/Am2990Lance.cs:1756:method:Clock,PLANNED,src/devices/ethernet/eth_lance.c,lance_clock,,,
Emulated.HW/AMD/LANCE/Am7990/Am2990Lance.cs:1789:method:ClearInterrupt,PLANNED,src/devices/ethernet/eth_lance.c,lance_clear_interrupt,,,
Emulated.HW/AMD/LANCE/Am7990/Am2990Lance.cs:1799:method:DmaReadBuffer,PLANNED,src/devices/ethernet/eth_lance.c,lance_dma_read_buffer,,,
Emulated.HW/AMD/LANCE/Am7990/Am2990Lance.cs:1845:method:DmaWriteBuffer,PLANNED,src/devices/ethernet/eth_lance.c,lance_dma_write_buffer,,,
Emulated.HW/AMD/LANCE/Am7990/Am2990Lance.cs:1888:method:GetBufferLength,PLANNED,src/devices/ethernet/eth_lance.c,lance_get_buffer_length,,,
Emulated.HW/AMD/LANCE/Am7990/Am2990Lance.cs:1898:class:Crc32,PLANNED,src/devices/ethernet/eth_lance.c,Crc32,,,
Emulated.HW/AMD/LANCE/Am7990/Am2990Lance.cs:1900:field:Table,PLANNED,src/devices/ethernet/eth_lance.c,table,,,
Emulated.HW/AMD/LANCE/Am7990/Am2990Lance.cs:1902:method:BuildTable,PLANNED,src/devices/ethernet/eth_lance.c,lance_build_table,,,
Emulated.HW/AMD/LANCE/Am7990/Am2990Lance.cs:1915:method:Calculate,PLANNED,src/devices/ethernet/eth_lance.c,lance_calculate,,,
Emulated.HW/AMD/LANCE/Am7990/Am2990Lance.cs:1925:const:FCS_RESIDUE,PLANNED,src/devices/ethernet/eth_lance.c,LANCE_FCS_RESIDUE,,,
Emulated.HW/AMD/LANCE/Am7990/Enums.cs:12:class:Enums,PLANNED,src/devices/ethernet/eth_lance.h,Enums,,,
Emulated.HW/AMD/LANCE/Am7990/Enums.cs:15:enum:LANCERegisters,PLANNED,src/devices/ethernet/eth_lance.h,LANCERegisters,,,
Emulated.HW/AMD/LANCE/Am7990/Enums.cs:17:enumvalue:RegisterDataPort,PLANNED,src/devices/ethernet/eth_lance.h,LANCE_REGISTERS_REGISTER_DATA_PORT,,,
Emulated.HW/AMD/LANCE/Am7990/Enums.cs:18:enumvalue:RegisterAddressPort,PLANNED,src/devices/ethernet/eth_lance.h,LANCE_REGISTERS_REGISTER_ADDRESS_PORT,,,
Emulated.HW/AMD/LANCE/Am7990/Enums.cs:22:enum:CSRAddress,PLANNED,src/devices/ethernet/eth_lance.h,CSRAddress,,,
Emulated.HW/AMD/LANCE/Am7990/Enums.cs:24:enumvalue:CSR0,PLANNED,src/devices/ethernet/eth_lance.h,CSR_ADDRESS_CSR0,,,
Emulated.HW/AMD/LANCE/Am7990/Enums.cs:25:enumvalue:CSR1,PLANNED,src/devices/ethernet/eth_lance.h,CSR_ADDRESS_CSR1,,,
Emulated.HW/AMD/LANCE/Am7990/Enums.cs:26:enumvalue:CSR2,PLANNED,src/devices/ethernet/eth_lance.h,CSR_ADDRESS_CSR2,,,
Emulated.HW/AMD/LANCE/Am7990/Enums.cs:27:enumvalue:CSR3,PLANNED,src/devices/ethernet/eth_lance.h,CSR_ADDRESS_CSR3,,,
Emulated.HW/AMD/LANCE/Am7990/Enums.cs:34:enum:CSR0Flags,PLANNED,src/devices/ethernet/eth_lance.h,CSR0Flags,,,
Emulated.HW/AMD/LANCE/Am7990/Enums.cs:40:enumvalue:ERR,PLANNED,src/devices/ethernet/eth_lance.h,CSR0_FLAGS_ERR,,,
Emulated.HW/AMD/LANCE/Am7990/Enums.cs:45:enumvalue:BABL,PLANNED,src/devices/ethernet/eth_lance.h,CSR0_FLAGS_BABL,,,
Emulated.HW/AMD/LANCE/Am7990/Enums.cs:50:enumvalue:CERR,PLANNED,src/devices/ethernet/eth_lance.h,CSR0_FLAGS_CERR,,,
Emulated.HW/AMD/LANCE/Am7990/Enums.cs:55:enumvalue:MISS,PLANNED,src/devices/ethernet/eth_lance.h,CSR0_FLAGS_MISS,,,
Emulated.HW/AMD/LANCE/Am7990/Enums.cs:60:enumvalue:MERR,PLANNED,src/devices/ethernet/eth_lance.h,CSR0_FLAGS_MERR,,,
Emulated.HW/AMD/LANCE/Am7990/Enums.cs:65:enumvalue:RINT,PLANNED,src/devices/ethernet/eth_lance.h,CSR0_FLAGS_RINT,,,
Emulated.HW/AMD/LANCE/Am7990/Enums.cs:70:enumvalue:TINT,PLANNED,src/devices/ethernet/eth_lance.h,CSR0_FLAGS_TINT,,,
Emulated.HW/AMD/LANCE/Am7990/Enums.cs:75:enumvalue:IDON,PLANNED,src/devices/ethernet/eth_lance.h,CSR0_FLAGS_IDON,,,
Emulated.HW/AMD/LANCE/Am7990/Enums.cs:80:enumvalue:INTR,PLANNED,src/devices/ethernet/eth_lance.h,CSR0_FLAGS_INTR,,,
Emulated.HW/AMD/LANCE/Am7990/Enums.cs:85:enumvalue:INEA,PLANNED,src/devices/ethernet/eth_lance.h,CSR0_FLAGS_INEA,,,
Emulated.HW/AMD/LANCE/Am7990/Enums.cs:90:enumvalue:RXON,PLANNED,src/devices/ethernet/eth_lance.h,CSR0_FLAGS_RXON,,,
Emulated.HW/AMD/LANCE/Am7990/Enums.cs:95:enumvalue:TXON,PLANNED,src/devices/ethernet/eth_lance.h,CSR0_FLAGS_TXON,,,
Emulated.HW/AMD/LANCE/Am7990/Enums.cs:100:enumvalue:TDMD,PLANNED,src/devices/ethernet/eth_lance.h,CSR0_FLAGS_TDMD,,,
Emulated.HW/AMD/LANCE/Am7990/Enums.cs:105:enumvalue:STOP,PLANNED,src/devices/ethernet/eth_lance.h,CSR0_FLAGS_STOP,,,
Emulated.HW/AMD/LANCE/Am7990/Enums.cs:110:enumvalue:STRT,PLANNED,src/devices/ethernet/eth_lance.h,CSR0_FLAGS_STRT,,,
Emulated.HW/AMD/LANCE/Am7990/Enums.cs:115:enumvalue:INIT,PLANNED,src/devices/ethernet/eth_lance.h,CSR0_FLAGS_INIT,,,
Emulated.HW/AMD/LANCE/Am7990/Enums.cs:122:enum:CSR3Flags,PLANNED,src/devices/ethernet/eth_lance.h,CSR3Flags,,,
Emulated.HW/AMD/LANCE/Am7990/Enums.cs:128:enumvalue:BABLM,PLANNED,src/devices/ethernet/eth_lance.h,CSR3_FLAGS_BABLM,,,
Emulated.HW/AMD/LANCE/Am7990/Enums.cs:133:enumvalue:CERRM,PLANNED,src/devices/ethernet/eth_lance.h,CSR3_FLAGS_CERRM,,,
Emulated.HW/AMD/LANCE/Am7990/Enums.cs:138:enumvalue:MISSM,PLANNED,src/devices/ethernet/eth_lance.h,CSR3_FLAGS_MISSM,,,
Emulated.HW/AMD/LANCE/Am7990/Enums.cs:143:enumvalue:MERRM,PLANNED,src/devices/ethernet/eth_lance.h,CSR3_FLAGS_MERRM,,,
Emulated.HW/AMD/LANCE/Am7990/Enums.cs:148:enumvalue:RINTM,PLANNED,src/devices/ethernet/eth_lance.h,CSR3_FLAGS_RINTM,,,
Emulated.HW/AMD/LANCE/Am7990/Enums.cs:153:enumvalue:TINTM,PLANNED,src/devices/ethernet/eth_lance.h,CSR3_FLAGS_TINTM,,,
Emulated.HW/AMD/LANCE/Am7990/Enums.cs:158:enumvalue:IDONM,PLANNED,src/devices/ethernet/eth_lance.h,CSR3_FLAGS_IDONM,,,
Emulated.HW/AMD/LANCE/Am7990/Enums.cs:163:enumvalue:EMBA,PLANNED,src/devices/ethernet/eth_lance.h,CSR3_FLAGS_EMBA,,,
Emulated.HW/AMD/LANCE/Am7990/Enums.cs:168:enumvalue:DXMT2PD,PLANNED,src/devices/ethernet/eth_lance.h,CSR3_FLAGS_DXMT2_PD,,,
Emulated.HW/Motorola/MFP/MC68901/MC68901MFP.cs:62:class:MC68901MFP,PLANNED,src/devices/ethernet/eth_mfp.c,MC68901MFP,,,
Emulated.HW/Motorola/MFP/MC68901/MC68901MFP.cs:66:field:regs,PLANNED,src/devices/ethernet/eth_mfp.c,regs,,,
Emulated.HW/Motorola/MFP/MC68901/MC68901MFP.cs:72:property:UseSystemVectorMapping,PLANNED,src/devices/ethernet/eth_mfp.c,use_system_vector_mapping,,,
Emulated.HW/Motorola/MFP/MC68901/MC68901MFP.cs:84:property:CycleExactCPU,PLANNED,src/devices/ethernet/eth_mfp.c,cycle_exact_cpu,,,
Emulated.HW/Motorola/MFP/MC68901/MC68901MFP.cs:92:property:TimerBEventCyclePos,PLANNED,src/devices/ethernet/eth_mfp.c,timer_b_event_cycle_pos,,,
Emulated.HW/Motorola/MFP/MC68901/MC68901MFP.cs:98:property:CurrentLineCycle,PLANNED,src/devices/ethernet/eth_mfp.c,current_line_cycle,,,
Emulated.HW/Motorola/MFP/MC68901/MC68901MFP.cs:107:event:OnSerialOutput,PLANNED,src/devices/ethernet/eth_mfp.c,on_serial_output,,,
Emulated.HW/Motorola/MFP/MC68901/MC68901MFP.cs:114:event:OnSerialByteTransmit,PLANNED,src/devices/ethernet/eth_mfp.c,on_serial_byte_transmit,,,
Emulated.HW/Motorola/MFP/MC68901/MC68901MFP.cs:120:event:OnGPIO,PLANNED,src/devices/ethernet/eth_mfp.c,on_gpio,,,
Emulated.HW/Motorola/MFP/MC68901/MC68901MFP.cs:126:event:OnIRQ,PLANNED,src/devices/ethernet/eth_mfp.c,on_irq,,,
Emulated.HW/Motorola/MFP/MC68901/MC68901MFP.cs:135:event:OnTimerOutput,PLANNED,src/devices/ethernet/eth_mfp.c,on_timer_output,,,
Emulated.HW/Motorola/MFP/MC68901/MC68901MFP.cs:142:event:OnTimerInterrupt,PLANNED,src/devices/ethernet/eth_mfp.c,on_timer_interrupt,,,
Emulated.HW/Motorola/MFP/MC68901/MC68901MFP.cs:148:event:OnRegisterWrite,PLANNED,src/devices/ethernet/eth_mfp.c,on_register_write,,,
Emulated.HW/Motorola/MFP/MC68901/MC68901MFP.cs:153:delegate:VectoredInterrupt,PLANNED,src/devices/ethernet/eth_mfp.c,VectoredInterrupt,,,
Emulated.HW/Motorola/MFP/MC68901/MC68901MFP.cs:154:event:OnVectoredIRQ,PLANNED,src/devices/ethernet/eth_mfp.c,on_vectored_irq,,,
Emulated.HW/Motorola/MFP/MC68901/MC68901MFP.cs:163:delegate:DaisyChainVectorCallback,PLANNED,src/devices/ethernet/eth_mfp.c,DaisyChainVectorCallback,,,
Emulated.HW/Motorola/MFP/MC68901/MC68901MFP.cs:170:property:DaisyChainCallback,PLANNED,src/devices/ethernet/eth_mfp.c,daisy_chain_callback,,,
Emulated.HW/Motorola/MFP/MC68901/MC68901MFP.cs:176:property:IEI,PLANNED,src/devices/ethernet/eth_mfp.c,iei,,,
Emulated.HW/Motorola/MFP/MC68901/MC68901MFP.cs:183:event:OnIEO,PLANNED,src/devices/ethernet/eth_mfp.c,on_ieo,,,
Emulated.HW/Motorola/MFP/MC68901/MC68901MFP.cs:188:const:SPURIOUS_VECTOR,PLANNED,src/devices/ethernet/eth_mfp.c,MFP_SPURIOUS_VECTOR,,,
Emulated.HW/Motorola/MFP/MC68901/MC68901MFP.cs:193:method:UpdateIEO,PLANNED,src/devices/ethernet/eth_mfp.c,mfp_update_ieo,,,
Emulated.HW/Motorola/MFP/MC68901/MC68901MFP.cs:204:ctor:MC68901MFP,PLANNED,src/devices/ethernet/eth_mfp.c,mfp_create,,,
Emulated.HW/Motorola/MFP/MC68901/MC68901MFP.cs:222:method:Usart_OnSerialOutput,PLANNED,src/devices/ethernet/eth_mfp.c,mfp_usart_on_serial_output,,,
Emulated.HW/Motorola/MFP/MC68901/MC68901MFP.cs:233:method:Usart_OnTakeInterrupt,PLANNED,src/devices/ethernet/eth_mfp.c,mfp_usart_on_take_interrupt,,,
Emulated.HW/Motorola/MFP/MC68901/MC68901MFP.cs:243:method:Regs_OnTakeInterrupt,PLANNED,src/devices/ethernet/eth_mfp.c,mfp_regs_on_take_interrupt,,,
Emulated.HW/Motorola/MFP/MC68901/MC68901MFP.cs:250:case:InterruptVectorNumber.IR_TIMER_A,PLANNED,src/devices/ethernet/eth_mfp.c,mfp_regs_on_take_interrupt,,,
Emulated.HW/Motorola/MFP/MC68901/MC68901MFP.cs:253:case:InterruptVectorNumber.IR_TIMER_B,PLANNED,src/devices/ethernet/eth_mfp.c,mfp_regs_on_take_interrupt,,,
Emulated.HW/Motorola/MFP/MC68901/MC68901MFP.cs:256:case:InterruptVectorNumber.IR_TIMER_C,PLANNED,src/devices/ethernet/eth_mfp.c,mfp_regs_on_take_interrupt,,,
Emulated.HW/Motorola/MFP/MC68901/MC68901MFP.cs:259:case:InterruptVectorNumber.IR_TIMER_D,PLANNED,src/devices/ethernet/eth_mfp.c,mfp_regs_on_take_interrupt,,,
Emulated.HW/Motorola/MFP/MC68901/MC68901MFP.cs:268:method:Reset,PLANNED,src/devices/ethernet/eth_mfp.c,mfp_reset,,,
Emulated.HW/Motorola/MFP/MC68901/MC68901MFP.cs:281:method:Regs_OnTimerOutput,PLANNED,src/devices/ethernet/eth_mfp.c,mfp_regs_on_timer_output,,,
Emulated.HW/Motorola/MFP/MC68901/MC68901MFP.cs:287:method:SetTimerClock,PLANNED,src/devices/ethernet/eth_mfp.c,mfp_set_timer_clock,,,
Emulated.HW/Motorola/MFP/MC68901/MC68901MFP.cs:298:method:Read,PLANNED,src/devices/ethernet/eth_mfp.c,mfp_read,,,
Emulated.HW/Motorola/MFP/MC68901/MC68901MFP.cs:311:case:MFPRegister.GPDR,PLANNED,src/devices/ethernet/eth_mfp.c,mfp_read,,,
Emulated.HW/Motorola/MFP/MC68901/MC68901MFP.cs:316:case:MFPRegister.AER,PLANNED,src/devices/ethernet/eth_mfp.c,mfp_read,,,
Emulated.HW/Motorola/MFP/MC68901/MC68901MFP.cs:320:case:MFPRegister.DDR,PLANNED,src/devices/ethernet/eth_mfp.c,mfp_read,,,
Emulated.HW/Motorola/MFP/MC68901/MC68901MFP.cs:324:case:MFPRegister.IERA,PLANNED,src/devices/ethernet/eth_mfp.c,mfp_read,,,
Emulated.HW/Motorola/MFP/MC68901/MC68901MFP.cs:328:case:MFPRegister.IERB,PLANNED,src/devices/ethernet/eth_mfp.c,mfp_read,,,
Emulated.HW/Motorola/MFP/MC68901/MC68901MFP.cs:332:case:MFPRegister.IPRA,PLANNED,src/devices/ethernet/eth_mfp.c,mfp_read,,,
Emulated.HW/Motorola/MFP/MC68901/MC68901MFP.cs:336:case:MFPRegister.IPRB,PLANNED,src/devices/ethernet/eth_mfp.c,mfp_read,,,
Emulated.HW/Motorola/MFP/MC68901/MC68901MFP.cs:340:case:MFPRegister.ISRA,PLANNED,src/devices/ethernet/eth_mfp.c,mfp_read,,,
Emulated.HW/Motorola/MFP/MC68901/MC68901MFP.cs:344:case:MFPRegister.ISRB,PLANNED,src/devices/ethernet/eth_mfp.c,mfp_read,,,
Emulated.HW/Motorola/MFP/MC68901/MC68901MFP.cs:348:case:MFPRegister.IMRA,PLANNED,src/devices/ethernet/eth_mfp.c,mfp_read,,,
Emulated.HW/Motorola/MFP/MC68901/MC68901MFP.cs:352:case:MFPRegister.IMRB,PLANNED,src/devices/ethernet/eth_mfp.c,mfp_read,,,
Emulated.HW/Motorola/MFP/MC68901/MC68901MFP.cs:356:case:MFPRegister.VR,PLANNED,src/devices/ethernet/eth_mfp.c,mfp_read,,,
Emulated.HW/Motorola/MFP/MC68901/MC68901MFP.cs:360:case:MFPRegister.TACR,PLANNED,src/devices/ethernet/eth_mfp.c,mfp_read,,,
Emulated.HW/Motorola/MFP/MC68901/MC68901MFP.cs:364:case:MFPRegister.TBCR,PLANNED,src/devices/ethernet/eth_mfp.c,mfp_read,,,
Emulated.HW/Motorola/MFP/MC68901/MC68901MFP.cs:369:case:MFPRegister.TCDCR,PLANNED,src/devices/ethernet/eth_mfp.c,mfp_read,,,
Emulated.HW/Motorola/MFP/MC68901/MC68901MFP.cs:376:case:MFPRegister.TADR,PLANNED,src/devices/ethernet/eth_mfp.c,mfp_read,,,
Emulated.HW/Motorola/MFP/MC68901/MC68901MFP.cs:380:case:MFPRegister.TBDR,PLANNED,src/devices/ethernet/eth_mfp.c,mfp_read,,,
Emulated.HW/Motorola/MFP/MC68901/MC68901MFP.cs:419:case:MFPRegister.TCDR,PLANNED,src/devices/ethernet/eth_mfp.c,mfp_read,,,
Emulated.HW/Motorola/MFP/MC68901/MC68901MFP.cs:423:case:MFPRegister.TDDR,PLANNED,src/devices/ethernet/eth_mfp.c,mfp_read,,,
Emulated.HW/Motorola/MFP/MC68901/MC68901MFP.cs:427:case:MFPRegister.SCR,PLANNED,src/devices/ethernet/eth_mfp.c,mfp_read,,,
Emulated.HW/Motorola/MFP/MC68901/MC68901MFP.cs:431:case:MFPRegister.UCR,PLANNED,src/devices/ethernet/eth_mfp.c,mfp_read,,,
Emulated.HW/Motorola/MFP/MC68901/MC68901MFP.cs:435:case:MFPRegister.RSR,PLANNED,src/devices/ethernet/eth_mfp.c,mfp_read,,,
Emulated.HW/Motorola/MFP/MC68901/MC68901MFP.cs:441:case:MFPRegister.TSR,PLANNED,src/devices/ethernet/eth_mfp.c,mfp_read,,,
Emulated.HW/Motorola/MFP/MC68901/MC68901MFP.cs:449:case:MFPRegister.UDR,PLANNED,src/devices/ethernet/eth_mfp.c,mfp_read,,,
Emulated.HW/Motorola/MFP/MC68901/MC68901MFP.cs:453:case:default,PLANNED,src/devices/ethernet/eth_mfp.c,mfp_read,,,
Emulated.HW/Motorola/MFP/MC68901/MC68901MFP.cs:465:method:Write,PLANNED,src/devices/ethernet/eth_mfp.c,mfp_write,,,
Emulated.HW/Motorola/MFP/MC68901/MC68901MFP.cs:480:case:MFPRegister.GPDR,PLANNED,src/devices/ethernet/eth_mfp.c,mfp_write,,,
Emulated.HW/Motorola/MFP/MC68901/MC68901MFP.cs:488:case:MFPRegister.AER,PLANNED,src/devices/ethernet/eth_mfp.c,mfp_write,,,
Emulated.HW/Motorola/MFP/MC68901/MC68901MFP.cs:501:case:MFPRegister.DDR,PLANNED,src/devices/ethernet/eth_mfp.c,mfp_write,,,
Emulated.HW/Motorola/MFP/MC68901/MC68901MFP.cs:505:case:MFPRegister.IERA,PLANNED,src/devices/ethernet/eth_mfp.c,mfp_write,,,
Emulated.HW/Motorola/MFP/MC68901/MC68901MFP.cs:510:case:MFPRegister.IERB,PLANNED,src/devices/ethernet/eth_mfp.c,mfp_write,,,
Emulated.HW/Motorola/MFP/MC68901/MC68901MFP.cs:515:case:MFPRegister.IPRA,PLANNED,src/devices/ethernet/eth_mfp.c,mfp_write,,,
Emulated.HW/Motorola/MFP/MC68901/MC68901MFP.cs:520:case:MFPRegister.IPRB,PLANNED,src/devices/ethernet/eth_mfp.c,mfp_write,,,
Emulated.HW/Motorola/MFP/MC68901/MC68901MFP.cs:525:case:MFPRegister.ISRA,PLANNED,src/devices/ethernet/eth_mfp.c,mfp_write,,,
Emulated.HW/Motorola/MFP/MC68901/MC68901MFP.cs:530:case:MFPRegister.ISRB,PLANNED,src/devices/ethernet/eth_mfp.c,mfp_write,,,
Emulated.HW/Motorola/MFP/MC68901/MC68901MFP.cs:535:case:MFPRegister.IMRA,PLANNED,src/devices/ethernet/eth_mfp.c,mfp_write,,,
Emulated.HW/Motorola/MFP/MC68901/MC68901MFP.cs:539:case:MFPRegister.IMRB,PLANNED,src/devices/ethernet/eth_mfp.c,mfp_write,,,
Emulated.HW/Motorola/MFP/MC68901/MC68901MFP.cs:544:case:MFPRegister.VR,PLANNED,src/devices/ethernet/eth_mfp.c,mfp_write,,,
Emulated.HW/Motorola/MFP/MC68901/MC68901MFP.cs:565:case:MFPRegister.TACR,PLANNED,src/devices/ethernet/eth_mfp.c,mfp_write,,,
Emulated.HW/Motorola/MFP/MC68901/MC68901MFP.cs:568:case:MFPRegister.TBCR,PLANNED,src/devices/ethernet/eth_mfp.c,mfp_write,,,
Emulated.HW/Motorola/MFP/MC68901/MC68901MFP.cs:571:case:MFPRegister.TCDCR,PLANNED,src/devices/ethernet/eth_mfp.c,mfp_write,,,
Emulated.HW/Motorola/MFP/MC68901/MC68901MFP.cs:577:case:MFPRegister.TADR,PLANNED,src/devices/ethernet/eth_mfp.c,mfp_write,,,
Emulated.HW/Motorola/MFP/MC68901/MC68901MFP.cs:581:case:MFPRegister.TBDR,PLANNED,src/devices/ethernet/eth_mfp.c,mfp_write,,,
Emulated.HW/Motorola/MFP/MC68901/MC68901MFP.cs:585:case:MFPRegister.TCDR,PLANNED,src/devices/ethernet/eth_mfp.c,mfp_write,,,
Emulated.HW/Motorola/MFP/MC68901/MC68901MFP.cs:589:case:MFPRegister.TDDR,PLANNED,src/devices/ethernet/eth_mfp.c,mfp_write,,,
Emulated.HW/Motorola/MFP/MC68901/MC68901MFP.cs:593:case:MFPRegister.SCR,PLANNED,src/devices/ethernet/eth_mfp.c,mfp_write,,,
Emulated.HW/Motorola/MFP/MC68901/MC68901MFP.cs:597:case:MFPRegister.UCR,PLANNED,src/devices/ethernet/eth_mfp.c,mfp_write,,,
Emulated.HW/Motorola/MFP/MC68901/MC68901MFP.cs:601:case:MFPRegister.RSR,PLANNED,src/devices/ethernet/eth_mfp.c,mfp_write,,,
Emulated.HW/Motorola/MFP/MC68901/MC68901MFP.cs:640:case:MFPRegister.TSR,PLANNED,src/devices/ethernet/eth_mfp.c,mfp_write,,,
Emulated.HW/Motorola/MFP/MC68901/MC68901MFP.cs:663:case:MFPRegister.UDR,PLANNED,src/devices/ethernet/eth_mfp.c,mfp_write,,,
Emulated.HW/Motorola/MFP/MC68901/MC68901MFP.cs:668:case:default,PLANNED,src/devices/ethernet/eth_mfp.c,mfp_write,,,
Emulated.HW/Motorola/MFP/MC68901/MC68901MFP.cs:682:method:HandleInterruptAcknowledge,PLANNED,src/devices/ethernet/eth_mfp.c,mfp_handle_interrupt_acknowledge,,,
Emulated.HW/Motorola/MFP/MC68901/MC68901MFP.cs:702:method:get_vector,PLANNED,src/devices/ethernet/eth_mfp.c,mfp_get_vector,,,
Emulated.HW/Motorola/MFP/MC68901/MC68901MFP.cs:770:method:GetDaisyChainVector,PLANNED,src/devices/ethernet/eth_mfp.c,mfp_get_daisy_chain_vector,,,
Emulated.HW/Motorola/MFP/MC68901/MC68901MFP.cs:792:method:MapMFPVectorToSystem,PLANNED,src/devices/ethernet/eth_mfp.c,mfp_map_mfp_vector_to_system,,,
Emulated.HW/Motorola/MFP/MC68901/MC68901MFP.cs:799:switcharm:InterruptVectorNumber.IR_GPIP_7,PLANNED,src/devices/ethernet/eth_mfp.c,mfp_map_mfp_vector_to_system,,,
Emulated.HW/Motorola/MFP/MC68901/MC68901MFP.cs:800:switcharm:InterruptVectorNumber.IR_GPIP_6,PLANNED,src/devices/ethernet/eth_mfp.c,mfp_map_mfp_vector_to_system,,,
Emulated.HW/Motorola/MFP/MC68901/MC68901MFP.cs:801:switcharm:InterruptVectorNumber.IR_RCV_BUFFER_FULL,PLANNED,src/devices/ethernet/eth_mfp.c,mfp_map_mfp_vector_to_system,,,
Emulated.HW/Motorola/MFP/MC68901/MC68901MFP.cs:802:switcharm:InterruptVectorNumber.IR_RCV_ERROR,PLANNED,src/devices/ethernet/eth_mfp.c,mfp_map_mfp_vector_to_system,,,
Emulated.HW/Motorola/MFP/MC68901/MC68901MFP.cs:803:switcharm:InterruptVectorNumber.IR_XMIT_BUFFER_EMPTY,PLANNED,src/devices/ethernet/eth_mfp.c,mfp_map_mfp_vector_to_system,,,
Emulated.HW/Motorola/MFP/MC68901/MC68901MFP.cs:804:switcharm:InterruptVectorNumber.IR_XMIT_ERROR,PLANNED,src/devices/ethernet/eth_mfp.c,mfp_map_mfp_vector_to_system,,,
Emulated.HW/Motorola/MFP/MC68901/MC68901MFP.cs:805:switcharm:InterruptVectorNumber.IR_GPIP_5,PLANNED,src/devices/ethernet/eth_mfp.c,mfp_map_mfp_vector_to_system,,,
Emulated.HW/Motorola/MFP/MC68901/MC68901MFP.cs:808:switcharm:_,PLANNED,src/devices/ethernet/eth_mfp.c,mfp_map_mfp_vector_to_system,,,
Emulated.HW/Motorola/MFP/MC68901/MC68901MFP.cs:841:field:_lastIrqState,PLANNED,src/devices/ethernet/eth_mfp.c,last_irq_state,,,
Emulated.HW/Motorola/MFP/MC68901/MC68901MFP.cs:843:method:check_interrupts,PLANNED,src/devices/ethernet/eth_mfp.c,mfp_check_interrupts,,,
Emulated.HW/Motorola/MFP/MC68901/MC68901MFP.cs:886:method:take_interrupt,PLANNED,src/devices/ethernet/eth_mfp.c,mfp_take_interrupt,,,
Emulated.HW/Motorola/MFP/MC68901/MC68901MFP.cs:898:method:tryTakeInterrupt,PLANNED,src/devices/ethernet/eth_mfp.c,mfp_try_take_interrupt,,,
Emulated.HW/Motorola/MFP/MC68901/MC68901MFP.cs:910:method:GetInterruptVector,PLANNED,src/devices/ethernet/eth_mfp.c,mfp_get_interrupt_vector,,,
Emulated.HW/Motorola/MFP/MC68901/MC68901MFP.cs:920:method:TriggerTimerCInterrupt,PLANNED,src/devices/ethernet/eth_mfp.c,mfp_trigger_timer_c_interrupt,,,
Emulated.HW/Motorola/MFP/MC68901/MC68901MFP.cs:930:method:TriggerUSARTReceiveInterrupt,PLANNED,src/devices/ethernet/eth_mfp.c,mfp_trigger_usart_receive_interrupt,,,
Emulated.HW/Motorola/MFP/MC68901/MC68901MFP.cs:939:method:TriggerUSARTReceiveError,PLANNED,src/devices/ethernet/eth_mfp.c,mfp_trigger_usart_receive_error,,,
Emulated.HW/Motorola/MFP/MC68901/MC68901MFP.cs:948:method:TriggerUSARTTransmitInterrupt,PLANNED,src/devices/ethernet/eth_mfp.c,mfp_trigger_usart_transmit_interrupt,,,
Emulated.HW/Motorola/MFP/MC68901/MC68901MFP.cs:957:method:TriggerUSARTTransmitError,PLANNED,src/devices/ethernet/eth_mfp.c,mfp_trigger_usart_transmit_error,,,
Emulated.HW/Motorola/MFP/MC68901/MC68901MFP.cs:970:method:TriggerSoftwareInterrupt,PLANNED,src/devices/ethernet/eth_mfp.c,mfp_trigger_software_interrupt,,,
Emulated.HW/Motorola/MFP/MC68901/MC68901MFP.cs:998:method:TriggerInterrupt,PLANNED,src/devices/ethernet/eth_mfp.c,mfp_trigger_interrupt,,,
Emulated.HW/Motorola/MFP/MC68901/MC68901MFP.cs:1015:method:GetSystemVectorName,PLANNED,src/devices/ethernet/eth_mfp.c,mfp_get_system_vector_name,,,
Emulated.HW/Motorola/MFP/MC68901/MC68901MFP.cs:1019:switcharm:117,PLANNED,src/devices/ethernet/eth_mfp.c,mfp_get_system_vector_name,,,
Emulated.HW/Motorola/MFP/MC68901/MC68901MFP.cs:1020:switcharm:116,PLANNED,src/devices/ethernet/eth_mfp.c,mfp_get_system_vector_name,,,
Emulated.HW/Motorola/MFP/MC68901/MC68901MFP.cs:1021:switcharm:114,PLANNED,src/devices/ethernet/eth_mfp.c,mfp_get_system_vector_name,,,
Emulated.HW/Motorola/MFP/MC68901/MC68901MFP.cs:1022:switcharm:113,PLANNED,src/devices/ethernet/eth_mfp.c,mfp_get_system_vector_name,,,
Emulated.HW/Motorola/MFP/MC68901/MC68901MFP.cs:1023:switcharm:112,PLANNED,src/devices/ethernet/eth_mfp.c,mfp_get_system_vector_name,,,
Emulated.HW/Motorola/MFP/MC68901/MC68901MFP.cs:1024:switcharm:111,PLANNED,src/devices/ethernet/eth_mfp.c,mfp_get_system_vector_name,,,
Emulated.HW/Motorola/MFP/MC68901/MC68901MFP.cs:1025:switcharm:107,PLANNED,src/devices/ethernet/eth_mfp.c,mfp_get_system_vector_name,,,
Emulated.HW/Motorola/MFP/MC68901/MC68901MFP.cs:1026:switcharm:105,PLANNED,src/devices/ethernet/eth_mfp.c,mfp_get_system_vector_name,,,
Emulated.HW/Motorola/MFP/MC68901/MC68901MFP.cs:1027:switcharm:_,PLANNED,src/devices/ethernet/eth_mfp.c,mfp_get_system_vector_name,,,
Emulated.HW/Motorola/MFP/MC68901/MC68901MFP.cs:1047:method:TimerInputA,PLANNED,src/devices/ethernet/eth_mfp.c,mfp_timer_input_a,,,
Emulated.HW/Motorola/MFP/MC68901/MC68901MFP.cs:1058:method:TimerInputB,PLANNED,src/devices/ethernet/eth_mfp.c,mfp_timer_input_b,,,
Emulated.HW/Motorola/MFP/MC68901/MC68901MFP.cs:1063:method:TimerInput,PLANNED,src/devices/ethernet/eth_mfp.c,mfp_timer_input,,,
Emulated.HW/Motorola/MFP/MC68901/MC68901MFP.cs:1074:case:TCR_STATE.TCR_TIMER_EVENT,PLANNED,src/devices/ethernet/eth_mfp.c,mfp_timer_input,,,
Emulated.HW/Motorola/MFP/MC68901/MC68901MFP.cs:1084:case:TCR_STATE.TCR_TIMER_PULSE_4,PLANNED,src/devices/ethernet/eth_mfp.c,mfp_timer_input,,,
Emulated.HW/Motorola/MFP/MC68901/MC68901MFP.cs:1085:case:TCR_STATE.TCR_TIMER_PULSE_10,PLANNED,src/devices/ethernet/eth_mfp.c,mfp_timer_input,,,
Emulated.HW/Motorola/MFP/MC68901/MC68901MFP.cs:1086:case:TCR_STATE.TCR_TIMER_PULSE_16,PLANNED,src/devices/ethernet/eth_mfp.c,mfp_timer_input,,,
Emulated.HW/Motorola/MFP/MC68901/MC68901MFP.cs:1087:case:TCR_STATE.TCR_TIMER_PULSE_50,PLANNED,src/devices/ethernet/eth_mfp.c,mfp_timer_input,,,
Emulated.HW/Motorola/MFP/MC68901/MC68901MFP.cs:1088:case:TCR_STATE.TCR_TIMER_PULSE_64,PLANNED,src/devices/ethernet/eth_mfp.c,mfp_timer_input,,,
Emulated.HW/Motorola/MFP/MC68901/MC68901MFP.cs:1089:case:TCR_STATE.TCR_TIMER_PULSE_100,PLANNED,src/devices/ethernet/eth_mfp.c,mfp_timer_input,,,
Emulated.HW/Motorola/MFP/MC68901/MC68901MFP.cs:1090:case:TCR_STATE.TCR_TIMER_PULSE_200,PLANNED,src/devices/ethernet/eth_mfp.c,mfp_timer_input,,,
Emulated.HW/Motorola/MFP/MC68901/MC68901MFP.cs:1099:case:TCR_STATE.TCR_TIMER_RESET,PLANNED,src/devices/ethernet/eth_mfp.c,mfp_timer_input,,,
Emulated.HW/Motorola/MFP/MC68901/MC68901MFP.cs:1101:case:default,PLANNED,src/devices/ethernet/eth_mfp.c,mfp_timer_input,,,
Emulated.HW/Motorola/MFP/MC68901/MC68901MFP.cs:1126:property:SeparateTimerClock,PLANNED,src/devices/ethernet/eth_mfp.c,separate_timer_clock,,,
Emulated.HW/Motorola/MFP/MC68901/MC68901MFP.cs:1134:method:Clock,PLANNED,src/devices/ethernet/eth_mfp.c,mfp_clock,,,
Emulated.HW/Motorola/MFP/MC68901/MC68901MFP.cs:1148:method:ClockTimers,PLANNED,src/devices/ethernet/eth_mfp.c,mfp_clock_timers,,,
Emulated.HW/Motorola/MFP/MC68901/MC68901MFP.cs:1166:method:SetSerialInput,PLANNED,src/devices/ethernet/eth_mfp.c,mfp_set_serial_input,,,
Emulated.HW/Motorola/MFP/MC68901/MC68901MFP.cs:1179:method:SetReceiverClock,PLANNED,src/devices/ethernet/eth_mfp.c,mfp_set_receiver_clock,,,
Emulated.HW/Motorola/MFP/MC68901/MC68901MFP.cs:1192:method:SetTransmitterClock,PLANNED,src/devices/ethernet/eth_mfp.c,mfp_set_transmitter_clock,,,
Emulated.HW/Motorola/MFP/MC68901/MC68901MFP.cs:1204:method:ReceiveSerialByte,PLANNED,src/devices/ethernet/eth_mfp.c,mfp_receive_serial_byte,,,
Emulated.HW/Motorola/MFP/MC68901/MC68901MFP.cs:1215:property:GPIO_0,PLANNED,src/devices/ethernet/eth_mfp.c,gpio_0,,,
Emulated.HW/Motorola/MFP/MC68901/MC68901MFP.cs:1216:property:GPIO_1,PLANNED,src/devices/ethernet/eth_mfp.c,gpio_1,,,
Emulated.HW/Motorola/MFP/MC68901/MC68901MFP.cs:1217:property:GPIO_2,PLANNED,src/devices/ethernet/eth_mfp.c,gpio_2,,,
Emulated.HW/Motorola/MFP/MC68901/MC68901MFP.cs:1218:property:GPIO_3,PLANNED,src/devices/ethernet/eth_mfp.c,gpio_3,,,
Emulated.HW/Motorola/MFP/MC68901/MC68901MFP.cs:1219:property:GPIO_4,PLANNED,src/devices/ethernet/eth_mfp.c,gpio_4,,,
Emulated.HW/Motorola/MFP/MC68901/MC68901MFP.cs:1220:property:GPIO_5,PLANNED,src/devices/ethernet/eth_mfp.c,gpio_5,,,
Emulated.HW/Motorola/MFP/MC68901/MC68901MFP.cs:1221:property:GPIO_6,PLANNED,src/devices/ethernet/eth_mfp.c,gpio_6,,,
Emulated.HW/Motorola/MFP/MC68901/MC68901MFP.cs:1222:property:GPIO_7,PLANNED,src/devices/ethernet/eth_mfp.c,gpio_7,,,
Emulated.HW/Motorola/MFP/MC68901/MC68901MFP.cs:1239:method:UpdateGpipInterrupts,PLANNED,src/devices/ethernet/eth_mfp.c,mfp_update_gpip_interrupts,,,
Emulated.HW/Motorola/MFP/MC68901/MC68901MFP.cs:1269:method:gpio_input,PLANNED,src/devices/ethernet/eth_mfp.c,mfp_gpio_input,,,
Emulated.HW/Motorola/MFP/MC68901/MC68901MFP.cs:1297:method:GetGpioPinStatus,PLANNED,src/devices/ethernet/eth_mfp.c,mfp_get_gpio_pin_status,,,
Emulated.HW/Motorola/MFP/MC68901/MC68901MFP.cs:1306:method:gpio_output,PLANNED,src/devices/ethernet/eth_mfp.c,mfp_gpio_output,,,
Emulated.HW/Motorola/MFP/MC68901/MC68901MFP.cs:1324:method:IsBitCountOdd,PLANNED,src/devices/ethernet/eth_mfp.c,mfp_is_bit_count_odd,,,
Emulated.HW/Motorola/MFP/MC68901/MC68901MFP.cs:1336:method:map2register,PLANNED,src/devices/ethernet/eth_mfp.c,mfp_map2register,,,
Emulated.HW/Motorola/MFP/MC68901/MfpTimer.cs:19:class:MfpTimer,PLANNED,src/devices/ethernet/eth_mfp_timer.c,MfpTimer,,,
Emulated.HW/Motorola/MFP/MC68901/MfpTimer.cs:21:event:OnTimerOutput,PLANNED,src/devices/ethernet/eth_mfp_timer.c,on_timer_output,,,
Emulated.HW/Motorola/MFP/MC68901/MfpTimer.cs:22:event:OnTimerElapsed,PLANNED,src/devices/ethernet/eth_mfp_timer.c,on_timer_elapsed,,,
Emulated.HW/Motorola/MFP/MC68901/MfpTimer.cs:28:property:tcr,PLANNED,src/devices/ethernet/eth_mfp_timer.c,tcr,,,
Emulated.HW/Motorola/MFP/MC68901/MfpTimer.cs:33:property:tdr,PLANNED,src/devices/ethernet/eth_mfp_timer.c,tdr,,,
Emulated.HW/Motorola/MFP/MC68901/MfpTimer.cs:38:property:tmc,PLANNED,src/devices/ethernet/eth_mfp_timer.c,tmc,,,
Emulated.HW/Motorola/MFP/MC68901/MfpTimer.cs:42:property:in_latch,PLANNED,src/devices/ethernet/eth_mfp_timer.c,in_latch,,,
Emulated.HW/Motorola/MFP/MC68901/MfpTimer.cs:47:property:out_latch,PLANNED,src/devices/ethernet/eth_mfp_timer.c,out_latch,,,
Emulated.HW/Motorola/MFP/MC68901/MfpTimer.cs:49:field:isEnabled,PLANNED,src/devices/ethernet/eth_mfp_timer.c,is_enabled,,,
Emulated.HW/Motorola/MFP/MC68901/MfpTimer.cs:54:field:prescalerCount,PLANNED,src/devices/ethernet/eth_mfp_timer.c,prescaler_count,,,
Emulated.HW/Motorola/MFP/MC68901/MfpTimer.cs:59:field:currentDivisor,PLANNED,src/devices/ethernet/eth_mfp_timer.c,current_divisor,,,
Emulated.HW/Motorola/MFP/MC68901/MfpTimer.cs:61:field:timerName,PLANNED,src/devices/ethernet/eth_mfp_timer.c,timer_name,,,
Emulated.HW/Motorola/MFP/MC68901/MfpTimer.cs:65:ctor:MfpTimer,PLANNED,src/devices/ethernet/eth_mfp_timer.c,mfptimer_create,,,
Emulated.HW/Motorola/MFP/MC68901/MfpTimer.cs:70:method:SetEnable,PLANNED,src/devices/ethernet/eth_mfp_timer.c,mfptimer_set_enable,,,
Emulated.HW/Motorola/MFP/MC68901/MfpTimer.cs:77:method:Tick,PLANNED,src/devices/ethernet/eth_mfp_timer.c,mfptimer_tick,,,
Emulated.HW/Motorola/MFP/MC68901/MfpTimer.cs:95:method:TickEventCount,PLANNED,src/devices/ethernet/eth_mfp_timer.c,mfptimer_tick_event_count,,,
Emulated.HW/Motorola/MFP/MC68901/MfpTimer.cs:105:method:timer_count,PLANNED,src/devices/ethernet/eth_mfp_timer.c,mfptimer_timer_count,,,
Emulated.HW/Motorola/MFP/MC68901/MfpTimer.cs:131:field:PRESCALER,PLANNED,src/devices/ethernet/eth_mfp_timer.c,prescaler,,,
Emulated.HW/Motorola/MFP/MC68901/MfpTimer.cs:133:method:SetControlRegister,PLANNED,src/devices/ethernet/eth_mfp_timer.c,mfptimer_set_control_register,,,
Emulated.HW/Motorola/MFP/MC68901/MfpTimer.cs:161:case:0x00,PLANNED,src/devices/ethernet/eth_mfp_timer.c,mfptimer_set_control_register,,,
Emulated.HW/Motorola/MFP/MC68901/MfpTimer.cs:166:case:0x01,PLANNED,src/devices/ethernet/eth_mfp_timer.c,mfptimer_set_control_register,,,
Emulated.HW/Motorola/MFP/MC68901/MfpTimer.cs:167:case:0x02,PLANNED,src/devices/ethernet/eth_mfp_timer.c,mfptimer_set_control_register,,,
Emulated.HW/Motorola/MFP/MC68901/MfpTimer.cs:168:case:0x03,PLANNED,src/devices/ethernet/eth_mfp_timer.c,mfptimer_set_control_register,,,
Emulated.HW/Motorola/MFP/MC68901/MfpTimer.cs:169:case:0x04,PLANNED,src/devices/ethernet/eth_mfp_timer.c,mfptimer_set_control_register,,,
Emulated.HW/Motorola/MFP/MC68901/MfpTimer.cs:170:case:0x05,PLANNED,src/devices/ethernet/eth_mfp_timer.c,mfptimer_set_control_register,,,
Emulated.HW/Motorola/MFP/MC68901/MfpTimer.cs:171:case:0x06,PLANNED,src/devices/ethernet/eth_mfp_timer.c,mfptimer_set_control_register,,,
Emulated.HW/Motorola/MFP/MC68901/MfpTimer.cs:172:case:0x07,PLANNED,src/devices/ethernet/eth_mfp_timer.c,mfptimer_set_control_register,,,
Emulated.HW/Motorola/MFP/MC68901/MfpTimer.cs:178:case:0x08,PLANNED,src/devices/ethernet/eth_mfp_timer.c,mfptimer_set_control_register,,,
Emulated.HW/Motorola/MFP/MC68901/MfpTimer.cs:185:case:0x09,PLANNED,src/devices/ethernet/eth_mfp_timer.c,mfptimer_set_control_register,,,
Emulated.HW/Motorola/MFP/MC68901/MfpTimer.cs:186:case:0x0A,PLANNED,src/devices/ethernet/eth_mfp_timer.c,mfptimer_set_control_register,,,
Emulated.HW/Motorola/MFP/MC68901/MfpTimer.cs:187:case:0x0B,PLANNED,src/devices/ethernet/eth_mfp_timer.c,mfptimer_set_control_register,,,
Emulated.HW/Motorola/MFP/MC68901/MfpTimer.cs:188:case:0x0C,PLANNED,src/devices/ethernet/eth_mfp_timer.c,mfptimer_set_control_register,,,
Emulated.HW/Motorola/MFP/MC68901/MfpTimer.cs:189:case:0x0D,PLANNED,src/devices/ethernet/eth_mfp_timer.c,mfptimer_set_control_register,,,
Emulated.HW/Motorola/MFP/MC68901/MfpTimer.cs:190:case:0x0E,PLANNED,src/devices/ethernet/eth_mfp_timer.c,mfptimer_set_control_register,,,
Emulated.HW/Motorola/MFP/MC68901/MfpTimer.cs:191:case:0x0F,PLANNED,src/devices/ethernet/eth_mfp_timer.c,mfptimer_set_control_register,,,
Emulated.HW/Motorola/MFP/MC68901/MfpTimer.cs:198:case:default,PLANNED,src/devices/ethernet/eth_mfp_timer.c,mfptimer_set_control_register,,,
Emulated.HW/Motorola/MFP/MC68901/MfpTimer.cs:203:method:SetDataRegister,PLANNED,src/devices/ethernet/eth_mfp_timer.c,mfptimer_set_data_register,,,
Emulated.HW/Motorola/MFP/MC68901/MfpTimer.cs:219:method:Clear,PLANNED,src/devices/ethernet/eth_mfp_timer.c,mfptimer_clear,,,
Emulated.HW/Motorola/MFP/MC68901/Registers.cs:13:class:Registers,PLANNED,src/devices/ethernet/eth_mfp_regs.c,Registers,,,
Emulated.HW/Motorola/MFP/MC68901/Registers.cs:20:event:OnTimerOutput,PLANNED,src/devices/ethernet/eth_mfp_regs.c,on_timer_output,,,
Emulated.HW/Motorola/MFP/MC68901/Registers.cs:25:event:OnTimerElapsed,PLANNED,src/devices/ethernet/eth_mfp_regs.c,on_timer_elapsed,,,
Emulated.HW/Motorola/MFP/MC68901/Registers.cs:30:event:OnTakeInterrupt,PLANNED,src/devices/ethernet/eth_mfp_regs.c,on_take_interrupt,,,
Emulated.HW/Motorola/MFP/MC68901/Registers.cs:39:property:gpip,PLANNED,src/devices/ethernet/eth_mfp_regs.c,gpip,,,
Emulated.HW/Motorola/MFP/MC68901/Registers.cs:45:property:aer,PLANNED,src/devices/ethernet/eth_mfp_regs.c,aer,,,
Emulated.HW/Motorola/MFP/MC68901/Registers.cs:51:property:ddr,PLANNED,src/devices/ethernet/eth_mfp_regs.c,ddr,,,
Emulated.HW/Motorola/MFP/MC68901/Registers.cs:57:property:ier,PLANNED,src/devices/ethernet/eth_mfp_regs.c,ier,,,
Emulated.HW/Motorola/MFP/MC68901/Registers.cs:63:property:ierA,PLANNED,src/devices/ethernet/eth_mfp_regs.c,ier_a,,,
Emulated.HW/Motorola/MFP/MC68901/Registers.cs:73:property:ierB,PLANNED,src/devices/ethernet/eth_mfp_regs.c,ier_b,,,
Emulated.HW/Motorola/MFP/MC68901/Registers.cs:82:property:ipr,PLANNED,src/devices/ethernet/eth_mfp_regs.c,ipr,,,
Emulated.HW/Motorola/MFP/MC68901/Registers.cs:88:property:iprA,PLANNED,src/devices/ethernet/eth_mfp_regs.c,ipr_a,,,
Emulated.HW/Motorola/MFP/MC68901/Registers.cs:98:property:iprB,PLANNED,src/devices/ethernet/eth_mfp_regs.c,ipr_b,,,
Emulated.HW/Motorola/MFP/MC68901/Registers.cs:107:property:isr,PLANNED,src/devices/ethernet/eth_mfp_regs.c,isr,,,
Emulated.HW/Motorola/MFP/MC68901/Registers.cs:113:property:isrA,PLANNED,src/devices/ethernet/eth_mfp_regs.c,isr_a,,,
Emulated.HW/Motorola/MFP/MC68901/Registers.cs:123:property:isrB,PLANNED,src/devices/ethernet/eth_mfp_regs.c,isr_b,,,
Emulated.HW/Motorola/MFP/MC68901/Registers.cs:133:property:imr,PLANNED,src/devices/ethernet/eth_mfp_regs.c,imr,,,
Emulated.HW/Motorola/MFP/MC68901/Registers.cs:140:property:imrA,PLANNED,src/devices/ethernet/eth_mfp_regs.c,imr_a,,,
Emulated.HW/Motorola/MFP/MC68901/Registers.cs:150:property:imrB,PLANNED,src/devices/ethernet/eth_mfp_regs.c,imr_b,,,
Emulated.HW/Motorola/MFP/MC68901/Registers.cs:160:property:vr,PLANNED,src/devices/ethernet/eth_mfp_regs.c,vr,,,
Emulated.HW/Motorola/MFP/MC68901/Registers.cs:168:property:gpio_input,PLANNED,src/devices/ethernet/eth_mfp_regs.c,gpio_input,,,
Emulated.HW/Motorola/MFP/MC68901/Registers.cs:173:property:gpio_output,PLANNED,src/devices/ethernet/eth_mfp_regs.c,gpio_output,,,
Emulated.HW/Motorola/MFP/MC68901/Registers.cs:181:property:timerA,PLANNED,src/devices/ethernet/eth_mfp_regs.c,timer_a,,,
Emulated.HW/Motorola/MFP/MC68901/Registers.cs:186:property:timerB,PLANNED,src/devices/ethernet/eth_mfp_regs.c,timer_b,,,
Emulated.HW/Motorola/MFP/MC68901/Registers.cs:191:property:timerC,PLANNED,src/devices/ethernet/eth_mfp_regs.c,timer_c,,,
Emulated.HW/Motorola/MFP/MC68901/Registers.cs:196:property:timerD,PLANNED,src/devices/ethernet/eth_mfp_regs.c,timer_d,,,
Emulated.HW/Motorola/MFP/MC68901/Registers.cs:199:field:timers,PLANNED,src/devices/ethernet/eth_mfp_regs.c,timers,,,
Emulated.HW/Motorola/MFP/MC68901/Registers.cs:202:property:usart,PLANNED,src/devices/ethernet/eth_mfp_regs.c,usart,,,
Emulated.HW/Motorola/MFP/MC68901/Registers.cs:204:field:_usart,PLANNED,src/devices/ethernet/eth_mfp_regs.c,usart,,,
Emulated.HW/Motorola/MFP/MC68901/Registers.cs:206:method:Tick,PLANNED,src/devices/ethernet/eth_mfp_regs.c,mfpregs_tick,,,
Emulated.HW/Motorola/MFP/MC68901/Registers.cs:218:ctor:Registers,PLANNED,src/devices/ethernet/eth_mfp_regs.c,mfpregs_create,,,
Emulated.HW/Motorola/MFP/MC68901/Registers.cs:243:method:Timer_OnTimerElapsed,PLANNED,src/devices/ethernet/eth_mfp_regs.c,mfpregs_timer_on_timer_elapsed,,,
Emulated.HW/Motorola/MFP/MC68901/Registers.cs:251:method:Clear,PLANNED,src/devices/ethernet/eth_mfp_regs.c,mfpregs_clear,,,
Emulated.HW/Motorola/MFP/MC68901/Registers.cs:274:method:Timers_OnTimerOutput,PLANNED,src/devices/ethernet/eth_mfp_regs.c,mfpregs_timers_on_timer_output,,,
Emulated.HW/Motorola/MFP/MC68901/Usart.cs:17:class:Usart,PLANNED,src/devices/ethernet/eth_mfp_usart.c,Usart,,,
Emulated.HW/Motorola/MFP/MC68901/Usart.cs:24:event:OnSerialOutput,PLANNED,src/devices/ethernet/eth_mfp_usart.c,on_serial_output,,,
Emulated.HW/Motorola/MFP/MC68901/Usart.cs:31:method:SetSerialOutput,PLANNED,src/devices/ethernet/eth_mfp_usart.c,usart_set_serial_output,,,
Emulated.HW/Motorola/MFP/MC68901/Usart.cs:43:event:OnTakeInterrupt,PLANNED,src/devices/ethernet/eth_mfp_usart.c,on_take_interrupt,,,
Emulated.HW/Motorola/MFP/MC68901/Usart.cs:45:method:tryTakeInterrupt,PLANNED,src/devices/ethernet/eth_mfp_usart.c,usart_try_take_interrupt,,,
Emulated.HW/Motorola/MFP/MC68901/Usart.cs:58:property:ucr,PLANNED,src/devices/ethernet/eth_mfp_usart.c,ucr,,,
Emulated.HW/Motorola/MFP/MC68901/Usart.cs:63:property:tsr,PLANNED,src/devices/ethernet/eth_mfp_usart.c,tsr,,,
Emulated.HW/Motorola/MFP/MC68901/Usart.cs:68:property:rsr,PLANNED,src/devices/ethernet/eth_mfp_usart.c,rsr,,,
Emulated.HW/Motorola/MFP/MC68901/Usart.cs:73:property:transmit_buffer,PLANNED,src/devices/ethernet/eth_mfp_usart.c,transmit_buffer,,,
Emulated.HW/Motorola/MFP/MC68901/Usart.cs:78:property:receive_buffer,PLANNED,src/devices/ethernet/eth_mfp_usart.c,receive_buffer,,,
Emulated.HW/Motorola/MFP/MC68901/Usart.cs:83:property:scr,PLANNED,src/devices/ethernet/eth_mfp_usart.c,scr,,,
Emulated.HW/Motorola/MFP/MC68901/Usart.cs:88:property:scr_parity,PLANNED,src/devices/ethernet/eth_mfp_usart.c,scr_parity,,,
Emulated.HW/Motorola/MFP/MC68901/Usart.cs:96:property:rframe,PLANNED,src/devices/ethernet/eth_mfp_usart.c,rframe,,,
Emulated.HW/Motorola/MFP/MC68901/Usart.cs:101:property:rclk,PLANNED,src/devices/ethernet/eth_mfp_usart.c,rclk,,,
Emulated.HW/Motorola/MFP/MC68901/Usart.cs:106:property:rbits,PLANNED,src/devices/ethernet/eth_mfp_usart.c,rbits,,,
Emulated.HW/Motorola/MFP/MC68901/Usart.cs:111:property:si_scan,PLANNED,src/devices/ethernet/eth_mfp_usart.c,si_scan,,,
Emulated.HW/Motorola/MFP/MC68901/Usart.cs:116:property:next_rsr,PLANNED,src/devices/ethernet/eth_mfp_usart.c,next_rsr,,,
Emulated.HW/Motorola/MFP/MC68901/Usart.cs:121:property:rc,PLANNED,src/devices/ethernet/eth_mfp_usart.c,rc,,,
Emulated.HW/Motorola/MFP/MC68901/Usart.cs:126:property:si,PLANNED,src/devices/ethernet/eth_mfp_usart.c,si,,,
Emulated.HW/Motorola/MFP/MC68901/Usart.cs:131:property:last_si,PLANNED,src/devices/ethernet/eth_mfp_usart.c,last_si,,,
Emulated.HW/Motorola/MFP/MC68901/Usart.cs:136:property:rparity,PLANNED,src/devices/ethernet/eth_mfp_usart.c,rparity,,,
Emulated.HW/Motorola/MFP/MC68901/Usart.cs:144:property:osr,PLANNED,src/devices/ethernet/eth_mfp_usart.c,osr,,,
Emulated.HW/Motorola/MFP/MC68901/Usart.cs:149:property:tclk,PLANNED,src/devices/ethernet/eth_mfp_usart.c,tclk,,,
Emulated.HW/Motorola/MFP/MC68901/Usart.cs:154:property:tbits,PLANNED,src/devices/ethernet/eth_mfp_usart.c,tbits,,,
Emulated.HW/Motorola/MFP/MC68901/Usart.cs:159:property:tc,PLANNED,src/devices/ethernet/eth_mfp_usart.c,tc,,,
Emulated.HW/Motorola/MFP/MC68901/Usart.cs:164:property:so,PLANNED,src/devices/ethernet/eth_mfp_usart.c,so,,,
Emulated.HW/Motorola/MFP/MC68901/Usart.cs:169:property:tparity,PLANNED,src/devices/ethernet/eth_mfp_usart.c,tparity,,,
Emulated.HW/Motorola/MFP/MC68901/Usart.cs:174:property:underrun,PLANNED,src/devices/ethernet/eth_mfp_usart.c,underrun,,,
Emulated.HW/Motorola/MFP/MC68901/Usart.cs:182:ctor:Usart,PLANNED,src/devices/ethernet/eth_mfp_usart.c,usart_create,,,
Emulated.HW/Motorola/MFP/MC68901/Usart.cs:186:method:Clear,PLANNED,src/devices/ethernet/eth_mfp_usart.c,usart_clear,,,
Emulated.HW/Motorola/MFP/MC68901/Usart.cs:220:method:ReadUDR,PLANNED,src/devices/ethernet/eth_mfp_usart.c,usart_read_udr,,,
Emulated.HW/Motorola/MFP/MC68901/Usart.cs:244:method:tx_buffer_empty,PLANNED,src/devices/ethernet/eth_mfp_usart.c,usart_tx_buffer_empty,,,
Emulated.HW/Motorola/MFP/MC68901/Usart.cs:251:method:tx_error,PLANNED,src/devices/ethernet/eth_mfp_usart.c,usart_tx_error,,,
Emulated.HW/Motorola/MFP/MC68901/Usart.cs:256:method:rx_buffer_full,PLANNED,src/devices/ethernet/eth_mfp_usart.c,usart_rx_buffer_full,,,
Emulated.HW/Motorola/MFP/MC68901/Usart.cs:261:method:rx_error,PLANNED,src/devices/ethernet/eth_mfp_usart.c,usart_rx_error,,,
Emulated.HW/Motorola/MFP/MC68901/Usart.cs:274:method:set_receiver_clock,PLANNED,src/devices/ethernet/eth_mfp_usart.c,usart_set_receiver_clock,,,
Emulated.HW/Motorola/MFP/MC68901/Usart.cs:297:method:set_serial_input,PLANNED,src/devices/ethernet/eth_mfp_usart.c,usart_set_serial_input,,,
Emulated.HW/Motorola/MFP/MC68901/Usart.cs:307:method:set_transmitter_clock,PLANNED,src/devices/ethernet/eth_mfp_usart.c,usart_set_transmitter_clock,,,
Emulated.HW/Motorola/MFP/MC68901/Usart.cs:331:method:rx_frame_start,PLANNED,src/devices/ethernet/eth_mfp_usart.c,usart_rx_frame_start,,,
Emulated.HW/Motorola/MFP/MC68901/Usart.cs:338:method:rx_sync_found,PLANNED,src/devices/ethernet/eth_mfp_usart.c,usart_rx_sync_found,,,
Emulated.HW/Motorola/MFP/MC68901/Usart.cs:350:method:rx_async_frame_complete,PLANNED,src/devices/ethernet/eth_mfp_usart.c,usart_rx_async_frame_complete,,,
Emulated.HW/Motorola/MFP/MC68901/Usart.cs:396:method:rx_sync_frame_complete,PLANNED,src/devices/ethernet/eth_mfp_usart.c,usart_rx_sync_frame_complete,,,
Emulated.HW/Motorola/MFP/MC68901/Usart.cs:405:method:rx_clock,PLANNED,src/devices/ethernet/eth_mfp_usart.c,usart_rx_clock,,,
Emulated.HW/Motorola/MFP/MC68901/Usart.cs:495:method:tx_frame_load,PLANNED,src/devices/ethernet/eth_mfp_usart.c,usart_tx_frame_load,,,
Emulated.HW/Motorola/MFP/MC68901/Usart.cs:511:method:tx_clock,PLANNED,src/devices/ethernet/eth_mfp_usart.c,usart_tx_clock,,,
Emulated.HW/Motorola/MFP/MC68901/HelperEnum.cs:24:delegate:TimerOutput,PLANNED,src/devices/ethernet/eth_mfp.h,TimerOutput,,,
Emulated.HW/Motorola/MFP/MC68901/HelperEnum.cs:30:delegate:TimerElapsed,PLANNED,src/devices/ethernet/eth_mfp.h,TimerElapsed,,,
Emulated.HW/Motorola/MFP/MC68901/HelperEnum.cs:36:delegate:TakeInterrupt,PLANNED,src/devices/ethernet/eth_mfp.h,TakeInterrupt,,,
Emulated.HW/Motorola/MFP/MC68901/HelperEnum.cs:38:delegate:ByteOutput,PLANNED,src/devices/ethernet/eth_mfp.h,ByteOutput,,,
Emulated.HW/Motorola/MFP/MC68901/HelperEnum.cs:39:delegate:BoolOutput,PLANNED,src/devices/ethernet/eth_mfp.h,BoolOutput,,,
Emulated.HW/Motorola/MFP/MC68901/HelperEnum.cs:46:enum:MFPRegister,PLANNED,src/devices/ethernet/eth_mfp.h,MFPRegister,,,
Emulated.HW/Motorola/MFP/MC68901/HelperEnum.cs:52:enumvalue:GPDR,PLANNED,src/devices/ethernet/eth_mfp.h,MFP_REGISTER_GPDR,,,
Emulated.HW/Motorola/MFP/MC68901/HelperEnum.cs:58:enumvalue:AER,PLANNED,src/devices/ethernet/eth_mfp.h,MFP_REGISTER_AER,,,
Emulated.HW/Motorola/MFP/MC68901/HelperEnum.cs:64:enumvalue:DDR,PLANNED,src/devices/ethernet/eth_mfp.h,MFP_REGISTER_DDR,,,
Emulated.HW/Motorola/MFP/MC68901/HelperEnum.cs:69:enumvalue:IERA,PLANNED,src/devices/ethernet/eth_mfp.h,MFP_REGISTER_IERA,,,
Emulated.HW/Motorola/MFP/MC68901/HelperEnum.cs:74:enumvalue:IERB,PLANNED,src/devices/ethernet/eth_mfp.h,MFP_REGISTER_IERB,,,
Emulated.HW/Motorola/MFP/MC68901/HelperEnum.cs:79:enumvalue:IPRA,PLANNED,src/devices/ethernet/eth_mfp.h,MFP_REGISTER_IPRA,,,
Emulated.HW/Motorola/MFP/MC68901/HelperEnum.cs:84:enumvalue:IPRB,PLANNED,src/devices/ethernet/eth_mfp.h,MFP_REGISTER_IPRB,,,
Emulated.HW/Motorola/MFP/MC68901/HelperEnum.cs:89:enumvalue:ISRA,PLANNED,src/devices/ethernet/eth_mfp.h,MFP_REGISTER_ISRA,,,
Emulated.HW/Motorola/MFP/MC68901/HelperEnum.cs:94:enumvalue:ISRB,PLANNED,src/devices/ethernet/eth_mfp.h,MFP_REGISTER_ISRB,,,
Emulated.HW/Motorola/MFP/MC68901/HelperEnum.cs:99:enumvalue:IMRA,PLANNED,src/devices/ethernet/eth_mfp.h,MFP_REGISTER_IMRA,,,
Emulated.HW/Motorola/MFP/MC68901/HelperEnum.cs:104:enumvalue:IMRB,PLANNED,src/devices/ethernet/eth_mfp.h,MFP_REGISTER_IMRB,,,
Emulated.HW/Motorola/MFP/MC68901/HelperEnum.cs:109:enumvalue:VR,PLANNED,src/devices/ethernet/eth_mfp.h,MFP_REGISTER_VR,,,
Emulated.HW/Motorola/MFP/MC68901/HelperEnum.cs:114:enumvalue:TACR,PLANNED,src/devices/ethernet/eth_mfp.h,MFP_REGISTER_TACR,,,
Emulated.HW/Motorola/MFP/MC68901/HelperEnum.cs:119:enumvalue:TBCR,PLANNED,src/devices/ethernet/eth_mfp.h,MFP_REGISTER_TBCR,,,
Emulated.HW/Motorola/MFP/MC68901/HelperEnum.cs:124:enumvalue:TCDCR,PLANNED,src/devices/ethernet/eth_mfp.h,MFP_REGISTER_TCDCR,,,
Emulated.HW/Motorola/MFP/MC68901/HelperEnum.cs:129:enumvalue:TADR,PLANNED,src/devices/ethernet/eth_mfp.h,MFP_REGISTER_TADR,,,
Emulated.HW/Motorola/MFP/MC68901/HelperEnum.cs:134:enumvalue:TBDR,PLANNED,src/devices/ethernet/eth_mfp.h,MFP_REGISTER_TBDR,,,
Emulated.HW/Motorola/MFP/MC68901/HelperEnum.cs:139:enumvalue:TCDR,PLANNED,src/devices/ethernet/eth_mfp.h,MFP_REGISTER_TCDR,,,
Emulated.HW/Motorola/MFP/MC68901/HelperEnum.cs:144:enumvalue:TDDR,PLANNED,src/devices/ethernet/eth_mfp.h,MFP_REGISTER_TDDR,,,
Emulated.HW/Motorola/MFP/MC68901/HelperEnum.cs:149:enumvalue:SCR,PLANNED,src/devices/ethernet/eth_mfp.h,MFP_REGISTER_SCR,,,
Emulated.HW/Motorola/MFP/MC68901/HelperEnum.cs:154:enumvalue:UCR,PLANNED,src/devices/ethernet/eth_mfp.h,MFP_REGISTER_UCR,,,
Emulated.HW/Motorola/MFP/MC68901/HelperEnum.cs:159:enumvalue:RSR,PLANNED,src/devices/ethernet/eth_mfp.h,MFP_REGISTER_RSR,,,
Emulated.HW/Motorola/MFP/MC68901/HelperEnum.cs:164:enumvalue:TSR,PLANNED,src/devices/ethernet/eth_mfp.h,MFP_REGISTER_TSR,,,
Emulated.HW/Motorola/MFP/MC68901/HelperEnum.cs:169:enumvalue:UDR,PLANNED,src/devices/ethernet/eth_mfp.h,MFP_REGISTER_UDR,,,
Emulated.HW/Motorola/MFP/MC68901/HelperEnum.cs:173:enum:MfpTimerName,PLANNED,src/devices/ethernet/eth_mfp.h,MfpTimerName,,,
Emulated.HW/Motorola/MFP/MC68901/HelperEnum.cs:175:enumvalue:A,PLANNED,src/devices/ethernet/eth_mfp.h,MFP_TIMER_NAME_A,,,
Emulated.HW/Motorola/MFP/MC68901/HelperEnum.cs:176:enumvalue:B,PLANNED,src/devices/ethernet/eth_mfp.h,MFP_TIMER_NAME_B,,,
Emulated.HW/Motorola/MFP/MC68901/HelperEnum.cs:177:enumvalue:C,PLANNED,src/devices/ethernet/eth_mfp.h,MFP_TIMER_NAME_C,,,
Emulated.HW/Motorola/MFP/MC68901/HelperEnum.cs:178:enumvalue:D,PLANNED,src/devices/ethernet/eth_mfp.h,MFP_TIMER_NAME_D,,,
Emulated.HW/Motorola/MFP/MC68901/HelperEnum.cs:187:enum:InterruptVectorNumber,PLANNED,src/devices/ethernet/eth_mfp.h,InterruptVectorNumber,,,
Emulated.HW/Motorola/MFP/MC68901/HelperEnum.cs:191:enumvalue:IR_GPIP_0,PLANNED,src/devices/ethernet/eth_mfp.h,INTERRUPT_VECTOR_NUMBER_IR_GPIP_0,,,
Emulated.HW/Motorola/MFP/MC68901/HelperEnum.cs:193:enumvalue:IR_GPIP_1,PLANNED,src/devices/ethernet/eth_mfp.h,INTERRUPT_VECTOR_NUMBER_IR_GPIP_1,,,
Emulated.HW/Motorola/MFP/MC68901/HelperEnum.cs:195:enumvalue:IR_GPIP_2,PLANNED,src/devices/ethernet/eth_mfp.h,INTERRUPT_VECTOR_NUMBER_IR_GPIP_2,,,
Emulated.HW/Motorola/MFP/MC68901/HelperEnum.cs:197:enumvalue:IR_GPIP_3,PLANNED,src/devices/ethernet/eth_mfp.h,INTERRUPT_VECTOR_NUMBER_IR_GPIP_3,,,
Emulated.HW/Motorola/MFP/MC68901/HelperEnum.cs:199:enumvalue:IR_TIMER_D,PLANNED,src/devices/ethernet/eth_mfp.h,INTERRUPT_VECTOR_NUMBER_IR_TIMER_D,,,
Emulated.HW/Motorola/MFP/MC68901/HelperEnum.cs:201:enumvalue:IR_TIMER_C,PLANNED,src/devices/ethernet/eth_mfp.h,INTERRUPT_VECTOR_NUMBER_IR_TIMER_C,,,
Emulated.HW/Motorola/MFP/MC68901/HelperEnum.cs:203:enumvalue:IR_GPIP_4,PLANNED,src/devices/ethernet/eth_mfp.h,INTERRUPT_VECTOR_NUMBER_IR_GPIP_4,,,
Emulated.HW/Motorola/MFP/MC68901/HelperEnum.cs:205:enumvalue:IR_GPIP_5,PLANNED,src/devices/ethernet/eth_mfp.h,INTERRUPT_VECTOR_NUMBER_IR_GPIP_5,,,
Emulated.HW/Motorola/MFP/MC68901/HelperEnum.cs:207:enumvalue:IR_TIMER_B,PLANNED,src/devices/ethernet/eth_mfp.h,INTERRUPT_VECTOR_NUMBER_IR_TIMER_B,,,
Emulated.HW/Motorola/MFP/MC68901/HelperEnum.cs:209:enumvalue:IR_XMIT_ERROR,PLANNED,src/devices/ethernet/eth_mfp.h,INTERRUPT_VECTOR_NUMBER_IR_XMIT_ERROR,,,
Emulated.HW/Motorola/MFP/MC68901/HelperEnum.cs:211:enumvalue:IR_XMIT_BUFFER_EMPTY,PLANNED,src/devices/ethernet/eth_mfp.h,INTERRUPT_VECTOR_NUMBER_IR_XMIT_BUFFER_EMPTY,,,
Emulated.HW/Motorola/MFP/MC68901/HelperEnum.cs:213:enumvalue:IR_RCV_ERROR,PLANNED,src/devices/ethernet/eth_mfp.h,INTERRUPT_VECTOR_NUMBER_IR_RCV_ERROR,,,
Emulated.HW/Motorola/MFP/MC68901/HelperEnum.cs:215:enumvalue:IR_RCV_BUFFER_FULL,PLANNED,src/devices/ethernet/eth_mfp.h,INTERRUPT_VECTOR_NUMBER_IR_RCV_BUFFER_FULL,,,
Emulated.HW/Motorola/MFP/MC68901/HelperEnum.cs:217:enumvalue:IR_TIMER_A,PLANNED,src/devices/ethernet/eth_mfp.h,INTERRUPT_VECTOR_NUMBER_IR_TIMER_A,,,
Emulated.HW/Motorola/MFP/MC68901/HelperEnum.cs:219:enumvalue:IR_GPIP_6,PLANNED,src/devices/ethernet/eth_mfp.h,INTERRUPT_VECTOR_NUMBER_IR_GPIP_6,,,
Emulated.HW/Motorola/MFP/MC68901/HelperEnum.cs:221:enumvalue:IR_GPIP_7,PLANNED,src/devices/ethernet/eth_mfp.h,INTERRUPT_VECTOR_NUMBER_IR_GPIP_7,,,
Emulated.HW/Motorola/MFP/MC68901/HelperEnum.cs:223:enum:GPIP,PLANNED,src/devices/ethernet/eth_mfp.h,GPIP,,,
Emulated.HW/Motorola/MFP/MC68901/HelperEnum.cs:225:enumvalue:GPIP_0,PLANNED,src/devices/ethernet/eth_mfp.h,GPIP_GPIP_0,,,
Emulated.HW/Motorola/MFP/MC68901/HelperEnum.cs:226:enumvalue:GPIP_1,PLANNED,src/devices/ethernet/eth_mfp.h,GPIP_GPIP_1,,,
Emulated.HW/Motorola/MFP/MC68901/HelperEnum.cs:227:enumvalue:GPIP_2,PLANNED,src/devices/ethernet/eth_mfp.h,GPIP_GPIP_2,,,
Emulated.HW/Motorola/MFP/MC68901/HelperEnum.cs:228:enumvalue:GPIP_3,PLANNED,src/devices/ethernet/eth_mfp.h,GPIP_GPIP_3,,,
Emulated.HW/Motorola/MFP/MC68901/HelperEnum.cs:229:enumvalue:GPIP_4,PLANNED,src/devices/ethernet/eth_mfp.h,GPIP_GPIP_4,,,
Emulated.HW/Motorola/MFP/MC68901/HelperEnum.cs:230:enumvalue:GPIP_5,PLANNED,src/devices/ethernet/eth_mfp.h,GPIP_GPIP_5,,,
Emulated.HW/Motorola/MFP/MC68901/HelperEnum.cs:231:enumvalue:GPIP_6,PLANNED,src/devices/ethernet/eth_mfp.h,GPIP_GPIP_6,,,
Emulated.HW/Motorola/MFP/MC68901/HelperEnum.cs:232:enumvalue:GPIP_7,PLANNED,src/devices/ethernet/eth_mfp.h,GPIP_GPIP_7,,,
Emulated.HW/Motorola/MFP/MC68901/HelperEnum.cs:236:enum:TCR_STATE,PLANNED,src/devices/ethernet/eth_mfp.h,TCR_STATE,,,
Emulated.HW/Motorola/MFP/MC68901/HelperEnum.cs:238:enumvalue:TCR_TIMER_STOPPED,PLANNED,src/devices/ethernet/eth_mfp.h,TCR_STATE_TCR_TIMER_STOPPED,,,
Emulated.HW/Motorola/MFP/MC68901/HelperEnum.cs:239:enumvalue:TCR_TIMER_DELAY_4,PLANNED,src/devices/ethernet/eth_mfp.h,TCR_STATE_TCR_TIMER_DELAY_4,,,
Emulated.HW/Motorola/MFP/MC68901/HelperEnum.cs:240:enumvalue:TCR_TIMER_DELAY_10,PLANNED,src/devices/ethernet/eth_mfp.h,TCR_STATE_TCR_TIMER_DELAY_10,,,
Emulated.HW/Motorola/MFP/MC68901/HelperEnum.cs:241:enumvalue:TCR_TIMER_DELAY_16,PLANNED,src/devices/ethernet/eth_mfp.h,TCR_STATE_TCR_TIMER_DELAY_16,,,
Emulated.HW/Motorola/MFP/MC68901/HelperEnum.cs:242:enumvalue:TCR_TIMER_DELAY_50,PLANNED,src/devices/ethernet/eth_mfp.h,TCR_STATE_TCR_TIMER_DELAY_50,,,
Emulated.HW/Motorola/MFP/MC68901/HelperEnum.cs:243:enumvalue:TCR_TIMER_DELAY_64,PLANNED,src/devices/ethernet/eth_mfp.h,TCR_STATE_TCR_TIMER_DELAY_64,,,
Emulated.HW/Motorola/MFP/MC68901/HelperEnum.cs:244:enumvalue:TCR_TIMER_DELAY_100,PLANNED,src/devices/ethernet/eth_mfp.h,TCR_STATE_TCR_TIMER_DELAY_100,,,
Emulated.HW/Motorola/MFP/MC68901/HelperEnum.cs:245:enumvalue:TCR_TIMER_DELAY_200,PLANNED,src/devices/ethernet/eth_mfp.h,TCR_STATE_TCR_TIMER_DELAY_200,,,
Emulated.HW/Motorola/MFP/MC68901/HelperEnum.cs:246:enumvalue:TCR_TIMER_EVENT,PLANNED,src/devices/ethernet/eth_mfp.h,TCR_STATE_TCR_TIMER_EVENT,,,
Emulated.HW/Motorola/MFP/MC68901/HelperEnum.cs:247:enumvalue:TCR_TIMER_PULSE_4,PLANNED,src/devices/ethernet/eth_mfp.h,TCR_STATE_TCR_TIMER_PULSE_4,,,
Emulated.HW/Motorola/MFP/MC68901/HelperEnum.cs:248:enumvalue:TCR_TIMER_PULSE_10,PLANNED,src/devices/ethernet/eth_mfp.h,TCR_STATE_TCR_TIMER_PULSE_10,,,
Emulated.HW/Motorola/MFP/MC68901/HelperEnum.cs:249:enumvalue:TCR_TIMER_PULSE_16,PLANNED,src/devices/ethernet/eth_mfp.h,TCR_STATE_TCR_TIMER_PULSE_16,,,
Emulated.HW/Motorola/MFP/MC68901/HelperEnum.cs:250:enumvalue:TCR_TIMER_PULSE_50,PLANNED,src/devices/ethernet/eth_mfp.h,TCR_STATE_TCR_TIMER_PULSE_50,,,
Emulated.HW/Motorola/MFP/MC68901/HelperEnum.cs:251:enumvalue:TCR_TIMER_PULSE_64,PLANNED,src/devices/ethernet/eth_mfp.h,TCR_STATE_TCR_TIMER_PULSE_64,,,
Emulated.HW/Motorola/MFP/MC68901/HelperEnum.cs:252:enumvalue:TCR_TIMER_PULSE_100,PLANNED,src/devices/ethernet/eth_mfp.h,TCR_STATE_TCR_TIMER_PULSE_100,,,
Emulated.HW/Motorola/MFP/MC68901/HelperEnum.cs:253:enumvalue:TCR_TIMER_PULSE_200,PLANNED,src/devices/ethernet/eth_mfp.h,TCR_STATE_TCR_TIMER_PULSE_200,,,
Emulated.HW/Motorola/MFP/MC68901/HelperEnum.cs:254:enumvalue:TCR_TIMER_RESET,PLANNED,src/devices/ethernet/eth_mfp.h,TCR_STATE_TCR_TIMER_RESET,,,
Emulated.HW/Motorola/MFP/MC68901/HelperEnum.cs:262:enum:UCR_FLAGS,PLANNED,src/devices/ethernet/eth_mfp.h,UCR_FLAGS,,,
Emulated.HW/Motorola/MFP/MC68901/HelperEnum.cs:266:enumvalue:UCR_PARITY_ENABLED,PLANNED,src/devices/ethernet/eth_mfp.h,UCR_FLAGS_UCR_PARITY_ENABLED,,,
Emulated.HW/Motorola/MFP/MC68901/HelperEnum.cs:268:enumvalue:UCR_PARITY_EVEN,PLANNED,src/devices/ethernet/eth_mfp.h,UCR_FLAGS_UCR_PARITY_EVEN,,,
Emulated.HW/Motorola/MFP/MC68901/HelperEnum.cs:270:enumvalue:UCR_PARITY_ODD,PLANNED,src/devices/ethernet/eth_mfp.h,UCR_FLAGS_UCR_PARITY_ODD,,,
Emulated.HW/Motorola/MFP/MC68901/HelperEnum.cs:272:enumvalue:UCR_WORD_LENGTH_8,PLANNED,src/devices/ethernet/eth_mfp.h,UCR_FLAGS_UCR_WORD_LENGTH_8,,,
Emulated.HW/Motorola/MFP/MC68901/HelperEnum.cs:274:enumvalue:UCR_WORD_LENGTH_7,PLANNED,src/devices/ethernet/eth_mfp.h,UCR_FLAGS_UCR_WORD_LENGTH_7,,,
Emulated.HW/Motorola/MFP/MC68901/HelperEnum.cs:276:enumvalue:UCR_WORD_LENGTH_6,PLANNED,src/devices/ethernet/eth_mfp.h,UCR_FLAGS_UCR_WORD_LENGTH_6,,,
Emulated.HW/Motorola/MFP/MC68901/HelperEnum.cs:278:enumvalue:UCR_WORD_LENGTH_5,PLANNED,src/devices/ethernet/eth_mfp.h,UCR_FLAGS_UCR_WORD_LENGTH_5,,,
Emulated.HW/Motorola/MFP/MC68901/HelperEnum.cs:280:enumvalue:UCR_WORD_LENGTH_MASK,PLANNED,src/devices/ethernet/eth_mfp.h,UCR_FLAGS_UCR_WORD_LENGTH_MASK,,,
Emulated.HW/Motorola/MFP/MC68901/HelperEnum.cs:282:enumvalue:UCR_START_STOP_0_0,PLANNED,src/devices/ethernet/eth_mfp.h,UCR_FLAGS_UCR_START_STOP_0_0,,,
Emulated.HW/Motorola/MFP/MC68901/HelperEnum.cs:284:enumvalue:UCR_START_STOP_1_1,PLANNED,src/devices/ethernet/eth_mfp.h,UCR_FLAGS_UCR_START_STOP_1_1,,,
Emulated.HW/Motorola/MFP/MC68901/HelperEnum.cs:286:enumvalue:UCR_START_STOP_1_15,PLANNED,src/devices/ethernet/eth_mfp.h,UCR_FLAGS_UCR_START_STOP_1_15,,,
Emulated.HW/Motorola/MFP/MC68901/HelperEnum.cs:288:enumvalue:UCR_START_STOP_1_2,PLANNED,src/devices/ethernet/eth_mfp.h,UCR_FLAGS_UCR_START_STOP_1_2,,,
Emulated.HW/Motorola/MFP/MC68901/HelperEnum.cs:290:enumvalue:UCR_CLOCK_DIVIDE_16,PLANNED,src/devices/ethernet/eth_mfp.h,UCR_FLAGS_UCR_CLOCK_DIVIDE_16,,,
Emulated.HW/Motorola/MFP/MC68901/HelperEnum.cs:292:enumvalue:UCR_CLOCK_DIVIDE_1,PLANNED,src/devices/ethernet/eth_mfp.h,UCR_FLAGS_UCR_CLOCK_DIVIDE_1,,,
Emulated.HW/Motorola/MFP/MC68901/HelperEnum.cs:299:enum:RSR_FLAGS,PLANNED,src/devices/ethernet/eth_mfp.h,RSR_FLAGS,,,
Emulated.HW/Motorola/MFP/MC68901/HelperEnum.cs:303:enumvalue:RSR_RCV_ENABLE,PLANNED,src/devices/ethernet/eth_mfp.h,RSR_FLAGS_RSR_RCV_ENABLE,,,
Emulated.HW/Motorola/MFP/MC68901/HelperEnum.cs:305:enumvalue:RSR_SYNC_STRIP_ENABLE,PLANNED,src/devices/ethernet/eth_mfp.h,RSR_FLAGS_RSR_SYNC_STRIP_ENABLE,,,
Emulated.HW/Motorola/MFP/MC68901/HelperEnum.cs:307:enumvalue:RSR_MATCH,PLANNED,src/devices/ethernet/eth_mfp.h,RSR_FLAGS_RSR_MATCH,,,
Emulated.HW/Motorola/MFP/MC68901/HelperEnum.cs:309:enumvalue:RSR_CHAR_IN_PROGRESS,PLANNED,src/devices/ethernet/eth_mfp.h,RSR_FLAGS_RSR_CHAR_IN_PROGRESS,,,
Emulated.HW/Motorola/MFP/MC68901/HelperEnum.cs:311:enumvalue:RSR_FOUND_SEARCH,PLANNED,src/devices/ethernet/eth_mfp.h,RSR_FLAGS_RSR_FOUND_SEARCH,,,
Emulated.HW/Motorola/MFP/MC68901/HelperEnum.cs:313:enumvalue:RSR_BREAK,PLANNED,src/devices/ethernet/eth_mfp.h,RSR_FLAGS_RSR_BREAK,,,
Emulated.HW/Motorola/MFP/MC68901/HelperEnum.cs:315:enumvalue:RSR_FRAME_ERROR,PLANNED,src/devices/ethernet/eth_mfp.h,RSR_FLAGS_RSR_FRAME_ERROR,,,
Emulated.HW/Motorola/MFP/MC68901/HelperEnum.cs:317:enumvalue:RSR_PARITY_ERROR,PLANNED,src/devices/ethernet/eth_mfp.h,RSR_FLAGS_RSR_PARITY_ERROR,,,
Emulated.HW/Motorola/MFP/MC68901/HelperEnum.cs:319:enumvalue:RSR_OVERRUN_ERROR,PLANNED,src/devices/ethernet/eth_mfp.h,RSR_FLAGS_RSR_OVERRUN_ERROR,,,
Emulated.HW/Motorola/MFP/MC68901/HelperEnum.cs:321:enumvalue:RSR_BUFFER_FULL,PLANNED,src/devices/ethernet/eth_mfp.h,RSR_FLAGS_RSR_BUFFER_FULL,,,
Emulated.HW/Motorola/MFP/MC68901/HelperEnum.cs:328:enum:TSR_FLAGS,PLANNED,src/devices/ethernet/eth_mfp.h,TSR_FLAGS,,,
Emulated.HW/Motorola/MFP/MC68901/HelperEnum.cs:332:enumvalue:TSR_OUTPUT_HI_Z,PLANNED,src/devices/ethernet/eth_mfp.h,TSR_FLAGS_TSR_OUTPUT_HI_Z,,,
Emulated.HW/Motorola/MFP/MC68901/HelperEnum.cs:334:enumvalue:TSR_XMIT_ENABLE,PLANNED,src/devices/ethernet/eth_mfp.h,TSR_FLAGS_TSR_XMIT_ENABLE,,,
Emulated.HW/Motorola/MFP/MC68901/HelperEnum.cs:336:enumvalue:TSR_OUTPUT_LOW,PLANNED,src/devices/ethernet/eth_mfp.h,TSR_FLAGS_TSR_OUTPUT_LOW,,,
Emulated.HW/Motorola/MFP/MC68901/HelperEnum.cs:338:enumvalue:TSR_OUTPUT_HIGH,PLANNED,src/devices/ethernet/eth_mfp.h,TSR_FLAGS_TSR_OUTPUT_HIGH,,,
Emulated.HW/Motorola/MFP/MC68901/HelperEnum.cs:340:enumvalue:TSR_OUTPUT_LOOP,PLANNED,src/devices/ethernet/eth_mfp.h,TSR_FLAGS_TSR_OUTPUT_LOOP,,,
Emulated.HW/Motorola/MFP/MC68901/HelperEnum.cs:342:enumvalue:TSR_BREAK,PLANNED,src/devices/ethernet/eth_mfp.h,TSR_FLAGS_TSR_BREAK,,,
Emulated.HW/Motorola/MFP/MC68901/HelperEnum.cs:344:enumvalue:TSR_END_OF_XMIT,PLANNED,src/devices/ethernet/eth_mfp.h,TSR_FLAGS_TSR_END_OF_XMIT,,,
Emulated.HW/Motorola/MFP/MC68901/HelperEnum.cs:346:enumvalue:TSR_AUTO_TURNAROUND,PLANNED,src/devices/ethernet/eth_mfp.h,TSR_FLAGS_TSR_AUTO_TURNAROUND,,,
Emulated.HW/Motorola/MFP/MC68901/HelperEnum.cs:348:enumvalue:TSR_UNDERRUN_ERROR,PLANNED,src/devices/ethernet/eth_mfp.h,TSR_FLAGS_TSR_UNDERRUN_ERROR,,,
Emulated.HW/Motorola/MFP/MC68901/HelperEnum.cs:350:enumvalue:TSR_BUFFER_EMPTY,PLANNED,src/devices/ethernet/eth_mfp.h,TSR_FLAGS_TSR_BUFFER_EMPTY,,,
Emulated.HW/Motorola/MFP/MC68901/HelperEnum.cs:352:enumvalue:TSR_OUTPUT_MASK,PLANNED,src/devices/ethernet/eth_mfp.h,TSR_FLAGS_TSR_OUTPUT_MASK,,,
Emulated.HW/Motorola/MFP/MC68901/HelperEnum.cs:355:enum:SERIAL_STATE,PLANNED,src/devices/ethernet/eth_mfp.h,SERIAL_STATE,,,
Emulated.HW/Motorola/MFP/MC68901/HelperEnum.cs:357:enumvalue:SERIAL_START,PLANNED,src/devices/ethernet/eth_mfp.h,SERIAL_STATE_SERIAL_START,,,
Emulated.HW/Motorola/MFP/MC68901/HelperEnum.cs:358:enumvalue:SERIAL_DATA,PLANNED,src/devices/ethernet/eth_mfp.h,SERIAL_STATE_SERIAL_DATA,,,
Emulated.HW/Motorola/MFP/MC68901/HelperEnum.cs:359:enumvalue:SERIAL_PARITY,PLANNED,src/devices/ethernet/eth_mfp.h,SERIAL_STATE_SERIAL_PARITY,,,
Emulated.HW/Motorola/MFP/MC68901/HelperEnum.cs:360:enumvalue:SERIAL_STOP,PLANNED,src/devices/ethernet/eth_mfp.h,SERIAL_STATE_SERIAL_STOP,,,
Emulated.HW/Motorola/MFP/MC68901/HelperEnum.cs:363:enum:XMIT_STATE,PLANNED,src/devices/ethernet/eth_mfp.h,XMIT_STATE,,,
Emulated.HW/Motorola/MFP/MC68901/HelperEnum.cs:365:enumvalue:XMIT_OFF,PLANNED,src/devices/ethernet/eth_mfp.h,XMIT_STATE_XMIT_OFF,,,
Emulated.HW/Motorola/MFP/MC68901/HelperEnum.cs:366:enumvalue:XMIT_STARTING,PLANNED,src/devices/ethernet/eth_mfp.h,XMIT_STATE_XMIT_STARTING,,,
Emulated.HW/Motorola/MFP/MC68901/HelperEnum.cs:367:enumvalue:XMIT_ON,PLANNED,src/devices/ethernet/eth_mfp.h,XMIT_STATE_XMIT_ON,,,
Emulated.HW/Motorola/MFP/MC68901/HelperEnum.cs:368:enumvalue:XMIT_BREAK,PLANNED,src/devices/ethernet/eth_mfp.h,XMIT_STATE_XMIT_BREAK,,,
Emulated.HW/Motorola/MFP/MC68901/HelperEnum.cs:369:enumvalue:XMIT_STOPPING,PLANNED,src/devices/ethernet/eth_mfp.h,XMIT_STATE_XMIT_STOPPING,,,
Emulated.HW/Motorola/MFP/MC68901/HelperEnum.cs:372:class:Mapper,PLANNED,src/devices/ethernet/eth_mfp.h,Mapper,,,
Emulated.HW/Motorola/MFP/MC68901/HelperEnum.cs:376:field:INT_MASK_GPIO,PLANNED,src/devices/ethernet/eth_mfp.h,int_mask_gpio,,,
Emulated.HW/Motorola/MFP/MC68901/HelperEnum.cs:388:field:INT_MASK_TIMER,PLANNED,src/devices/ethernet/eth_mfp.h,int_mask_timer,,,
Emulated.HW/Motorola/MFP/MC68901/HelperEnum.cs:398:field:GPIO_TIMER,PLANNED,src/devices/ethernet/eth_mfp.h,gpio_timer,,,
Emulated.HW/Common/Network/IEthernetBackend.cs:15:interface:IEthernetBackend,PLANNED,src/devices/ethernet/net/eth_backend.h,IEthernetBackend,,,
Emulated.HW/Common/Network/IEthernetBackend.cs:17:delegate:PacketReceivedDelegate,PLANNED,src/devices/ethernet/net/eth_backend.h,PacketReceivedDelegate,,,
Emulated.HW/Common/Network/IEthernetBackend.cs:19:event:OnPacketReceived,PLANNED,src/devices/ethernet/net/eth_backend.h,on_packet_received,,,
Emulated.HW/Common/Network/IEthernetBackend.cs:21:method:Start,PLANNED,src/devices/ethernet/net/eth_backend.h,ethnet_start,,,
Emulated.HW/Common/Network/IEthernetBackend.cs:22:method:Stop,PLANNED,src/devices/ethernet/net/eth_backend.h,ethnet_stop,,,
Emulated.HW/Common/Network/IEthernetBackend.cs:23:method:SendPacket,PLANNED,src/devices/ethernet/net/eth_backend.h,ethnet_send_packet,,,
Emulated.HW/Common/Network/IEthernetBackend.cs:25:property:IsActive,PLANNED,src/devices/ethernet/net/eth_backend.h,is_active,,,
Emulated.HW/Common/Network/IEthernetBackend.cs:26:property:Description,PLANNED,src/devices/ethernet/net/eth_backend.h,description,,,
Emulated.HW/Common/Network/EthernetBackendFactory.cs:29:class:EthernetBackendFactory,PLANNED,src/devices/ethernet/net/eth_backend_factory.c,EthernetBackendFactory,,,
Emulated.HW/Common/Network/EthernetBackendFactory.cs:35:method:FromSpec,PLANNED,src/devices/ethernet/net/eth_backend_factory.c,ethnet_factory_from_spec,,,
Emulated.HW/Common/Network/NullEthernetBackend.cs:16:class:NullEthernetBackend,PLANNED,src/devices/ethernet/net/eth_net_null.c,NullEthernetBackend,,,
Emulated.HW/Common/Network/NullEthernetBackend.cs:18:event:OnPacketReceived,PLANNED,src/devices/ethernet/net/eth_net_null.c,on_packet_received,,,
Emulated.HW/Common/Network/NullEthernetBackend.cs:20:property:IsActive,PLANNED,src/devices/ethernet/net/eth_net_null.c,is_active,,,
Emulated.HW/Common/Network/NullEthernetBackend.cs:21:property:Description,PLANNED,src/devices/ethernet/net/eth_net_null.c,description,,,
Emulated.HW/Common/Network/NullEthernetBackend.cs:23:method:Start,PLANNED,src/devices/ethernet/net/eth_net_null.c,ethnet_null_start,,,
Emulated.HW/Common/Network/NullEthernetBackend.cs:29:method:Stop,PLANNED,src/devices/ethernet/net/eth_net_null.c,ethnet_null_stop,,,
Emulated.HW/Common/Network/NullEthernetBackend.cs:35:method:SendPacket,PLANNED,src/devices/ethernet/net/eth_net_null.c,ethnet_null_send_packet,,,
Emulated.HW/Common/Network/UdpEthernetBackend.cs:54:class:UdpEthernetBackend,PLANNED,src/devices/ethernet/net/eth_net_udp.c,UdpEthernetBackend,,,
Emulated.HW/Common/Network/UdpEthernetBackend.cs:57:const:DefaultPort,PLANNED,src/devices/ethernet/net/eth_net_udp.c,ETHNET_UDP_DEFAULT_PORT,,,
Emulated.HW/Common/Network/UdpEthernetBackend.cs:69:const:ReceiveRingSize,PLANNED,src/devices/ethernet/net/eth_net_udp.c,ETHNET_UDP_RECEIVE_RING_SIZE,,,
Emulated.HW/Common/Network/UdpEthernetBackend.cs:72:const:MaxFrameBytes,PLANNED,src/devices/ethernet/net/eth_net_udp.c,ETHNET_UDP_MAX_FRAME_BYTES,,,
Emulated.HW/Common/Network/UdpEthernetBackend.cs:75:const:SioUdpConnReset,PLANNED,src/devices/ethernet/net/eth_net_udp.c,ETHNET_UDP_SIO_UDP_CONN_RESET,,,
Emulated.HW/Common/Network/UdpEthernetBackend.cs:78:field:DefaultGroup,PLANNED,src/devices/ethernet/net/eth_net_udp.c,default_group,,,
Emulated.HW/Common/Network/UdpEthernetBackend.cs:80:field:_group,PLANNED,src/devices/ethernet/net/eth_net_udp.c,group,,,
Emulated.HW/Common/Network/UdpEthernetBackend.cs:81:field:_port,PLANNED,src/devices/ethernet/net/eth_net_udp.c,port,,,
Emulated.HW/Common/Network/UdpEthernetBackend.cs:85:field:_ring,PLANNED,src/devices/ethernet/net/eth_net_udp.c,ring,,,
Emulated.HW/Common/Network/UdpEthernetBackend.cs:86:field:_ringLength,PLANNED,src/devices/ethernet/net/eth_net_udp.c,ring_length,,,
Emulated.HW/Common/Network/UdpEthernetBackend.cs:87:field:_ringFilled,PLANNED,src/devices/ethernet/net/eth_net_udp.c,ring_filled,,,
Emulated.HW/Common/Network/UdpEthernetBackend.cs:88:field:_ringLock,PLANNED,src/devices/ethernet/net/eth_net_udp.c,ring_lock,,,
Emulated.HW/Common/Network/UdpEthernetBackend.cs:90:field:_socket,PLANNED,src/devices/ethernet/net/eth_net_udp.c,socket,,,
Emulated.HW/Common/Network/UdpEthernetBackend.cs:91:field:_sendEndpoint,PLANNED,src/devices/ethernet/net/eth_net_udp.c,send_endpoint,,,
Emulated.HW/Common/Network/UdpEthernetBackend.cs:92:field:_rxThread,PLANNED,src/devices/ethernet/net/eth_net_udp.c,rx_thread,,,
Emulated.HW/Common/Network/UdpEthernetBackend.cs:93:field:_dispatchThread,PLANNED,src/devices/ethernet/net/eth_net_udp.c,dispatch_thread,,,
Emulated.HW/Common/Network/UdpEthernetBackend.cs:94:field:_stopRequested,PLANNED,src/devices/ethernet/net/eth_net_udp.c,stop_requested,,,
Emulated.HW/Common/Network/UdpEthernetBackend.cs:96:field:_ringWrite,PLANNED,src/devices/ethernet/net/eth_net_udp.c,ring_write,,,
Emulated.HW/Common/Network/UdpEthernetBackend.cs:97:field:_ringRead,PLANNED,src/devices/ethernet/net/eth_net_udp.c,ring_read,,,
Emulated.HW/Common/Network/UdpEthernetBackend.cs:98:field:_ringCount,PLANNED,src/devices/ethernet/net/eth_net_udp.c,ring_count,,,
Emulated.HW/Common/Network/UdpEthernetBackend.cs:101:event:OnPacketReceived,PLANNED,src/devices/ethernet/net/eth_net_udp.c,on_packet_received,,,
Emulated.HW/Common/Network/UdpEthernetBackend.cs:104:property:IsActive,PLANNED,src/devices/ethernet/net/eth_net_udp.c,is_active,,,
Emulated.HW/Common/Network/UdpEthernetBackend.cs:107:property:Description,PLANNED,src/devices/ethernet/net/eth_net_udp.c,description,,,
Emulated.HW/Common/Network/UdpEthernetBackend.cs:112:ctor:UdpEthernetBackend,PLANNED,src/devices/ethernet/net/eth_net_udp.c,ethnet_udp_create,,,
Emulated.HW/Common/Network/UdpEthernetBackend.cs:127:property:FramesReceived,PLANNED,src/devices/ethernet/net/eth_net_udp.c,frames_received,,,
Emulated.HW/Common/Network/UdpEthernetBackend.cs:130:property:FramesSent,PLANNED,src/devices/ethernet/net/eth_net_udp.c,frames_sent,,,
Emulated.HW/Common/Network/UdpEthernetBackend.cs:136:property:FramesDroppedRingFull,PLANNED,src/devices/ethernet/net/eth_net_udp.c,frames_dropped_ring_full,,,
Emulated.HW/Common/Network/UdpEthernetBackend.cs:139:property:SendFailures,PLANNED,src/devices/ethernet/net/eth_net_udp.c,send_failures,,,
Emulated.HW/Common/Network/UdpEthernetBackend.cs:142:property:ReceiveErrors,PLANNED,src/devices/ethernet/net/eth_net_udp.c,receive_errors,,,
Emulated.HW/Common/Network/UdpEthernetBackend.cs:152:method:FromSpec,PLANNED,src/devices/ethernet/net/eth_net_udp.c,ethnet_udp_from_spec,,,
Emulated.HW/Common/Network/UdpEthernetBackend.cs:211:method:Start,PLANNED,src/devices/ethernet/net/eth_net_udp.c,ethnet_udp_start,,,
Emulated.HW/Common/Network/UdpEthernetBackend.cs:298:method:Stop,PLANNED,src/devices/ethernet/net/eth_net_udp.c,ethnet_udp_stop,,,
Emulated.HW/Common/Network/UdpEthernetBackend.cs:329:method:SendPacket,PLANNED,src/devices/ethernet/net/eth_net_udp.c,ethnet_udp_send_packet,,,
Emulated.HW/Common/Network/UdpEthernetBackend.cs:373:method:SelectMulticastInterface,PLANNED,src/devices/ethernet/net/eth_net_udp.c,ethnet_udp_select_multicast_interface,,,
Emulated.HW/Common/Network/UdpEthernetBackend.cs:433:method:ReceiveLoop,PLANNED,src/devices/ethernet/net/eth_net_udp.c,ethnet_udp_receive_loop,,,
Emulated.HW/Common/Network/UdpEthernetBackend.cs:494:method:Enqueue,PLANNED,src/devices/ethernet/net/eth_net_udp.c,ethnet_udp_enqueue,,,
Emulated.HW/Common/Network/UdpEthernetBackend.cs:531:method:DispatchLoop,PLANNED,src/devices/ethernet/net/eth_net_udp.c,ethnet_udp_dispatch_loop,,,
Emulated.HW/Common/Network/TcpEthernetBackend.cs:35:class:TcpEthernetBackend,PLANNED,src/devices/ethernet/net/eth_net_tcp.c,TcpEthernetBackend,,,
Emulated.HW/Common/Network/TcpEthernetBackend.cs:41:field:Magic,PLANNED,src/devices/ethernet/net/eth_net_tcp.c,magic,,,
Emulated.HW/Common/Network/TcpEthernetBackend.cs:44:const:ProtocolVersion,PLANNED,src/devices/ethernet/net/eth_net_tcp.c,ETHNET_TCP_PROTOCOL_VERSION,,,
Emulated.HW/Common/Network/TcpEthernetBackend.cs:48:const:MaxFrameBytes,PLANNED,src/devices/ethernet/net/eth_net_tcp.c,ETHNET_TCP_MAX_FRAME_BYTES,,,
Emulated.HW/Common/Network/TcpEthernetBackend.cs:51:const:DefaultPort,PLANNED,src/devices/ethernet/net/eth_net_tcp.c,ETHNET_TCP_DEFAULT_PORT,,,
Emulated.HW/Common/Network/TcpEthernetBackend.cs:55:field:_listen,PLANNED,src/devices/ethernet/net/eth_net_tcp.c,listen,,,
Emulated.HW/Common/Network/TcpEthernetBackend.cs:56:field:_host,PLANNED,src/devices/ethernet/net/eth_net_tcp.c,host,,,
Emulated.HW/Common/Network/TcpEthernetBackend.cs:57:field:_port,PLANNED,src/devices/ethernet/net/eth_net_tcp.c,port,,,
Emulated.HW/Common/Network/TcpEthernetBackend.cs:61:field:_listener,PLANNED,src/devices/ethernet/net/eth_net_tcp.c,listener,,,
Emulated.HW/Common/Network/TcpEthernetBackend.cs:62:field:_client,PLANNED,src/devices/ethernet/net/eth_net_tcp.c,client,,,
Emulated.HW/Common/Network/TcpEthernetBackend.cs:63:field:_stream,PLANNED,src/devices/ethernet/net/eth_net_tcp.c,stream,,,
Emulated.HW/Common/Network/TcpEthernetBackend.cs:64:field:_connThread,PLANNED,src/devices/ethernet/net/eth_net_tcp.c,conn_thread,,,
Emulated.HW/Common/Network/TcpEthernetBackend.cs:65:field:_stopRequested,PLANNED,src/devices/ethernet/net/eth_net_tcp.c,stop_requested,,,
Emulated.HW/Common/Network/TcpEthernetBackend.cs:66:field:_sendLock,PLANNED,src/devices/ethernet/net/eth_net_tcp.c,send_lock,,,
Emulated.HW/Common/Network/TcpEthernetBackend.cs:71:event:OnPacketReceived,PLANNED,src/devices/ethernet/net/eth_net_tcp.c,on_packet_received,,,
Emulated.HW/Common/Network/TcpEthernetBackend.cs:74:property:IsActive,PLANNED,src/devices/ethernet/net/eth_net_tcp.c,is_active,,,
Emulated.HW/Common/Network/TcpEthernetBackend.cs:77:property:Description,PLANNED,src/devices/ethernet/net/eth_net_tcp.c,description,,,
Emulated.HW/Common/Network/TcpEthernetBackend.cs:83:property:LocalPort,PLANNED,src/devices/ethernet/net/eth_net_tcp.c,local_port,,,
Emulated.HW/Common/Network/TcpEthernetBackend.cs:96:ctor:TcpEthernetBackend,PLANNED,src/devices/ethernet/net/eth_net_tcp.c,ethnet_tcp_create,,,
Emulated.HW/Common/Network/TcpEthernetBackend.cs:111:method:FromSpec,PLANNED,src/devices/ethernet/net/eth_net_tcp.c,ethnet_tcp_from_spec,,,
Emulated.HW/Common/Network/TcpEthernetBackend.cs:182:method:Start,PLANNED,src/devices/ethernet/net/eth_net_tcp.c,ethnet_tcp_start,,,
Emulated.HW/Common/Network/TcpEthernetBackend.cs:213:method:Stop,PLANNED,src/devices/ethernet/net/eth_net_tcp.c,ethnet_tcp_stop,,,
Emulated.HW/Common/Network/TcpEthernetBackend.cs:229:method:SendPacket,PLANNED,src/devices/ethernet/net/eth_net_tcp.c,ethnet_tcp_send_packet,,,
Emulated.HW/Common/Network/TcpEthernetBackend.cs:263:method:ListenLoop,PLANNED,src/devices/ethernet/net/eth_net_tcp.c,ethnet_tcp_listen_loop,,,
Emulated.HW/Common/Network/TcpEthernetBackend.cs:286:method:ConnectLoop,PLANNED,src/devices/ethernet/net/eth_net_tcp.c,ethnet_tcp_connect_loop,,,
Emulated.HW/Common/Network/TcpEthernetBackend.cs:317:method:RunConnection,PLANNED,src/devices/ethernet/net/eth_net_tcp.c,ethnet_tcp_run_connection,,,
Emulated.HW/Common/Network/TcpEthernetBackend.cs:371:method:Handshake,PLANNED,src/devices/ethernet/net/eth_net_tcp.c,ethnet_tcp_handshake,,,
Emulated.HW/Common/Network/TcpEthernetBackend.cs:381:method:WriteHandshake,PLANNED,src/devices/ethernet/net/eth_net_tcp.c,ethnet_tcp_write_handshake,,,
Emulated.HW/Common/Network/TcpEthernetBackend.cs:395:method:WriteHandshake,PLANNED,src/devices/ethernet/net/eth_net_tcp.c,ethnet_tcp_write_handshake,,,
Emulated.HW/Common/Network/TcpEthernetBackend.cs:405:method:ReadHandshake,PLANNED,src/devices/ethernet/net/eth_net_tcp.c,ethnet_tcp_read_handshake,,,
Emulated.HW/Common/Network/TcpEthernetBackend.cs:417:method:ReadHandshake,PLANNED,src/devices/ethernet/net/eth_net_tcp.c,ethnet_tcp_read_handshake,,,
Emulated.HW/Common/Network/TcpEthernetBackend.cs:437:method:TryReadFrame,PLANNED,src/devices/ethernet/net/eth_net_tcp.c,ethnet_tcp_try_read_frame,,,
Emulated.HW/Common/Network/TcpEthernetBackend.cs:460:method:WriteFrame,PLANNED,src/devices/ethernet/net/eth_net_tcp.c,ethnet_tcp_write_frame,,,
Emulated.HW/Common/Network/TcpEthernetBackend.cs:471:method:ReadFully,PLANNED,src/devices/ethernet/net/eth_net_tcp.c,ethnet_tcp_read_fully,,,
Emulated.HW/Common/Network/TcpEthernetBackend.cs:487:method:CloseConnection,PLANNED,src/devices/ethernet/net/eth_net_tcp.c,ethnet_tcp_close_connection,,,
Emulated.HW/Common/Network/TcpEthernetRelay.cs:38:class:TcpEthernetRelay,PLANNED,src/devices/ethernet/net/eth_net_tcp_relay.c,TcpEthernetRelay,,,
Emulated.HW/Common/Network/TcpEthernetRelay.cs:40:field:_port,PLANNED,src/devices/ethernet/net/eth_net_tcp_relay.c,port,,,
Emulated.HW/Common/Network/TcpEthernetRelay.cs:41:field:_boundPort,PLANNED,src/devices/ethernet/net/eth_net_tcp_relay.c,bound_port,,,
Emulated.HW/Common/Network/TcpEthernetRelay.cs:43:field:_listener,PLANNED,src/devices/ethernet/net/eth_net_tcp_relay.c,listener,,,
Emulated.HW/Common/Network/TcpEthernetRelay.cs:44:field:_acceptThread,PLANNED,src/devices/ethernet/net/eth_net_tcp_relay.c,accept_thread,,,
Emulated.HW/Common/Network/TcpEthernetRelay.cs:45:field:_stopRequested,PLANNED,src/devices/ethernet/net/eth_net_tcp_relay.c,stop_requested,,,
Emulated.HW/Common/Network/TcpEthernetRelay.cs:47:field:_clientsLock,PLANNED,src/devices/ethernet/net/eth_net_tcp_relay.c,clients_lock,,,
Emulated.HW/Common/Network/TcpEthernetRelay.cs:48:field:_clients,PLANNED,src/devices/ethernet/net/eth_net_tcp_relay.c,clients,,,
Emulated.HW/Common/Network/TcpEthernetRelay.cs:49:field:_framesRelayed,PLANNED,src/devices/ethernet/net/eth_net_tcp_relay.c,frames_relayed,,,
Emulated.HW/Common/Network/TcpEthernetRelay.cs:53:property:Port,PLANNED,src/devices/ethernet/net/eth_net_tcp_relay.c,port,,,
Emulated.HW/Common/Network/TcpEthernetRelay.cs:56:property:IsRunning,PLANNED,src/devices/ethernet/net/eth_net_tcp_relay.c,is_running,,,
Emulated.HW/Common/Network/TcpEthernetRelay.cs:59:property:ClientCount,PLANNED,src/devices/ethernet/net/eth_net_tcp_relay.c,client_count,,,
Emulated.HW/Common/Network/TcpEthernetRelay.cs:65:property:FramesRelayed,PLANNED,src/devices/ethernet/net/eth_net_tcp_relay.c,frames_relayed,,,
Emulated.HW/Common/Network/TcpEthernetRelay.cs:68:ctor:TcpEthernetRelay,PLANNED,src/devices/ethernet/net/eth_net_tcp_relay.c,ethnet_relay_create,,,
Emulated.HW/Common/Network/TcpEthernetRelay.cs:74:method:Start,PLANNED,src/devices/ethernet/net/eth_net_tcp_relay.c,ethnet_relay_start,,,
Emulated.HW/Common/Network/TcpEthernetRelay.cs:92:method:Stop,PLANNED,src/devices/ethernet/net/eth_net_tcp_relay.c,ethnet_relay_stop,,,
Emulated.HW/Common/Network/TcpEthernetRelay.cs:115:method:AcceptLoop,PLANNED,src/devices/ethernet/net/eth_net_tcp_relay.c,ethnet_relay_accept_loop,,,
Emulated.HW/Common/Network/TcpEthernetRelay.cs:137:method:ClientLoop,PLANNED,src/devices/ethernet/net/eth_net_tcp_relay.c,ethnet_relay_client_loop,,,
Emulated.HW/Common/Network/TcpEthernetRelay.cs:186:method:ForwardToOthers,PLANNED,src/devices/ethernet/net/eth_net_tcp_relay.c,ethnet_relay_forward_to_others,,,
Emulated.HW/Common/Network/TcpEthernetRelay.cs:214:class:RelayClient,PLANNED,src/devices/ethernet/net/eth_net_tcp_relay.c,RelayClient,,,
Emulated.HW/Common/Network/TcpEthernetRelay.cs:216:field:Tcp,PLANNED,src/devices/ethernet/net/eth_net_tcp_relay.c,tcp,,,
Emulated.HW/Common/Network/TcpEthernetRelay.cs:217:field:Stream,PLANNED,src/devices/ethernet/net/eth_net_tcp_relay.c,stream,,,
Emulated.HW/Common/Network/TcpEthernetRelay.cs:218:field:SendLock,PLANNED,src/devices/ethernet/net/eth_net_tcp_relay.c,send_lock,,,
Emulated.HW/Common/Network/TcpEthernetRelay.cs:220:ctor:RelayClient,PLANNED,src/devices/ethernet/net/eth_net_tcp_relay.c,ethnet_relay_create,,,
Emulated.HW/Common/Network/PcapEthernetBackend.cs:23:class:PcapEthernetBackend,PLANNED,src/devices/ethernet/net/eth_net_pcap.c,PcapEthernetBackend,,,
Emulated.HW/Common/Network/PcapEthernetBackend.cs:25:event:OnPacketReceived,PLANNED,src/devices/ethernet/net/eth_net_pcap.c,on_packet_received,,,
Emulated.HW/Common/Network/PcapEthernetBackend.cs:27:property:IsActive,PLANNED,src/devices/ethernet/net/eth_net_pcap.c,is_active,,,
Emulated.HW/Common/Network/PcapEthernetBackend.cs:28:property:Description,PLANNED,src/devices/ethernet/net/eth_net_pcap.c,description,,,
Emulated.HW/Common/Network/PcapEthernetBackend.cs:30:field:_interfaceName,PLANNED,src/devices/ethernet/net/eth_net_pcap.c,interface_name,,,
Emulated.HW/Common/Network/PcapEthernetBackend.cs:31:field:_filterMac,PLANNED,src/devices/ethernet/net/eth_net_pcap.c,filter_mac,,,
Emulated.HW/Common/Network/PcapEthernetBackend.cs:32:field:_acceptAllFrames,PLANNED,src/devices/ethernet/net/eth_net_pcap.c,accept_all_frames,,,
Emulated.HW/Common/Network/PcapEthernetBackend.cs:33:field:_captureThread,PLANNED,src/devices/ethernet/net/eth_net_pcap.c,capture_thread,,,
Emulated.HW/Common/Network/PcapEthernetBackend.cs:34:field:_stopRequested,PLANNED,src/devices/ethernet/net/eth_net_pcap.c,stop_requested,,,
Emulated.HW/Common/Network/PcapEthernetBackend.cs:52:ctor:PcapEthernetBackend,PLANNED,src/devices/ethernet/net/eth_net_pcap.c,ethnet_pcap_create,,,
Emulated.HW/Common/Network/PcapEthernetBackend.cs:62:method:Start,PLANNED,src/devices/ethernet/net/eth_net_pcap.c,ethnet_pcap_start,,,
Emulated.HW/Common/Network/PcapEthernetBackend.cs:110:method:Stop,PLANNED,src/devices/ethernet/net/eth_net_pcap.c,ethnet_pcap_stop,,,
Emulated.HW/Common/Network/PcapEthernetBackend.cs:127:method:SendPacket,PLANNED,src/devices/ethernet/net/eth_net_pcap.c,ethnet_pcap_send_packet,,,
Emulated.HW/Common/Network/PcapEthernetBackend.cs:197:method:ListInterfaces,PLANNED,src/devices/ethernet/net/eth_net_pcap.c,ethnet_pcap_list_interfaces,,,
Emulated.HW/Common/Network/PcapEthernetBackend.cs:251:method:ListInterfaceDetails,PLANNED,src/devices/ethernet/net/eth_net_pcap.c,ethnet_pcap_list_interface_details,,,
Emulated.HW/Common/Network/InProcessEthernetBridge.cs:29:class:InProcessEthernetWire,PLANNED,src/devices/ethernet/net/eth_net_inproc.c,InProcessEthernetWire,,,
Emulated.HW/Common/Network/InProcessEthernetBridge.cs:32:field:_endpoints,PLANNED,src/devices/ethernet/net/eth_net_inproc.c,endpoints,,,
Emulated.HW/Common/Network/InProcessEthernetBridge.cs:33:field:_lock,PLANNED,src/devices/ethernet/net/eth_net_inproc.c,lock,,,
Emulated.HW/Common/Network/InProcessEthernetBridge.cs:37:method:CreateEndpoint,PLANNED,src/devices/ethernet/net/eth_net_inproc.c,ethnet_wire_create_endpoint,,,
Emulated.HW/Common/Network/InProcessEthernetBridge.cs:50:method:Broadcast,PLANNED,src/devices/ethernet/net/eth_net_inproc.c,ethnet_wire_broadcast,,,
Emulated.HW/Common/Network/InProcessEthernetBridge.cs:78:class:InProcessEthernetBridge,PLANNED,src/devices/ethernet/net/eth_net_inproc.c,InProcessEthernetBridge,,,
Emulated.HW/Common/Network/InProcessEthernetBridge.cs:80:field:_wire,PLANNED,src/devices/ethernet/net/eth_net_inproc.c,wire,,,
Emulated.HW/Common/Network/InProcessEthernetBridge.cs:81:field:_name,PLANNED,src/devices/ethernet/net/eth_net_inproc.c,name,,,
Emulated.HW/Common/Network/InProcessEthernetBridge.cs:83:ctor:InProcessEthernetBridge,PLANNED,src/devices/ethernet/net/eth_net_inproc.c,ethnet_inproc_create,,,
Emulated.HW/Common/Network/InProcessEthernetBridge.cs:90:event:OnPacketReceived,PLANNED,src/devices/ethernet/net/eth_net_inproc.c,on_packet_received,,,
Emulated.HW/Common/Network/InProcessEthernetBridge.cs:93:property:IsActive,PLANNED,src/devices/ethernet/net/eth_net_inproc.c,is_active,,,
Emulated.HW/Common/Network/InProcessEthernetBridge.cs:96:property:Description,PLANNED,src/devices/ethernet/net/eth_net_inproc.c,description,,,
Emulated.HW/Common/Network/InProcessEthernetBridge.cs:99:method:Start,PLANNED,src/devices/ethernet/net/eth_net_inproc.c,ethnet_inproc_start,,,
Emulated.HW/Common/Network/InProcessEthernetBridge.cs:102:method:Stop,PLANNED,src/devices/ethernet/net/eth_net_inproc.c,ethnet_inproc_stop,,,
Emulated.HW/Common/Network/InProcessEthernetBridge.cs:105:method:SendPacket,PLANNED,src/devices/ethernet/net/eth_net_inproc.c,ethnet_inproc_send_packet,,,
Emulated.HW/Common/Network/InProcessEthernetBridge.cs:112:method:DeliverToCard,PLANNED,src/devices/ethernet/net/eth_net_inproc.c,ethnet_inproc_deliver_to_card,,,
Emulated.HW/Common/Network/IpChecksumRepair.cs:50:class:IpChecksumRepair,PLANNED,src/devices/ethernet/net/eth_ipcsum.c,IpChecksumRepair,,,
Emulated.HW/Common/Network/IpChecksumRepair.cs:52:const:EtherTypeIpv4,PLANNED,src/devices/ethernet/net/eth_ipcsum.c,IPCSUM_ETHER_TYPE_IPV4,,,
Emulated.HW/Common/Network/IpChecksumRepair.cs:53:const:EtherTypeVlan,PLANNED,src/devices/ethernet/net/eth_ipcsum.c,IPCSUM_ETHER_TYPE_VLAN,,,
Emulated.HW/Common/Network/IpChecksumRepair.cs:55:const:ProtocolTcp,PLANNED,src/devices/ethernet/net/eth_ipcsum.c,IPCSUM_PROTOCOL_TCP,,,
Emulated.HW/Common/Network/IpChecksumRepair.cs:56:const:ProtocolUdp,PLANNED,src/devices/ethernet/net/eth_ipcsum.c,IPCSUM_PROTOCOL_UDP,,,
Emulated.HW/Common/Network/IpChecksumRepair.cs:59:enum:Repaired,PLANNED,src/devices/ethernet/net/eth_ipcsum.c,Repaired,,,
Emulated.HW/Common/Network/IpChecksumRepair.cs:62:enumvalue:None,PLANNED,src/devices/ethernet/net/eth_ipcsum.c,REPAIRED_NONE,,,
Emulated.HW/Common/Network/IpChecksumRepair.cs:63:enumvalue:IpHeader,PLANNED,src/devices/ethernet/net/eth_ipcsum.c,REPAIRED_IP_HEADER,,,
Emulated.HW/Common/Network/IpChecksumRepair.cs:64:enumvalue:Tcp,PLANNED,src/devices/ethernet/net/eth_ipcsum.c,REPAIRED_TCP,,,
Emulated.HW/Common/Network/IpChecksumRepair.cs:65:enumvalue:Udp,PLANNED,src/devices/ethernet/net/eth_ipcsum.c,REPAIRED_UDP,,,
Emulated.HW/Common/Network/IpChecksumRepair.cs:77:method:RepairInPlace,PLANNED,src/devices/ethernet/net/eth_ipcsum.c,ipcsum_repair_in_place,,,
Emulated.HW/Common/Network/IpChecksumRepair.cs:220:method:PseudoHeaderSum,PLANNED,src/devices/ethernet/net/eth_ipcsum.c,ipcsum_pseudo_header_sum,,,
Emulated.HW/Common/Network/IpChecksumRepair.cs:234:method:Sum16,PLANNED,src/devices/ethernet/net/eth_ipcsum.c,ipcsum_sum16,,,
Emulated.HW/Common/Network/IpChecksumRepair.cs:254:method:Fold,PLANNED,src/devices/ethernet/net/eth_ipcsum.c,ipcsum_fold,,,
Emulated.HW/Common/Network/IpChecksumRepair.cs:264:method:Ones16,PLANNED,src/devices/ethernet/net/eth_ipcsum.c,ipcsum_ones16,,,
